100,1,13:35:36,13:35:37,1.3228756555322954
100,2,13:35:37,13:35:38,2.8695600708122493
100,3,13:35:38,13:35:38,1.299038105676658
100,4,13:35:38,13:35:39,1.6393596310755
100,5,13:35:39,13:35:40,2.057759704144291
100,6,13:35:40,13:35:40,1.8708286933869707
100,7,13:35:40,13:35:41,2.117634293262177
100,8,13:35:41,13:35:42,2.4159335036125373
100,9,13:35:42,13:35:42,2.216659704806667
100,10,13:35:42,13:35:43,2.0879116360612584
100,11,13:35:43,13:35:43,1.7853571071357126
100,12,13:35:43,13:35:44,1.9364916731037085
100,13,13:35:44,13:35:45,1.6659862556700857
100,14,13:35:45,13:35:45,2.48746859276655
100,15,13:35:45,13:35:46,2.817356917396161
100,16,13:35:46,13:35:47,2.8476964374736293
100,17,13:35:47,13:35:47,1.8724777273725242
100,18,13:35:47,13:35:48,1.5761900266148114
100,19,13:35:48,13:35:49,1.4142135623730951
100,20,13:35:49,13:35:49,2.057759704144291
200,1,13:35:49,13:35:51,1.3635890143294642
200,2,13:35:51,13:35:52,1.2183492931011204
200,3,13:35:52,13:35:53,1.984313483298443
200,4,13:35:53,13:35:54,1.0897247358851685
200,5,13:35:54,13:35:56,1.2686114456365274
200,6,13:35:56,13:35:57,2.341874249399399
200,7,13:35:57,13:35:58,1.0
200,8,13:35:58,13:35:59,2.0463381929681126
200,9,13:35:59,13:36:00,1.1989578808281798
200,10,13:36:00,13:36:02,1.3919410907075054
200,11,13:36:02,13:36:03,1.1989578808281798
200,12,13:36:03,13:36:04,2.331844763272204
200,13,13:36:04,13:36:06,0.8569568250501305
200,14,13:36:06,13:36:07,2.117634293262177
200,15,13:36:07,13:36:08,1.7633419974582356
200,16,13:36:08,13:36:09,1.3228756555322954
200,17,13:36:09,13:36:11,1.3919410907075054
200,18,13:36:11,13:36:12,1.996089927833914
200,19,13:36:12,13:36:13,1.3228756555322954
200,20,13:36:13,13:36:14,1.4947825928876748
300,1,13:36:14,13:36:16,1.5
300,2,13:36:16,13:36:18,1.6153559979150107
300,3,13:36:18,13:36:20,1.4740554623801778
300,4,13:36:20,13:36:22,1.3919410907075054
300,5,13:36:22,13:36:24,1.224744871391589
300,6,13:36:24,13:36:25,1.8666480653835098
300,7,13:36:25,13:36:27,1.8708286933869707
300,8,13:36:27,13:36:29,1.479019945774904
300,9,13:36:29,13:36:31,1.653594569415369
300,10,13:36:31,13:36:33,1.8708286933869707
300,11,13:36:33,13:36:35,2.1946130708196026
300,12,13:36:35,13:36:37,1.4947825928876748
300,13,13:36:37,13:36:39,2.598076211353316
300,14,13:36:39,13:36:40,1.920286436967152
300,15,13:36:40,13:36:42,1.5
300,16,13:36:42,13:36:44,1.6909686573085854
300,17,13:36:44,13:36:46,1.7633419974582356
300,18,13:36:46,13:36:48,1.479019945774904
300,19,13:36:48,13:36:50,1.4523687548277813
300,20,13:36:50,13:36:51,2.0548046676563256
400,1,13:36:51,13:36:54,1.2686114456365274
400,2,13:36:54,13:36:57,1.1110243021644486
400,3,13:36:57,13:36:59,1.165922381636102
400,4,13:36:59,13:37:02,0.8569568250501305
400,5,13:37:02,13:37:04,1.6996731711975948
400,6,13:37:04,13:37:07,1.8708286933869707
400,7,13:37:07,13:37:09,1.479019945774904
400,8,13:37:09,13:37:12,1.899835519196333
400,9,13:37:12,13:37:14,1.299038105676658
400,10,13:37:14,13:37:17,1.6153559979150107
400,11,13:37:17,13:37:19,1.6903085094570331
400,12,13:37:19,13:37:22,0.6959705453537527
400,13,13:37:22,13:37:24,1.165922381636102
400,14,13:37:24,13:37:27,1.479019945774904
400,15,13:37:27,13:37:29,1.165922381636102
400,16,13:37:29,13:37:32,2.277608394786075
400,17,13:37:32,13:37:35,1.299038105676658
400,18,13:37:35,13:37:37,1.5360257159305635
400,19,13:37:37,13:37:40,1.4523687548277813
400,20,13:37:40,13:37:43,1.5612494995995996
500,1,13:37:43,13:37:46,1.0999438818457405
500,2,13:37:46,13:37:49,0.82915619758885
500,3,13:37:49,13:37:52,1.1989578808281798
500,4,13:37:52,13:37:56,1.5811388300841898
500,5,13:37:56,13:37:59,0.9270248108869579
500,6,13:37:59,13:38:02,1.4086784586980805
500,7,13:38:02,13:38:05,0.6959705453537527
500,8,13:38:05,13:38:08,1.165922381636102
500,9,13:38:08,13:38:11,1.2936264483053452
500,10,13:38:11,13:38:14,1.6583123951777
500,11,13:38:14,13:38:18,1.0540925533894598
500,12,13:38:18,13:38:21,1.1110243021644486
500,13,13:38:21,13:38:24,1.479019945774904
500,14,13:38:24,13:38:27,1.920286436967152
500,15,13:38:27,13:38:30,1.7638342073763937
500,16,13:38:30,13:38:34,1.4523687548277813
500,17,13:38:34,13:38:37,0.8569568250501305
500,18,13:38:37,13:38:40,0.8569568250501305
500,19,13:38:40,13:38:43,1.0897247358851685
500,20,13:38:43,13:38:46,1.6153559979150107
600,1,13:38:46,13:38:50,0.8569568250501305
600,2,13:38:50,13:38:54,1.299038105676658
600,3,13:38:54,13:38:58,1.4523687548277813
600,4,13:38:58,13:39:02,1.0532687216470449
600,5,13:39:02,13:39:05,0.8660254037844386
600,6,13:39:05,13:39:09,1.4086784586980805
600,7,13:39:09,13:39:13,1.2686114456365274
600,8,13:39:13,13:39:17,1.4947825928876748
600,9,13:39:17,13:39:21,1.224744871391589
600,10,13:39:21,13:39:25,0.6614378277661477
600,11,13:39:25,13:39:29,1.0
600,12,13:39:29,13:39:32,0.9428090415820634
600,13,13:39:32,13:39:36,0.7806247497997998
600,14,13:39:36,13:39:40,1.4142135623730951
600,15,13:39:40,13:39:45,1.6329931618554518
600,16,13:39:45,13:39:48,1.0
600,17,13:39:48,13:39:52,2.6896793489187516
600,18,13:39:52,13:39:56,1.3635890143294642
600,19,13:39:56,13:40:00,1.299038105676658
600,20,13:40:00,13:40:04,1.0532687216470449
700,1,13:40:04,13:40:09,1.3635890143294642
700,2,13:40:09,13:40:14,0.9270248108869579
700,3,13:40:14,13:40:18,0.8806305718527109
700,4,13:40:18,13:40:22,0.9921567416492215
700,5,13:40:22,13:40:27,1.2686114456365274
700,6,13:40:27,13:40:31,1.2183492931011204
700,7,13:40:31,13:40:36,1.1653431646335017
700,8,13:40:36,13:40:40,0.9921567416492215
700,9,13:40:40,13:40:45,1.2686114456365274
700,10,13:40:45,13:40:49,0.9270248108869579
700,11,13:40:49,13:40:54,1.7320508075688772
700,12,13:40:54,13:40:58,1.1110243021644486
700,13,13:40:58,13:41:03,0.8660254037844386
700,14,13:41:03,13:41:07,1.118033988749895
700,15,13:41:07,13:41:11,1.224744871391589
700,16,13:41:11,13:41:16,1.3635890143294642
700,17,13:41:16,13:41:20,0.82915619758885
700,18,13:41:20,13:41:25,1.4086784586980805
700,19,13:41:25,13:41:29,0.7806247497997998
700,20,13:41:29,13:41:34,1.5360257159305635
800,1,13:41:34,13:41:39,1.4142135623730951
800,2,13:41:39,13:41:44,1.3919410907075054
800,3,13:41:44,13:41:49,1.224744871391589
800,4,13:41:49,13:41:54,0.9682458365518543
800,5,13:41:54,13:41:58,1.118033988749895
800,6,13:41:58,13:42:03,1.0
800,7,13:42:03,13:42:08,1.479019945774904
800,8,13:42:08,13:42:13,1.996089927833914
800,9,13:42:13,13:42:18,1.6153559979150107
800,10,13:42:18,13:42:22,1.2183492931011204
800,11,13:42:22,13:42:27,1.1110243021644486
800,12,13:42:27,13:42:32,1.4086784586980805
800,13,13:42:32,13:42:37,1.224744871391589
800,14,13:42:37,13:42:42,1.8666480653835098
800,15,13:42:42,13:42:47,0.7806247497997998
800,16,13:42:47,13:42:51,1.7853571071357126
800,17,13:42:51,13:42:56,1.3169567191065923
800,18,13:42:56,13:43:01,1.6153559979150107
800,19,13:43:01,13:43:06,1.118033988749895
800,20,13:43:06,13:43:11,1.3635890143294642
900,1,13:43:11,13:43:16,1.4523687548277813
900,2,13:43:16,13:43:22,1.7320508075688772
900,3,13:43:22,13:43:27,1.1989578808281798
900,4,13:43:27,13:43:32,1.178030178747903
900,5,13:43:32,13:43:38,1.3635890143294642
900,6,13:43:38,13:43:43,0.9682458365518543
900,7,13:43:43,13:43:48,1.6583123951777
900,8,13:43:48,13:43:54,1.5
900,9,13:43:54,13:44:00,1.6153559979150107
900,10,13:44:00,13:44:05,1.030402055055078
900,11,13:44:05,13:44:11,1.3635890143294642
900,12,13:44:11,13:44:16,1.4523687548277813
900,13,13:44:16,13:44:22,1.3169567191065923
900,14,13:44:22,13:44:27,1.3228756555322954
900,15,13:44:27,13:44:33,1.118033988749895
900,16,13:44:33,13:44:38,1.3919410907075054
900,17,13:44:38,13:44:43,1.964529205687714
900,18,13:44:43,13:44:49,1.3228756555322954
900,19,13:44:49,13:44:55,0.9270248108869579
900,20,13:44:55,13:45:00,1.4947825928876748
1000,1,13:45:00,13:45:06,1.3169567191065923
1000,2,13:45:06,13:45:12,1.2686114456365274
1000,3,13:45:12,13:45:19,1.224744871391589
1000,4,13:45:19,13:45:25,1.8666480653835098
1000,5,13:45:25,13:45:31,1.3635890143294642
1000,6,13:45:31,13:45:37,0.7071067811865476
1000,7,13:45:37,13:45:43,1.5634719199411429
1000,8,13:45:43,13:45:49,1.6909686573085854
1000,9,13:45:49,13:45:55,1.0897247358851685
1000,10,13:45:55,13:46:01,1.5761900266148114
1000,11,13:46:01,13:46:07,1.299038105676658
1000,12,13:46:07,13:46:13,1.3635890143294642
1000,13,13:46:13,13:46:19,1.4947825928876748
1000,14,13:46:19,13:46:25,1.1110243021644486
1000,15,13:46:25,13:46:31,1.299038105676658
1000,16,13:46:31,13:46:37,1.6393596310755
1000,17,13:46:37,13:46:42,1.1605769149479943
1000,18,13:46:42,13:46:48,0.9921567416492215
1000,19,13:46:48,13:46:54,1.1989578808281798
1000,20,13:46:54,13:47:00,1.0532687216470449
100,1,17:01:01,17:01:02,2.222048604328897
100,2,17:01:02,17:01:02,1.7275343701356567
100,3,17:01:02,17:01:03,2.381904571504724
100,4,17:01:03,17:01:03,1.299038105676658
100,5,17:01:03,17:01:04,1.5
100,6,17:01:04,17:01:05,1.8724777273725242
100,7,17:01:05,17:01:05,2.0061633428075325
100,8,17:01:05,17:01:06,1.653594569415369
100,9,17:01:06,17:01:07,3.122498999199199
100,10,17:01:07,17:01:07,2.6666666666666665
100,11,17:01:07,17:01:08,2.0463381929681126
100,12,17:01:08,17:01:08,2.496873044429772
100,13,17:01:08,17:01:09,2.6190408549696205
100,14,17:01:09,17:01:10,1.8328597873268975
100,15,17:01:10,17:01:10,2.078698548207745
100,16,17:01:10,17:01:11,2.222048604328897
100,17,17:01:11,17:01:12,0.9682458365518543
100,18,17:01:12,17:01:12,2.117634293262177
100,19,17:01:12,17:01:13,2.057759704144291
100,20,17:01:13,17:01:13,2.165063509461097
200,1,17:01:13,17:01:15,1.8666480653835098
200,2,17:01:15,17:01:16,1.713913650100261
200,3,17:01:16,17:01:17,1.996089927833914
200,4,17:01:17,17:01:18,1.5360257159305635
200,5,17:01:18,17:01:20,2.1213203435596424
200,6,17:01:20,17:01:21,2.345207879911715
200,7,17:01:21,17:01:22,1.6153559979150107
200,8,17:01:22,17:01:23,1.0
200,9,17:01:23,17:01:25,2.117634293262177
200,10,17:01:25,17:01:26,1.920286436967152
200,11,17:01:26,17:01:27,2.8695600708122493
200,12,17:01:27,17:01:28,1.964529205687714
200,13,17:01:28,17:01:30,1.1110243021644486
200,14,17:01:30,17:01:31,1.3228756555322954
200,15,17:01:31,17:01:32,1.5
200,16,17:01:32,17:01:34,1.299038105676658
200,17,17:01:34,17:01:35,0.7806247497997998
200,18,17:01:35,17:01:36,2.331844763272204
200,19,17:01:36,17:01:37,1.0532687216470449
200,20,17:01:37,17:01:39,1.6583123951777
300,1,17:01:39,17:01:41,0.9270248108869579
300,2,17:01:41,17:01:43,1.713913650100261
300,3,17:01:43,17:01:44,1.7275343701356567
300,4,17:01:44,17:01:46,1.2183492931011204
300,5,17:01:46,17:01:48,2.8912583765550943
300,6,17:01:48,17:01:51,1.0532687216470449
300,7,17:01:51,17:01:53,2.7128168017763383
300,8,17:01:53,17:01:55,1.165922381636102
300,9,17:01:55,17:01:57,1.9364916731037085
300,10,17:01:57,17:01:59,1.920286436967152
300,11,17:01:59,17:02:00,1.299038105676658
300,12,17:02:00,17:02:02,2.521780125229002
300,13,17:02:02,17:02:04,1.165922381636102
300,14,17:02:04,17:02:06,1.118033988749895
300,15,17:02:06,17:02:08,1.5612494995995996
300,16,17:02:08,17:02:10,1.3635890143294642
300,17,17:02:10,17:02:12,1.0897247358851685
300,18,17:02:12,17:02:14,2.7585095613392387
300,19,17:02:14,17:02:16,1.165922381636102
300,20,17:02:16,17:02:18,1.7275343701356567
400,1,17:02:18,17:02:20,1.0897247358851685
400,2,17:02:20,17:02:23,1.8666480653835098
400,3,17:02:23,17:02:25,1.4086784586980805
400,4,17:02:25,17:02:28,1.7275343701356567
400,5,17:02:28,17:02:30,1.964529205687714
400,6,17:02:30,17:02:33,2.0879116360612584
400,7,17:02:33,17:02:35,1.4142135623730951
400,8,17:02:35,17:02:38,0.82915619758885
400,9,17:02:38,17:02:40,1.0
400,10,17:02:40,17:02:43,1.2183492931011204
400,11,17:02:43,17:02:45,1.0897247358851685
400,12,17:02:45,17:02:48,1.3169567191065923
400,13,17:02:48,17:02:50,1.7853571071357126
400,14,17:02:50,17:02:53,0.7071067811865476
400,15,17:02:53,17:02:56,0.8660254037844386
400,16,17:02:56,17:02:58,0.9270248108869579
400,17,17:02:58,17:03:01,1.2183492931011204
400,18,17:03:01,17:03:03,2.2325713874364688
400,19,17:03:03,17:03:06,1.1989578808281798
400,20,17:03:06,17:03:08,0.9921567416492215
500,1,17:03:08,17:03:11,1.165922381636102
500,2,17:03:11,17:03:14,1.4523687548277813
500,3,17:03:14,17:03:18,1.8666480653835098
500,4,17:03:18,17:03:21,1.1967032904743342
500,5,17:03:21,17:03:24,1.5612494995995996
500,6,17:03:24,17:03:27,1.5761900266148114
500,7,17:03:27,17:03:30,1.227262335243029
500,8,17:03:30,17:03:34,1.227262335243029
500,9,17:03:34,17:03:37,1.996089927833914
500,10,17:03:37,17:03:40,1.124858267715973
500,11,17:03:40,17:03:43,1.4142135623730951
500,12,17:03:43,17:03:46,1.79843682124227
500,13,17:03:46,17:03:49,1.6909686573085854
500,14,17:03:49,17:03:52,1.0532687216470449
500,15,17:03:52,17:03:55,1.4487116456005884
500,16,17:03:55,17:03:58,1.165922381636102
500,17,17:03:58,17:04:02,2.078698548207745
500,18,17:04:02,17:04:05,1.3635890143294642
500,19,17:04:05,17:04:08,0.9921567416492215
500,20,17:04:08,17:04:11,0.9921567416492215
600,1,17:04:11,17:04:15,0.9921567416492215
600,2,17:04:15,17:04:19,1.7853571071357126
600,3,17:04:19,17:04:22,1.5360257159305635
600,4,17:04:22,17:04:26,1.5761900266148114
600,5,17:04:26,17:04:30,1.479019945774904
600,6,17:04:30,17:04:34,1.1989578808281798
600,7,17:04:34,17:04:37,1.4523687548277813
600,8,17:04:37,17:04:41,0.8748897637790901
600,9,17:04:41,17:04:45,1.5
600,10,17:04:45,17:04:49,1.4947825928876748
600,11,17:04:49,17:04:52,1.4142135623730951
600,12,17:04:52,17:04:56,1.8328597873268975
600,13,17:04:56,17:05:00,1.0999438818457405
600,14,17:05:00,17:05:04,1.165922381636102
600,15,17:05:04,17:05:07,2.1065374432940898
600,16,17:05:07,17:05:11,1.479019945774904
600,17,17:05:11,17:05:15,1.2183492931011204
600,18,17:05:15,17:05:19,1.224744871391589
600,19,17:05:19,17:05:22,1.4523687548277813
600,20,17:05:22,17:05:26,1.1110243021644486
700,1,17:05:26,17:05:31,1.5612494995995996
700,2,17:05:31,17:05:35,0.9270248108869579
700,3,17:05:35,17:05:40,1.3919410907075054
700,4,17:05:40,17:05:44,1.4086784586980805
700,5,17:05:44,17:05:49,1.165922381636102
700,6,17:05:49,17:05:53,0.6959705453537527
700,7,17:05:53,17:05:57,1.118033988749895
700,8,17:05:57,17:06:02,1.257078722109418
700,9,17:06:02,17:06:06,0.82915619758885
700,10,17:06:06,17:06:11,0.8660254037844386
700,11,17:06:11,17:06:15,0.9921567416492215
700,12,17:06:15,17:06:19,0.8569568250501305
700,13,17:06:19,17:06:24,1.299038105676658
700,14,17:06:24,17:06:28,1.5612494995995996
700,15,17:06:28,17:06:32,1.3169567191065923
700,16,17:06:32,17:06:37,0.9558139185602919
700,17,17:06:37,17:06:41,1.6329931618554518
700,18,17:06:41,17:06:46,1.2183492931011204
700,19,17:06:46,17:06:50,1.1653431646335017
700,20,17:06:50,17:06:55,1.0897247358851685
800,1,17:06:55,17:07:00,1.4142135623730951
800,2,17:07:00,17:07:05,1.3635890143294642
800,3,17:07:05,17:07:10,1.165922381636102
800,4,17:07:10,17:07:14,1.713913650100261
800,5,17:07:14,17:07:19,1.4086784586980805
800,6,17:07:19,17:07:24,0.82915619758885
800,7,17:07:24,17:07:29,1.0
800,8,17:07:29,17:07:34,1.224744871391589
800,9,17:07:34,17:07:39,0.82915619758885
800,10,17:07:39,17:07:44,1.6393596310755
800,11,17:07:44,17:07:49,1.3919410907075054
800,12,17:07:49,17:07:54,1.79843682124227
800,13,17:07:54,17:07:59,0.6959705453537527
800,14,17:07:59,17:08:04,1.6393596310755
800,15,17:08:04,17:08:09,1.713913650100261
800,16,17:08:09,17:08:14,0.7806247497997998
800,17,17:08:14,17:08:19,1.2183492931011204
800,18,17:08:19,17:08:24,1.8070158058105024
800,19,17:08:24,17:08:29,0.7071067811865476
800,20,17:08:29,17:08:34,1.1110243021644486
900,1,17:08:34,17:08:40,0.8660254037844386
900,2,17:08:40,17:08:45,0.6959705453537527
900,3,17:08:45,17:08:51,1.0532687216470449
900,4,17:08:51,17:08:57,1.984313483298443
900,5,17:08:57,17:09:02,0.9682458365518543
900,6,17:09:02,17:09:08,1.4086784586980805
900,7,17:09:08,17:09:13,0.9682458365518543
900,8,17:09:13,17:09:19,1.5360257159305635
900,9,17:09:19,17:09:24,0.82915619758885
900,10,17:09:24,17:09:30,0.9682458365518543
900,11,17:09:30,17:09:36,1.247219128924647
900,12,17:09:36,17:09:41,1.0897247358851685
900,13,17:09:41,17:09:47,1.5360257159305635
900,14,17:09:47,17:09:52,1.5360257159305635
900,15,17:09:52,17:09:58,1.4947825928876748
900,16,17:09:58,17:10:04,1.5612494995995996
900,17,17:10:04,17:10:09,1.0532687216470449
900,18,17:10:09,17:10:15,1.0
900,19,17:10:15,17:10:21,1.5811388300841898
900,20,17:10:21,17:10:27,1.4229164972072998
1000,1,17:10:27,17:10:32,0.8806305718527109
1000,2,17:10:32,17:10:39,1.3228756555322954
1000,3,17:10:39,17:10:45,1.713913650100261
1000,4,17:10:45,17:10:51,1.1989578808281798
1000,5,17:10:51,17:10:57,1.8121673811444545
1000,6,17:10:57,17:11:04,1.6583123951777
1000,7,17:11:04,17:11:10,1.299038105676658
1000,8,17:11:10,17:11:16,1.0897247358851685
1000,9,17:11:16,17:11:22,1.7320508075688772
1000,10,17:11:22,17:11:29,0.9270248108869579
1000,11,17:11:29,17:11:35,1.7916128329552332
1000,12,17:11:35,17:11:41,0.9921567416492215
1000,13,17:11:41,17:11:47,1.0897247358851685
1000,14,17:11:47,17:11:54,1.5612494995995996
1000,15,17:11:54,17:12:00,2.0
1000,16,17:12:00,17:12:06,0.6614378277661477
1000,17,17:12:06,17:12:12,1.4142135623730951
1000,18,17:12:12,17:12:18,1.5811388300841898
1000,19,17:12:18,17:12:25,1.5
1000,20,17:12:25,17:12:31,0.8660254037844386
100,1,20:08:25,20:08:26,1.3228756555322954
100,2,20:08:26,20:08:27,2.117634293262177
100,3,20:08:27,20:08:27,1.79843682124227
100,4,20:08:27,20:08:28,2.0879116360612584
100,5,20:08:28,20:08:28,2.5495097567963922
100,6,20:08:28,20:08:29,2.5708704751503917
100,7,20:08:29,20:08:30,1.899835519196333
100,8,20:08:30,20:08:30,1.4568627181693672
100,9,20:08:30,20:08:31,2.0503857277724746
100,10,20:08:31,20:08:31,2.436698586202241
100,11,20:08:31,20:08:32,2.8034576865007255
100,12,20:08:32,20:08:33,2.449489742783178
100,13,20:08:33,20:08:33,2.057759704144291
100,14,20:08:33,20:08:34,1.7853571071357126
100,15,20:08:34,20:08:34,1.2183492931011204
100,16,20:08:34,20:08:35,2.3979157616563596
100,17,20:08:35,20:08:36,1.713913650100261
100,18,20:08:36,20:08:36,2.1213203435596424
100,19,20:08:36,20:08:37,2.1081851067789197
100,20,20:08:37,20:08:38,0.7071067811865476
200,1,20:08:38,20:08:39,2.5724082006200497
200,2,20:08:39,20:08:40,1.653594569415369
200,3,20:08:40,20:08:41,0.9682458365518543
200,4,20:08:41,20:08:42,2.282515398241571
200,5,20:08:42,20:08:44,2.943920288775949
200,6,20:08:44,20:08:45,1.0897247358851685
200,7,20:08:45,20:08:46,0.8660254037844386
200,8,20:08:46,20:08:47,1.9324531042175384
200,9,20:08:47,20:08:48,0.989743318610787
200,10,20:08:48,20:08:50,1.7275343701356567
200,11,20:08:50,20:08:51,1.7275343701356567
200,12,20:08:51,20:08:52,1.79843682124227
200,13,20:08:52,20:08:53,1.0
200,14,20:08:53,20:08:55,0.82915619758885
200,15,20:08:55,20:08:56,1.6153559979150107
200,16,20:08:56,20:08:57,1.2686114456365274
200,17,20:08:57,20:08:58,1.653594569415369
200,18,20:08:58,20:08:59,1.4086784586980805
200,19,20:08:59,20:09:01,1.6909686573085854
200,20,20:09:01,20:09:02,2.1213203435596424
300,1,20:09:02,20:09:04,1.3635890143294642
300,2,20:09:04,20:09:05,1.0897247358851685
300,3,20:09:05,20:09:07,1.2183492931011204
300,4,20:09:07,20:09:09,1.0897247358851685
300,5,20:09:09,20:09:11,0.9682458365518543
300,6,20:09:11,20:09:13,0.8569568250501305
300,7,20:09:13,20:09:15,1.0532687216470449
300,8,20:09:15,20:09:16,1.0
300,9,20:09:16,20:09:18,1.8328597873268975
300,10,20:09:18,20:09:20,2.1213203435596424
300,11,20:09:20,20:09:22,1.5
300,12,20:09:22,20:09:23,1.3635890143294642
300,13,20:09:23,20:09:25,1.6393596310755
300,14,20:09:25,20:09:27,2.027159342528357
300,15,20:09:27,20:09:29,1.479019945774904
300,16,20:09:29,20:09:31,1.3919410907075054
300,17,20:09:31,20:09:32,0.82915619758885
300,18,20:09:32,20:09:34,1.0897247358851685
300,19,20:09:34,20:09:36,1.5761900266148114
300,20,20:09:36,20:09:38,1.4142135623730947
400,1,20:09:38,20:09:41,1.224744871391589
400,2,20:09:41,20:09:43,2.027159342528357
400,3,20:09:43,20:09:45,1.5612494995995996
400,4,20:09:45,20:09:48,0.9270248108869579
400,5,20:09:48,20:09:50,1.4142135623730951
400,6,20:09:50,20:09:52,1.4523687548277813
400,7,20:09:52,20:09:55,1.4086784586980805
400,8,20:09:55,20:09:57,1.7069212773041353
400,9,20:09:57,20:10:00,1.1989578808281798
400,10,20:10:00,20:10:02,1.0897247358851685
400,11,20:10:02,20:10:05,1.7633419974582356
400,12,20:10:05,20:10:07,1.247219128924647
400,13,20:10:07,20:10:10,1.2183492931011204
400,14,20:10:10,20:10:12,2.0463381929681126
400,15,20:10:12,20:10:15,0.8660254037844386
400,16,20:10:15,20:10:17,1.165922381636102
400,17,20:10:17,20:10:20,1.653594569415369
400,18,20:10:20,20:10:22,1.1989578808281798
400,19,20:10:22,20:10:24,1.7633419974582356
400,20,20:10:24,20:10:27,1.4947825928876748
500,1,20:10:27,20:10:30,2.1065374432940898
500,2,20:10:30,20:10:33,1.1110243021644486
500,3,20:10:33,20:10:36,1.1110243021644486
500,4,20:10:36,20:10:39,1.165922381636102
500,5,20:10:39,20:10:42,0.9682458365518543
500,6,20:10:42,20:10:45,1.165922381636102
500,7,20:10:45,20:10:48,1.7275343701356567
500,8,20:10:48,20:10:51,0.989743318610787
500,9,20:10:51,20:10:53,0.82915619758885
500,10,20:10:53,20:10:56,1.479019945774904
500,11,20:10:56,20:10:59,1.7633419974582356
500,12,20:10:59,20:11:02,0.6614378277661477
500,13,20:11:02,20:11:05,1.8708286933869707
500,14,20:11:05,20:11:08,1.4086784586980805
500,15,20:11:08,20:11:11,1.4142135623730951
500,16,20:11:11,20:11:14,1.118033988749895
500,17,20:11:14,20:11:17,1.930905244109196
500,18,20:11:17,20:11:20,1.5360257159305635
500,19,20:11:20,20:11:23,1.5612494995995996
500,20,20:11:23,20:11:26,1.4947825928876748
600,1,20:11:26,20:11:30,1.3169567191065923
600,2,20:11:30,20:11:34,1.2686114456365274
600,3,20:11:34,20:11:37,0.8569568250501305
600,4,20:11:37,20:11:41,1.0
600,5,20:11:41,20:11:45,1.0
600,6,20:11:45,20:11:48,1.165922381636102
600,7,20:11:48,20:11:52,1.0
600,8,20:11:52,20:11:56,1.224744871391589
600,9,20:11:56,20:12:00,1.0897247358851685
600,10,20:12:00,20:12:03,1.4142135623730951
600,11,20:12:03,20:12:07,1.3919410907075054
600,12,20:12:07,20:12:11,2.117634293262177
600,13,20:12:11,20:12:15,0.9428090415820634
600,14,20:12:15,20:12:18,1.224744871391589
600,15,20:12:18,20:12:22,1.0897247358851685
600,16,20:12:22,20:12:26,1.3635890143294642
600,17,20:12:26,20:12:30,1.8540496217739157
600,18,20:12:30,20:12:34,1.0
600,19,20:12:34,20:12:37,1.479019945774904
600,20,20:12:37,20:12:41,1.3228756555322954
700,1,20:12:41,20:12:45,2.0879116360612584
700,2,20:12:45,20:12:50,1.1653431646335017
700,3,20:12:50,20:12:54,1.1110243021644486
700,4,20:12:54,20:12:58,2.368411915187052
700,5,20:12:58,20:13:03,1.3635890143294642
700,6,20:13:03,20:13:07,1.4142135623730951
700,7,20:13:07,20:13:12,0.82915619758885
700,8,20:13:12,20:13:16,1.4086784586980805
700,9,20:13:16,20:13:20,0.9682458365518543
700,10,20:13:20,20:13:25,0.5994789404140899
700,11,20:13:25,20:13:29,1.0532687216470449
700,12,20:13:29,20:13:33,0.8660254037844386
700,13,20:13:33,20:13:38,1.0532687216470449
700,14,20:13:38,20:13:42,1.4142135623730951
700,15,20:13:42,20:13:46,1.0532687216470449
700,16,20:13:46,20:13:51,1.6393596310755
700,17,20:13:51,20:13:55,1.3228756555322954
700,18,20:13:55,20:13:59,2.2603926650031405
700,19,20:13:59,20:14:04,1.479019945774904
700,20,20:14:04,20:14:08,1.4523687548277813
800,1,20:14:08,20:14:13,1.3228756555322954
800,2,20:14:13,20:14:18,2.1758618981911515
800,3,20:14:18,20:14:23,1.4947825928876748
800,4,20:14:23,20:14:28,1.6583123951777
800,5,20:14:28,20:14:33,1.3635890143294642
800,6,20:14:33,20:14:38,0.7071067811865476
800,7,20:14:38,20:14:43,1.3169567191065923
800,8,20:14:43,20:14:48,1.6393596310755
800,9,20:14:48,20:14:53,1.2777531299998797
800,10,20:14:53,20:14:58,1.8708286933869707
800,11,20:14:58,20:15:03,1.1989578808281798
800,12,20:15:03,20:15:08,1.165922381636102
800,13,20:15:08,20:15:12,1.1989578808281798
800,14,20:15:12,20:15:17,1.2183492931011204
800,15,20:15:17,20:15:22,1.6583123951777
800,16,20:15:22,20:15:27,1.7853571071357126
800,17,20:15:27,20:15:31,0.8660254037844386
800,18,20:15:31,20:15:36,1.479019945774904
800,19,20:15:36,20:15:41,0.9270248108869579
800,20,20:15:41,20:15:45,1.1989578808281798
900,1,20:15:45,20:15:51,1.1110243021644486
900,2,20:15:51,20:15:56,1.1110243021644486
900,3,20:15:56,20:16:02,0.9270248108869579
900,4,20:16:02,20:16:07,1.7275343701356567
900,5,20:16:07,20:16:12,1.3169567191065923
900,6,20:16:12,20:16:18,1.2183492931011204
900,7,20:16:18,20:16:23,0.8569568250501305
900,8,20:16:23,20:16:28,1.118033988749895
900,9,20:16:28,20:16:34,1.1989578808281798
900,10,20:16:34,20:16:39,1.4947825928876748
900,11,20:16:39,20:16:45,1.479019945774904
900,12,20:16:45,20:16:50,1.5612494995995996
900,13,20:16:50,20:16:55,1.1989578808281798
900,14,20:16:55,20:17:01,1.7069212773041353
900,15,20:17:01,20:17:06,1.1110243021644486
900,16,20:17:06,20:17:11,1.5612494995995996
900,17,20:17:11,20:17:17,1.4947825928876748
900,18,20:17:17,20:17:22,0.7284313590846836
900,19,20:17:22,20:17:27,0.8569568250501305
900,20,20:17:27,20:17:33,1.749635530559413
1000,1,20:17:33,20:17:38,0.9921567416492215
1000,2,20:17:38,20:17:44,1.2686114456365274
1000,3,20:17:44,20:17:50,1.299038105676658
1000,4,20:17:50,20:17:56,1.0
1000,5,20:17:56,20:18:02,1.3228756555322954
1000,6,20:18:02,20:18:08,1.299038105676658
1000,7,20:18:08,20:18:14,1.7275343701356567
1000,8,20:18:14,20:18:20,1.0532687216470449
1000,9,20:18:20,20:18:26,1.118033988749895
1000,10,20:18:26,20:18:32,1.2183492931011204
1000,11,20:18:32,20:18:38,1.5811388300841898
1000,12,20:18:38,20:18:44,2.057759704144291
1000,13,20:18:44,20:18:49,1.0897247358851685
1000,14,20:18:49,20:18:55,1.4846149779161806
1000,15,20:18:55,20:19:01,1.0532687216470449
1000,16,20:19:01,20:19:07,1.3635890143294642
1000,17,20:19:07,20:19:13,1.3169567191065923
1000,18,20:19:13,20:19:19,1.2183492931011204
1000,19,20:19:19,20:19:25,0.9921567416492215
1000,20,20:19:25,20:19:31,1.0
100,1,23:19:25,23:19:25,2.23330569358242
100,2,23:19:25,23:19:26,2.7357585785299112
100,3,23:19:26,23:19:27,2.341874249399399
100,4,23:19:27,23:19:27,2.345207879911715
100,5,23:19:27,23:19:28,1.8844151368961313
100,6,23:19:28,23:19:28,1.224744871391589
100,7,23:19:28,23:19:29,1.9364916731037085
100,8,23:19:29,23:19:30,1.474055462380178
100,9,23:19:30,23:19:31,2.5495097567963922
100,10,23:19:31,23:19:31,2.1852940772540506
100,11,23:19:31,23:19:32,2.179449471770337
100,12,23:19:32,23:19:32,1.5360257159305635
100,13,23:19:32,23:19:33,1.5761900266148114
100,14,23:19:33,23:19:34,2.0
100,15,23:19:34,23:19:34,2.179449471770337
100,16,23:19:34,23:19:35,1.6583123951777
100,17,23:19:35,23:19:36,2.2878756522153907
100,18,23:19:36,23:19:36,2.2325713874364688
100,19,23:19:36,23:19:37,2.2314999074019015
100,20,23:19:37,23:19:37,1.640535895581489
200,1,23:19:37,23:19:39,1.6909686573085854
200,2,23:19:39,23:19:40,1.2183492931011204
200,3,23:19:40,23:19:41,1.0
200,4,23:19:41,23:19:43,1.5612494995995996
200,5,23:19:43,23:19:44,1.165922381636102
200,6,23:19:44,23:19:45,1.6393596310755
200,7,23:19:45,23:19:46,2.0879116360612584
200,8,23:19:46,23:19:47,1.4740554623801778
200,9,23:19:47,23:19:49,1.1989578808281798
200,10,23:19:49,23:19:50,2.165063509461097
200,11,23:19:50,23:19:51,1.2183492931011204
200,12,23:19:51,23:19:53,1.0304020550550783
200,13,23:19:53,23:19:54,1.5
200,14,23:19:54,23:19:55,1.7284832429004493
200,15,23:19:55,23:19:56,1.6393596310755
200,16,23:19:56,23:19:58,1.1110243021644486
200,17,23:19:58,23:19:59,1.0532687216470449
200,18,23:19:59,23:20:00,1.3919410907075054
200,19,23:20:00,23:20:01,1.6909686573085854
200,20,23:20:01,23:20:03,1.3169567191065923
300,1,23:20:03,23:20:05,0.9682458365518543
300,2,23:20:05,23:20:06,0.8569568250501305
300,3,23:20:06,23:20:08,2.537222891273055
300,4,23:20:08,23:20:10,1.5761900266148114
300,5,23:20:10,23:20:12,1.5612494995995996
300,6,23:20:12,23:20:14,1.4947825928876748
300,7,23:20:14,23:20:16,1.996089927833914
300,8,23:20:16,23:20:18,1.713913650100261
300,9,23:20:18,23:20:20,1.4523687548277813
300,10,23:20:20,23:20:22,1.7633419974582356
300,11,23:20:22,23:20:24,1.4142135623730951
300,12,23:20:24,23:20:26,1.0897247358851685
300,13,23:20:26,23:20:28,0.82915619758885
300,14,23:20:28,23:20:29,1.4568627181693672
300,15,23:20:29,23:20:31,1.2686114456365274
300,16,23:20:31,23:20:33,0.9921567416492215
300,17,23:20:33,23:20:35,2.0879116360612584
300,18,23:20:35,23:20:37,1.0
300,19,23:20:37,23:20:39,1.3169567191065923
300,20,23:20:39,23:20:41,1.2183492931011204
400,1,23:20:41,23:20:43,1.299038105676658
400,2,23:20:43,23:20:46,2.165063509461097
400,3,23:20:46,23:20:48,1.79843682124227
400,4,23:20:48,23:20:51,0.5345224838248488
400,5,23:20:51,23:20:53,1.1989578808281798
400,6,23:20:53,23:20:56,1.3635890143294642
400,7,23:20:56,23:20:58,1.118033988749895
400,8,23:20:58,23:21:01,0.9682458365518543
400,9,23:21:01,23:21:03,2.0615528128088303
400,10,23:21:03,23:21:06,1.7275343701356567
400,11,23:21:06,23:21:08,1.165922381636102
400,12,23:21:08,23:21:11,1.79843682124227
400,13,23:21:11,23:21:13,0.9921567416492215
400,14,23:21:13,23:21:15,0.9270248108869579
400,15,23:21:15,23:21:18,1.0532687216470449
400,16,23:21:18,23:21:20,1.4086784586980805
400,17,23:21:20,23:21:23,0.9921567416492215
400,18,23:21:23,23:21:25,1.3919410907075054
400,19,23:21:25,23:21:28,1.3333333333333333
400,20,23:21:28,23:21:30,0.82915619758885
500,1,23:21:30,23:21:33,1.8666480653835098
500,2,23:21:33,23:21:36,1.5761900266148114
500,3,23:21:36,23:21:39,1.4142135623730951
500,4,23:21:39,23:21:42,1.984313483298443
500,5,23:21:42,23:21:45,1.118033988749895
500,6,23:21:45,23:21:48,1.4086784586980805
500,7,23:21:48,23:21:51,1.2183492931011204
500,8,23:21:51,23:21:54,1.479019945774904
500,9,23:21:54,23:21:58,1.6909686573085854
500,10,23:21:58,23:22:01,0.9682458365518543
500,11,23:22:01,23:22:04,0.9682458365518543
500,12,23:22:04,23:22:07,1.1110243021644486
500,13,23:22:07,23:22:10,1.1110243021644486
500,14,23:22:10,23:22:13,0.8569568250501305
500,15,23:22:13,23:22:16,1.0532687216470449
500,16,23:22:16,23:22:20,1.224744871391589
500,17,23:22:20,23:22:23,1.5360257159305635
500,18,23:22:23,23:22:26,1.4523687548277813
500,19,23:22:26,23:22:29,1.3919410907075054
500,20,23:22:29,23:22:32,1.4086784586980805
600,1,23:22:32,23:22:36,1.299038105676658
600,2,23:22:36,23:22:39,1.4086784586980805
600,3,23:22:39,23:22:43,1.3228756555322954
600,4,23:22:43,23:22:47,1.498298354528788
600,5,23:22:47,23:22:51,1.3169567191065923
600,6,23:22:51,23:22:54,1.5612494995995996
600,7,23:22:54,23:22:58,1.1110243021644486
600,8,23:22:58,23:23:02,1.0532687216470449
600,9,23:23:02,23:23:06,1.299038105676658
600,10,23:23:06,23:23:10,2.1469455046647083
600,11,23:23:10,23:23:13,0.9921567416492215
600,12,23:23:13,23:23:17,1.3228756555322954
600,13,23:23:17,23:23:21,1.7916128329552332
600,14,23:23:21,23:23:25,1.1110243021644486
600,15,23:23:25,23:23:28,1.4947825928876748
600,16,23:23:28,23:23:32,0.9921567416492215
600,17,23:23:32,23:23:36,0.9270248108869579
600,18,23:23:36,23:23:40,1.3228756555322954
600,19,23:23:40,23:23:43,0.7806247497997998
600,20,23:23:43,23:23:48,1.8257418583505538
700,1,23:23:48,23:23:53,0.9682458365518543
700,2,23:23:53,23:23:57,1.713913650100261
700,3,23:23:57,23:24:02,1.3919410907075054
700,4,23:24:02,23:24:06,0.8660254037844386
700,5,23:24:06,23:24:10,1.4142135623730951
700,6,23:24:10,23:24:15,1.2686114456365274
700,7,23:24:15,23:24:19,1.1110243021644486
700,8,23:24:19,23:24:23,0.82915619758885
700,9,23:24:23,23:24:28,1.964529205687714
700,10,23:24:28,23:24:32,1.4142135623730951
700,11,23:24:32,23:24:37,1.2862041003100249
700,12,23:24:37,23:24:41,0.9270248108869579
700,13,23:24:41,23:24:46,1.165922381636102
700,14,23:24:46,23:24:50,1.299038105676658
700,15,23:24:50,23:24:54,1.165922381636102
700,16,23:24:54,23:24:59,1.713913650100261
700,17,23:24:59,23:25:03,1.2183492931011204
700,18,23:25:03,23:25:08,1.3635890143294642
700,19,23:25:08,23:25:12,0.9682458365518543
700,20,23:25:12,23:25:16,1.4142135623730951
800,1,23:25:16,23:25:21,1.1989578808281798
800,2,23:25:21,23:25:26,1.3169567191065923
800,3,23:25:26,23:25:31,2.331844763272204
800,4,23:25:31,23:25:36,1.5
800,5,23:25:36,23:25:41,1.6153559979150107
800,6,23:25:41,23:25:46,1.1989578808281798
800,7,23:25:46,23:25:51,1.6153559979150107
800,8,23:25:51,23:25:56,1.479019945774904
800,9,23:25:56,23:26:01,1.2686114456365274
800,10,23:26:01,23:26:06,1.118033988749895
800,11,23:26:06,23:26:11,1.1989578808281798
800,12,23:26:11,23:26:16,1.3169567191065923
800,13,23:26:16,23:26:21,1.4142135623730951
800,14,23:26:21,23:26:26,0.82915619758885
800,15,23:26:26,23:26:31,1.4142135623730951
800,16,23:26:31,23:26:36,1.3228756555322954
800,17,23:26:36,23:26:41,1.3919410907075054
800,18,23:26:41,23:26:46,1.4523687548277813
800,19,23:26:46,23:26:51,0.7806247497997998
800,20,23:26:51,23:26:56,0.9270248108869579
900,1,23:26:56,23:27:02,1.653594569415369
900,2,23:27:02,23:27:07,1.3169567191065923
900,3,23:27:07,23:27:13,0.9682458365518543
900,4,23:27:13,23:27:19,1.0532687216470449
900,5,23:27:19,23:27:24,0.9682458365518543
900,6,23:27:24,23:27:30,1.4523687548277813
900,7,23:27:30,23:27:35,1.1110243021644486
900,8,23:27:35,23:27:41,1.4523687548277813
900,9,23:27:41,23:27:47,0.8660254037844386
900,10,23:27:47,23:27:52,1.6153559979150107
900,11,23:27:52,23:27:58,1.5612494995995996
900,12,23:27:58,23:28:04,1.5634719199411433
900,13,23:28:04,23:28:10,1.0897247358851685
900,14,23:28:10,23:28:15,0.9682458365518543
900,15,23:28:15,23:28:21,1.3919410907075054
900,16,23:28:21,23:28:27,0.9270248108869579
900,17,23:28:27,23:28:32,0.7806247497997998
900,18,23:28:32,23:28:38,0.9921567416492215
900,19,23:28:38,23:28:43,1.7275343701356567
900,20,23:28:43,23:28:49,2.2043990110685496
1000,1,23:28:49,23:28:55,1.4142135623730951
1000,2,23:28:55,23:29:02,1.5
1000,3,23:29:02,23:29:08,1.2183492931011204
1000,4,23:29:08,23:29:14,1.3919410907075054
1000,5,23:29:14,23:29:20,1.1989578808281798
1000,6,23:29:20,23:29:26,1.165922381636102
1000,7,23:29:26,23:29:33,0.8660254037844386
1000,8,23:29:33,23:29:39,0.9682458365518543
1000,9,23:29:39,23:29:45,1.299038105676658
1000,10,23:29:45,23:29:51,1.4142135623730951
1000,11,23:29:51,23:29:57,2.368411915187052
1000,12,23:29:57,23:30:04,1.1547005383792515
1000,13,23:30:04,23:30:10,0.82915619758885
1000,14,23:30:10,23:30:17,0.5994789404140899
1000,15,23:30:17,23:30:24,1.0897247358851685
1000,16,23:30:24,23:30:30,1.0532687216470449
1000,17,23:30:30,23:30:36,1.3919410907075054
1000,18,23:30:36,23:30:43,1.4947825928876748
1000,19,23:30:43,23:30:49,1.2686114456365274
1000,20,23:30:49,23:30:55,0.82915619758885
100,1,02:31:48,02:31:49,2.1065374432940898
100,2,02:31:49,02:31:49,2.23606797749979
100,3,02:31:49,02:31:50,1.479019945774904
100,4,02:31:50,02:31:51,1.6153559979150107
100,5,02:31:51,02:31:51,1.632993161855452
100,6,02:31:51,02:31:52,1.2183492931011204
100,7,02:31:52,02:31:53,1.6393596310755
100,8,02:31:53,02:31:53,2.23606797749979
100,9,02:31:53,02:31:54,1.0897247358851685
100,10,02:31:54,02:31:54,2.5495097567963922
100,11,02:31:54,02:31:55,2.1758618981911515
100,12,02:31:55,02:31:56,2.1758618981911515
100,13,02:31:56,02:31:56,1.118033988749895
100,14,02:31:56,02:31:57,2.2603926650031405
100,15,02:31:57,02:31:58,2.078698548207745
100,16,02:31:58,02:31:58,1.299038105676658
100,17,02:31:58,02:31:59,2.384848003542364
100,18,02:31:59,02:32:00,2.29128784747792
100,19,02:32:00,02:32:00,2.4037008503093262
100,20,02:32:00,02:32:01,2.0615528128088303
200,1,02:32:01,02:32:02,1.165922381636102
200,2,02:32:02,02:32:03,0.8569568250501305
200,3,02:32:03,02:32:05,2.1065374432940898
200,4,02:32:05,02:32:06,1.4846149779161804
200,5,02:32:06,02:32:07,1.3635890143294642
200,6,02:32:07,02:32:08,1.224744871391589
200,7,02:32:08,02:32:10,1.3919410907075054
200,8,02:32:10,02:32:11,2.641891715558133
200,9,02:32:11,02:32:12,1.5360257159305635
200,10,02:32:12,02:32:13,2.0615528128088303
200,11,02:32:13,02:32:15,1.3635890143294642
200,12,02:32:15,02:32:16,1.987615979999813
200,13,02:32:16,02:32:17,2.331844763272204
200,14,02:32:17,02:32:18,2.7774602993176543
200,15,02:32:18,02:32:20,1.653594569415369
200,16,02:32:20,02:32:21,1.9116278371205837
200,17,02:32:21,02:32:22,1.0532687216470449
200,18,02:32:22,02:32:23,2.0463381929681126
200,19,02:32:23,02:32:25,0.7806247497997998
200,20,02:32:25,02:32:26,2.29128784747792
300,1,02:32:26,02:32:28,1.4846149779161804
300,2,02:32:28,02:32:29,1.5713484026367723
300,3,02:32:29,02:32:31,1.118033988749895
300,4,02:32:31,02:32:33,1.1989578808281798
300,5,02:32:33,02:32:35,2.6339134382131846
300,6,02:32:35,02:32:37,1.2686114456365274
300,7,02:32:37,02:32:39,1.8666480653835098
300,8,02:32:39,02:32:41,1.6583123951777
300,9,02:32:41,02:32:42,1.4523687548277813
300,10,02:32:42,02:32:44,1.9897697538834456
300,11,02:32:44,02:32:46,1.653594569415369
300,12,02:32:46,02:32:48,1.713913650100261
300,13,02:32:48,02:32:50,1.5612494995995996
300,14,02:32:50,02:32:52,1.899835519196333
300,15,02:32:52,02:32:54,1.0897247358851685
300,16,02:32:54,02:32:56,2.4717149916606487
300,17,02:32:56,02:32:57,1.3169567191065923
300,18,02:32:57,02:32:59,1.6903085094570331
300,19,02:32:59,02:33:01,1.2686114456365274
300,20,02:33:01,02:33:03,1.653594569415369
400,1,02:33:03,02:33:05,1.0301575072754257
400,2,02:33:05,02:33:08,1.6583123951777
400,3,02:33:08,02:33:10,1.3635890143294642
400,4,02:33:10,02:33:13,1.498298354528788
400,5,02:33:13,02:33:15,0.6959705453537527
400,6,02:33:15,02:33:18,1.118033988749895
400,7,02:33:18,02:33:20,2.436698586202241
400,8,02:33:20,02:33:22,1.4947825928876748
400,9,02:33:22,02:33:25,1.479019945774904
400,10,02:33:25,02:33:27,2.6190408549696205
400,11,02:33:27,02:33:30,1.4523687548277813
400,12,02:33:30,02:33:32,1.0
400,13,02:33:32,02:33:35,1.118033988749895
400,14,02:33:35,02:33:37,1.7633419974582356
400,15,02:33:37,02:33:40,1.1989578808281798
400,16,02:33:40,02:33:42,1.0897247358851685
400,17,02:33:42,02:33:45,0.6959705453537527
400,18,02:33:45,02:33:47,1.632993161855452
400,19,02:33:47,02:33:50,0.9938079899999065
400,20,02:33:50,02:33:53,1.2686114456365274
500,1,02:33:53,02:33:56,1.8666480653835098
500,2,02:33:56,02:33:59,1.1989578808281798
500,3,02:33:59,02:34:02,1.3635890143294642
500,4,02:34:02,02:34:05,1.4989708403591158
500,5,02:34:05,02:34:08,0.9921567416492215
500,6,02:34:08,02:34:12,2.277608394786075
500,7,02:34:12,02:34:15,1.299038105676658
500,8,02:34:15,02:34:18,1.964529205687714
500,9,02:34:18,02:34:21,1.5761900266148114
500,10,02:34:21,02:34:24,1.4523687548277813
500,11,02:34:24,02:34:27,1.299038105676658
500,12,02:34:27,02:34:30,1.0897247358851685
500,13,02:34:30,02:34:33,1.713913650100261
500,14,02:34:33,02:34:37,1.165922381636102
500,15,02:34:37,02:34:40,1.5
500,16,02:34:40,02:34:43,1.7275343701356567
500,17,02:34:43,02:34:46,1.3169567191065923
500,18,02:34:46,02:34:49,1.3635890143294642
500,19,02:34:49,02:34:52,1.4142135623730951
500,20,02:34:52,02:34:55,1.5
600,1,02:34:55,02:34:59,1.4142135623730951
600,2,02:34:59,02:35:03,1.3635890143294642
600,3,02:35:03,02:35:07,1.0532687216470449
600,4,02:35:07,02:35:11,1.1989578808281798
600,5,02:35:11,02:35:14,1.3228756555322954
600,6,02:35:14,02:35:18,1.6583123951777
600,7,02:35:18,02:35:22,0.9270248108869579
600,8,02:35:22,02:35:26,1.6153559979150107
600,9,02:35:26,02:35:30,1.7633419974582356
600,10,02:35:30,02:35:34,1.299038105676658
600,11,02:35:34,02:35:38,1.3919410907075054
600,12,02:35:38,02:35:42,1.5612494995995996
600,13,02:35:42,02:35:45,1.314684396244359
600,14,02:35:45,02:35:49,1.3169567191065923
600,15,02:35:49,02:35:53,1.0
600,16,02:35:53,02:35:57,1.7275343701356567
600,17,02:35:57,02:36:00,1.2686114456365274
600,18,02:36:00,02:36:04,0.9921567416492215
600,19,02:36:04,02:36:08,1.2183492931011204
600,20,02:36:08,02:36:12,1.118033988749895
700,1,02:36:12,02:36:16,1.7275343701356567
700,2,02:36:16,02:36:21,1.7853571071357126
700,3,02:36:21,02:36:25,1.479019945774904
700,4,02:36:25,02:36:30,0.8569568250501305
700,5,02:36:30,02:36:34,1.118033988749895
700,6,02:36:34,02:36:38,1.479019945774904
700,7,02:36:38,02:36:43,1.3919410907075054
700,8,02:36:43,02:36:47,1.5
700,9,02:36:47,02:36:51,1.2686114456365274
700,10,02:36:51,02:36:55,0.9682458365518543
700,11,02:36:55,02:37:00,1.8328597873268975
700,12,02:37:00,02:37:04,0.8569568250501305
700,13,02:37:04,02:37:08,1.3635890143294642
700,14,02:37:08,02:37:13,1.6393596310755
700,15,02:37:13,02:37:17,0.9682458365518543
700,16,02:37:17,02:37:21,1.4907119849998598
700,17,02:37:21,02:37:26,1.1110243021644486
700,18,02:37:26,02:37:30,1.1989578808281798
700,19,02:37:30,02:37:34,1.1110243021644486
700,20,02:37:34,02:37:39,0.8569568250501305
800,1,02:37:39,02:37:44,1.118033988749895
800,2,02:37:44,02:37:49,0.9270248108869579
800,3,02:37:49,02:37:53,1.8027756377319946
800,4,02:37:53,02:37:58,1.0
800,5,02:37:58,02:38:03,0.8660254037844386
800,6,02:38:03,02:38:08,1.7275343701356567
800,7,02:38:08,02:38:13,1.7275343701356567
800,8,02:38:13,02:38:18,1.4947825928876748
800,9,02:38:18,02:38:23,1.5
800,10,02:38:23,02:38:28,1.6583123951777
800,11,02:38:28,02:38:32,0.7806247497997998
800,12,02:38:32,02:38:37,1.8540496217739157
800,13,02:38:37,02:38:42,1.1547005383792515
800,14,02:38:42,02:38:47,1.479019945774904
800,15,02:38:47,02:38:52,1.1110243021644486
800,16,02:38:52,02:38:57,1.1989578808281798
800,17,02:38:57,02:39:02,0.9921567416492215
800,18,02:39:02,02:39:07,0.9921567416492215
800,19,02:39:07,02:39:12,1.8540496217739157
800,20,02:39:12,02:39:17,1.3228756555322954
900,1,02:39:17,02:39:22,0.8660254037844386
900,2,02:39:22,02:39:28,1.4947825928876748
900,3,02:39:28,02:39:33,1.2686114456365274
900,4,02:39:33,02:39:39,1.7633419974582356
900,5,02:39:39,02:39:45,1.1989578808281798
900,6,02:39:45,02:39:50,1.049781318335648
900,7,02:39:50,02:39:56,1.9364916731037085
900,8,02:39:56,02:40:02,1.3169567191065923
900,9,02:40:02,02:40:07,1.653594569415369
900,10,02:40:07,02:40:13,1.0897247358851685
900,11,02:40:13,02:40:18,1.479019945774904
900,12,02:40:18,02:40:24,1.3919410907075054
900,13,02:40:24,02:40:29,0.8660254037844386
900,14,02:40:29,02:40:35,1.118033988749895
900,15,02:40:35,02:40:40,1.0897247358851685
900,16,02:40:40,02:40:46,1.6583123951777
900,17,02:40:46,02:40:51,1.3228756555322954
900,18,02:40:51,02:40:57,1.5761900266148114
900,19,02:40:57,02:41:02,1.224744871391589
900,20,02:41:02,02:41:08,1.0897247358851685
1000,1,02:41:08,02:41:14,1.6583123951777
1000,2,02:41:14,02:41:20,1.6583123951777
1000,3,02:41:20,02:41:26,1.5360257159305635
1000,4,02:41:26,02:41:32,1.5
1000,5,02:41:32,02:41:39,1.8324913891634047
1000,6,02:41:39,02:41:44,1.3635890143294642
1000,7,02:41:44,02:41:51,1.4142135623730951
1000,8,02:41:51,02:41:57,1.2686114456365274
1000,9,02:41:57,02:42:03,1.3169567191065923
1000,10,02:42:03,02:42:09,0.7806247497997998
1000,11,02:42:09,02:42:15,1.653594569415369
1000,12,02:42:15,02:42:22,0.7806247497997998
1000,13,02:42:22,02:42:28,1.0532687216470449
1000,14,02:42:28,02:42:34,1.3919410907075054
1000,15,02:42:34,02:42:40,0.8660254037844386
1000,16,02:42:40,02:42:46,1.5612494995995996
1000,17,02:42:46,02:42:52,2.23606797749979
1000,18,02:42:52,02:42:58,1.0
1000,19,02:42:58,02:43:04,1.3635890143294642
1000,20,02:43:04,02:43:10,1.2686114456365274
100,1,05:45:23,05:45:23,2.6427968139832467
100,2,05:45:23,05:45:24,1.6035674514745464
100,3,05:45:24,05:45:25,1.4142135623730951
100,4,05:45:25,05:45:25,0.82915619758885
100,5,05:45:25,05:45:26,1.1110243021644486
100,6,05:45:26,05:45:27,1.920286436967152
100,7,05:45:27,05:45:27,2.5495097567963922
100,8,05:45:27,05:45:28,0.9921567416492215
100,9,05:45:28,05:45:28,2.3979157616563596
100,10,05:45:28,05:45:29,1.3919410907075054
100,11,05:45:29,05:45:30,1.4947825928876748
100,12,05:45:30,05:45:30,1.79843682124227
100,13,05:45:30,05:45:31,1.479019945774904
100,14,05:45:31,05:45:32,0.9921567416492215
100,15,05:45:32,05:45:32,1.9364916731037085
100,16,05:45:32,05:45:33,2.179449471770337
100,17,05:45:33,05:45:34,1.7633419974582356
100,18,05:45:34,05:45:34,1.79843682124227
100,19,05:45:34,05:45:35,1.7320508075688772
100,20,05:45:35,05:45:36,1.5811388300841898
200,1,05:45:36,05:45:37,1.3919410907075054
200,2,05:45:37,05:45:38,1.5
200,3,05:45:38,05:45:39,1.3635890143294642
200,4,05:45:39,05:45:41,1.899835519196333
200,5,05:45:41,05:45:42,1.0
200,6,05:45:42,05:45:43,1.5360257159305635
200,7,05:45:43,05:45:44,1.4086784586980805
200,8,05:45:44,05:45:46,1.0
200,9,05:45:46,05:45:47,1.4947825928876748
200,10,05:45:47,05:45:48,2.5495097567963922
200,11,05:45:48,05:45:50,1.118033988749895
200,12,05:45:50,05:45:51,1.7633419974582356
200,13,05:45:51,05:45:52,0.9682458365518543
200,14,05:45:52,05:45:53,1.4142135623730951
200,15,05:45:53,05:45:55,0.8660254037844386
200,16,05:45:55,05:45:56,1.984313483298443
200,17,05:45:56,05:45:57,2.2043990110685496
200,18,05:45:57,05:45:58,1.299038105676658
200,19,05:45:58,05:46:00,1.9587584572574412
200,20,05:46:00,05:46:01,2.496873044429772
300,1,05:46:01,05:46:03,1.3228756555322954
300,2,05:46:03,05:46:05,1.165922381636102
300,3,05:46:05,05:46:06,1.5
300,4,05:46:06,05:46:08,1.713913650100261
300,5,05:46:08,05:46:10,1.4086784586980805
300,6,05:46:10,05:46:12,1.7275343701356567
300,7,05:46:12,05:46:14,1.79843682124227
300,8,05:46:14,05:46:16,1.4086784586980805
300,9,05:46:16,05:46:18,0.9682458365518543
300,10,05:46:18,05:46:19,1.0532687216470449
300,11,05:46:19,05:46:21,1.6153559979150107
300,12,05:46:21,05:46:23,1.224744871391589
300,13,05:46:23,05:46:25,1.653594569415369
300,14,05:46:25,05:46:27,1.1110243021644486
300,15,05:46:27,05:46:29,0.9270248108869579
300,16,05:46:29,05:46:31,1.899835519196333
300,17,05:46:31,05:46:32,1.713913650100261
300,18,05:46:32,05:46:34,1.5
300,19,05:46:34,05:46:36,1.653594569415369
300,20,05:46:36,05:46:38,1.6153559979150107
400,1,05:46:38,05:46:40,1.4846149779161804
400,2,05:46:40,05:46:43,1.4523687548277813
400,3,05:46:43,05:46:45,0.82915619758885
400,4,05:46:45,05:46:47,1.632993161855452
400,5,05:46:47,05:46:50,0.9270248108869579
400,6,05:46:50,05:46:53,1.8540496217739157
400,7,05:46:53,05:46:55,1.713913650100261
400,8,05:46:55,05:46:57,1.165922381636102
400,9,05:46:57,05:47:00,1.4523687548277813
400,10,05:47:00,05:47:02,1.5612494995995996
400,11,05:47:02,05:47:05,1.6781914463529615
400,12,05:47:05,05:47:07,2.0879116360612584
400,13,05:47:07,05:47:10,0.9682458365518543
400,14,05:47:10,05:47:12,1.5811388300841898
400,15,05:47:12,05:47:14,1.920286436967152
400,16,05:47:14,05:47:17,1.3919410907075054
400,17,05:47:17,05:47:20,1.0532687216470449
400,18,05:47:20,05:47:22,1.79843682124227
400,19,05:47:22,05:47:24,1.224744871391589
400,20,05:47:24,05:47:27,1.0
500,1,05:47:27,05:47:30,1.5761900266148114
500,2,05:47:30,05:47:33,0.9921567416492215
500,3,05:47:33,05:47:36,1.7275343701356567
500,4,05:47:36,05:47:39,0.9682458365518543
500,5,05:47:39,05:47:42,1.5
500,6,05:47:42,05:47:46,1.299038105676658
500,7,05:47:46,05:47:49,1.4947825928876748
500,8,05:47:49,05:47:52,0.9270248108869579
500,9,05:47:52,05:47:55,2.117634293262177
500,10,05:47:55,05:47:58,2.2325713874364688
500,11,05:47:58,05:48:01,1.2183492931011204
500,12,05:48:01,05:48:04,1.0532687216470449
500,13,05:48:04,05:48:07,0.9682458365518543
500,14,05:48:07,05:48:11,1.3169567191065923
500,15,05:48:11,05:48:14,1.5761900266148114
500,16,05:48:14,05:48:17,0.9682458365518543
500,17,05:48:17,05:48:20,1.165922381636102
500,18,05:48:20,05:48:23,1.224744871391589
500,19,05:48:23,05:48:26,0.82915619758885
500,20,05:48:26,05:48:29,0.82915619758885
600,1,05:48:29,05:48:33,1.1989578808281798
600,2,05:48:33,05:48:37,1.5811388300841898
600,3,05:48:37,05:48:41,0.9270248108869579
600,4,05:48:41,05:48:44,1.2686114456365274
600,5,05:48:44,05:48:48,1.1110243021644486
600,6,05:48:48,05:48:52,1.5
600,7,05:48:52,05:48:56,1.79843682124227
600,8,05:48:56,05:48:59,1.8540496217739157
600,9,05:48:59,05:49:03,1.299038105676658
600,10,05:49:03,05:49:07,1.165922381636102
600,11,05:49:07,05:49:11,1.1110243021644486
600,12,05:49:11,05:49:15,0.9938079899999066
600,13,05:49:15,05:49:18,1.2183492931011204
600,14,05:49:18,05:49:22,0.9270248108869579
600,15,05:49:22,05:49:26,1.3919410907075054
600,16,05:49:26,05:49:30,1.6393596310755
600,17,05:49:30,05:49:33,1.5360257159305635
600,18,05:49:33,05:49:37,1.6583123951777
600,19,05:49:37,05:49:41,1.0
600,20,05:49:41,05:49:45,1.5612494995995996
700,1,05:49:45,05:49:49,1.299038105676658
700,2,05:49:49,05:49:54,1.0304020550550783
700,3,05:49:54,05:49:58,1.4086784586980805
700,4,05:49:58,05:50:02,1.4523687548277813
700,5,05:50:02,05:50:07,0.9270248108869579
700,6,05:50:07,05:50:11,1.9324531042175384
700,7,05:50:11,05:50:15,1.3228756555322954
700,8,05:50:15,05:50:20,1.3228756555322954
700,9,05:50:20,05:50:24,1.224744871391589
700,10,05:50:24,05:50:28,1.4947825928876748
700,11,05:50:28,05:50:33,1.8027756377319946
700,12,05:50:33,05:50:37,0.7806247497997998
700,13,05:50:37,05:50:41,2.23606797749979
700,14,05:50:41,05:50:46,1.0532687216470449
700,15,05:50:46,05:50:50,1.6583123951777
700,16,05:50:50,05:50:54,1.118033988749895
700,17,05:50:54,05:50:59,1.314684396244359
700,18,05:50:59,05:51:04,1.8328597873268975
700,19,05:51:04,05:51:08,1.479019945774904
700,20,05:51:08,05:51:14,1.5612494995995996
800,1,05:51:14,05:51:19,1.0897247358851685
800,2,05:51:19,05:51:24,0.8660254037844386
800,3,05:51:24,05:51:29,1.653594569415369
800,4,05:51:29,05:51:33,1.1989578808281798
800,5,05:51:33,05:51:39,1.0532687216470449
800,6,05:51:39,05:51:44,0.9921567416492215
800,7,05:51:44,05:51:49,1.3919410907075054
800,8,05:51:49,05:51:54,1.8328597873268975
800,9,05:51:54,05:51:59,1.1110243021644486
800,10,05:51:59,05:52:04,1.3635890143294642
800,11,05:52:04,05:52:09,1.4142135623730951
800,12,05:52:09,05:52:14,1.299038105676658
800,13,05:52:14,05:52:19,1.299038105676658
800,14,05:52:19,05:52:24,0.9921567416492215
800,15,05:52:24,05:52:29,1.6909686573085854
800,16,05:52:29,05:52:33,1.920286436967152
800,17,05:52:33,05:52:38,1.0897247358851685
800,18,05:52:38,05:52:43,1.2183492931011204
800,19,05:52:43,05:52:48,1.79843682124227
800,20,05:52:48,05:52:53,0.9921567416492215
900,1,05:52:53,05:52:58,1.3228756555322954
900,2,05:52:58,05:53:04,1.5118578920369088
900,3,05:53:04,05:53:09,1.118033988749895
900,4,05:53:09,05:53:15,1.4086784586980805
900,5,05:53:15,05:53:20,1.6583123951777
900,6,05:53:20,05:53:26,1.224744871391589
900,7,05:53:26,05:53:31,1.118033988749895
900,8,05:53:31,05:53:37,1.2183492931011204
900,9,05:53:37,05:53:43,1.165922381636102
900,10,05:53:43,05:53:49,1.118033988749895
900,11,05:53:49,05:53:54,1.2686114456365274
900,12,05:53:54,05:54:00,1.0897247358851685
900,13,05:54:00,05:54:05,1.479019945774904
900,14,05:54:05,05:54:11,1.8328597873268975
900,15,05:54:11,05:54:17,1.118033988749895
900,16,05:54:17,05:54:22,1.0532687216470449
900,17,05:54:22,05:54:28,0.8569568250501305
900,18,05:54:28,05:54:33,1.2183492931011204
900,19,05:54:33,05:54:39,1.224744871391589
900,20,05:54:39,05:54:45,1.2686114456365274
1000,1,05:54:45,05:54:51,1.3635890143294642
1000,2,05:54:51,05:54:57,1.1989578808281798
1000,3,05:54:57,05:55:04,0.9270248108869579
1000,4,05:55:04,05:55:10,1.3635890143294642
1000,5,05:55:10,05:55:16,2.057759704144291
1000,6,05:55:16,05:55:22,1.1110243021644486
1000,7,05:55:22,05:55:29,1.1989578808281798
1000,8,05:55:29,05:55:34,0.9682458365518543
1000,9,05:55:34,05:55:41,1.1989578808281798
1000,10,05:55:41,05:55:46,1.577908716741037
1000,11,05:55:46,05:55:53,1.5761900266148114
1000,12,05:55:53,05:55:59,1.6393596310755
1000,13,05:55:59,05:56:05,1.3919410907075054
1000,14,05:56:05,05:56:11,1.5
1000,15,05:56:11,05:56:17,0.82915619758885
1000,16,05:56:17,05:56:23,1.3635890143294642
1000,17,05:56:23,05:56:29,0.8569568250501305
1000,18,05:56:29,05:56:35,0.9921567416492215
1000,19,05:56:35,05:56:41,1.0532687216470449
1000,20,05:56:41,05:56:47,2.057759704144291
100,1,08:58:21,08:58:22,1.996089927833914
100,2,08:58:22,08:58:22,2.595067436503337
100,3,08:58:22,08:58:23,1.4142135623730951
100,4,08:58:23,08:58:24,1.4086784586980805
100,5,08:58:24,08:58:24,1.7708197167232476
100,6,08:58:24,08:58:25,1.1110243021644486
100,7,08:58:25,08:58:25,2.2043990110685496
100,8,08:58:25,08:58:26,1.920286436967152
100,9,08:58:26,08:58:27,1.5360257159305635
100,10,08:58:27,08:58:27,1.984313483298443
100,11,08:58:27,08:58:28,1.247219128924647
100,12,08:58:28,08:58:29,1.6393596310755
100,13,08:58:29,08:58:29,1.2183492931011204
100,14,08:58:29,08:58:30,1.5761900266148114
100,15,08:58:30,08:58:30,1.5612494995995996
100,16,08:58:30,08:58:31,2.165063509461097
100,17,08:58:31,08:58:32,2.0
100,18,08:58:32,08:58:32,2.813959371941744
100,19,08:58:32,08:58:33,2.2603926650031405
100,20,08:58:33,08:58:33,2.341874249399399
200,1,08:58:33,08:58:35,1.8708286933869707
200,2,08:58:35,08:58:37,2.006163342807532
200,3,08:58:37,08:58:38,0.9921567416492215
200,4,08:58:38,08:58:39,1.5761900266148114
200,5,08:58:39,08:58:40,1.3169567191065923
200,6,08:58:40,08:58:42,0.831479419283098
200,7,08:58:42,08:58:43,1.2686114456365274
200,8,08:58:43,08:58:44,0.9921567416492215
200,9,08:58:44,08:58:45,1.3169567191065923
200,10,08:58:45,08:58:46,0.9682458365518543
200,11,08:58:46,08:58:48,1.3635890143294642
200,12,08:58:48,08:58:49,2.0463381929681126
200,13,08:58:49,08:58:50,1.4947825928876748
200,14,08:58:50,08:58:51,2.997941680718231
200,15,08:58:51,08:58:53,1.4086784586980805
200,16,08:58:53,08:58:54,1.165922381636102
200,17,08:58:54,08:58:56,2.0615528128088303
200,18,08:58:56,08:58:57,1.4523687548277813
200,19,08:58:57,08:58:58,1.5360257159305635
200,20,08:58:58,08:58:59,1.4947825928876748
300,1,08:58:59,08:59:01,1.2686114456365274
300,2,08:59:01,08:59:03,2.117634293262177
300,3,08:59:03,08:59:05,0.5994789404140899
300,4,08:59:05,08:59:07,1.299038105676658
300,5,08:59:07,08:59:08,1.165922381636102
300,6,08:59:08,08:59:10,1.4142135623730951
300,7,08:59:10,08:59:12,1.5
300,8,08:59:12,08:59:14,1.165922381636102
300,9,08:59:14,08:59:16,2.331844763272204
300,10,08:59:16,08:59:18,1.6909686573085854
300,11,08:59:18,08:59:20,1.6153559979150107
300,12,08:59:20,08:59:22,2.0463381929681126
300,13,08:59:22,08:59:24,1.479019945774904
300,14,08:59:24,08:59:25,1.3919410907075054
300,15,08:59:25,08:59:27,1.165922381636102
300,16,08:59:27,08:59:29,1.713913650100261
300,17,08:59:29,08:59:31,1.4523687548277813
300,18,08:59:31,08:59:33,1.899835519196333
300,19,08:59:33,08:59:35,1.899835519196333
300,20,08:59:35,08:59:37,1.9116278371205837
400,1,08:59:37,08:59:40,1.4740554623801778
400,2,08:59:40,08:59:42,1.9324531042175384
400,3,08:59:42,08:59:44,1.5811388300841898
400,4,08:59:44,08:59:47,2.1314806770278754
400,5,08:59:47,08:59:49,1.4142135623730951
400,6,08:59:49,08:59:52,1.0
400,7,08:59:52,08:59:55,0.9270248108869579
400,8,08:59:55,08:59:57,1.0897247358851685
400,9,08:59:57,08:59:59,1.165922381636102
400,10,08:59:59,09:00:02,1.1110243021644486
400,11,09:00:02,09:00:04,1.1989578808281798
400,12,09:00:04,09:00:07,1.5
400,13,09:00:07,09:00:09,2.222048604328897
400,14,09:00:09,09:00:12,0.9921567416492215
400,15,09:00:12,09:00:14,1.653594569415369
400,16,09:00:14,09:00:17,1.2686114456365274
400,17,09:00:17,09:00:19,1.1989578808281798
400,18,09:00:19,09:00:22,1.2183492931011204
400,19,09:00:22,09:00:24,0.7806247497997998
400,20,09:00:24,09:00:26,1.3919410907075054
500,1,09:00:26,09:00:30,1.1989578808281798
500,2,09:00:30,09:00:33,2.0615528128088303
500,3,09:00:33,09:00:36,1.6153559979150107
500,4,09:00:36,09:00:39,1.5
500,5,09:00:39,09:00:42,0.9682458365518543
500,6,09:00:42,09:00:45,1.0897247358851685
500,7,09:00:45,09:00:48,0.8660254037844386
500,8,09:00:48,09:00:52,0.9921567416492215
500,9,09:00:52,09:00:55,1.3169567191065923
500,10,09:00:55,09:00:58,0.9921567416492215
500,11,09:00:58,09:01:01,0.9270248108869579
500,12,09:01:01,09:01:04,2.4206145913796355
500,13,09:01:04,09:01:07,2.165063509461097
500,14,09:01:07,09:01:11,1.1989578808281798
500,15,09:01:11,09:01:14,1.2686114456365274
500,16,09:01:14,09:01:17,1.2183492931011204
500,17,09:01:17,09:01:20,1.165922381636102
500,18,09:01:20,09:01:23,1.0897247358851685
500,19,09:01:23,09:01:25,1.1780301787479033
500,20,09:01:25,09:01:28,1.3169567191065923
600,1,09:01:28,09:01:33,0.8569568250501305
600,2,09:01:33,09:01:36,1.1989578808281798
600,3,09:01:36,09:01:40,1.2183492931011204
600,4,09:01:40,09:01:43,1.996089927833914
600,5,09:01:43,09:01:47,1.713913650100261
600,6,09:01:47,09:01:51,1.4947825928876748
600,7,09:01:51,09:01:55,1.8666480653835098
600,8,09:01:55,09:01:58,1.0532687216470449
600,9,09:01:58,09:02:02,1.713913650100261
600,10,09:02:02,09:02:06,1.1331154474650633
600,11,09:02:06,09:02:10,1.479019945774904
600,12,09:02:10,09:02:13,1.118033988749895
600,13,09:02:13,09:02:17,1.6909686573085854
600,14,09:02:17,09:02:20,1.2686114456365274
600,15,09:02:20,09:02:24,1.6393596310755
600,16,09:02:24,09:02:28,2.2110831935702664
600,17,09:02:28,09:02:32,1.479019945774904
600,18,09:02:32,09:02:35,2.7357585785299112
600,19,09:02:35,09:02:39,1.124858267715973
600,20,09:02:39,09:02:42,1.2183492931011204
700,1,09:02:42,09:02:47,1.3919410907075054
700,2,09:02:47,09:02:51,0.82915619758885
700,3,09:02:51,09:02:55,1.0897247358851685
700,4,09:02:55,09:03:00,1.178030178747903
700,5,09:03:00,09:03:04,1.7320508075688772
700,6,09:03:04,09:03:09,1.5
700,7,09:03:09,09:03:13,1.9324531042175384
700,8,09:03:13,09:03:17,2.394655507583502
700,9,09:03:17,09:03:22,1.7708197167232476
700,10,09:03:22,09:03:26,1.4523687548277813
700,11,09:03:26,09:03:31,0.9270248108869579
700,12,09:03:31,09:03:35,1.9364916731037085
700,13,09:03:35,09:03:39,1.479019945774904
700,14,09:03:39,09:03:44,1.0897247358851685
700,15,09:03:44,09:03:48,1.8666480653835098
700,16,09:03:48,09:03:52,1.5
700,17,09:03:52,09:03:56,1.2183492931011204
700,18,09:03:56,09:04:01,1.224744871391589
700,19,09:04:01,09:04:05,1.224744871391589
700,20,09:04:05,09:04:10,0.9921567416492215
800,1,09:04:10,09:04:14,0.8569568250501305
800,2,09:04:14,09:04:20,1.5811388300841898
800,3,09:04:20,09:04:25,1.5761900266148114
800,4,09:04:25,09:04:29,1.4947825928876748
800,5,09:04:29,09:04:34,1.5761900266148114
800,6,09:04:34,09:04:39,1.4086784586980805
800,7,09:04:39,09:04:44,1.8666480653835098
800,8,09:04:44,09:04:49,1.4947825928876748
800,9,09:04:49,09:04:54,1.3635890143294642
800,10,09:04:54,09:04:59,1.5761900266148114
800,11,09:04:59,09:05:04,1.5811388300841898
800,12,09:05:04,09:05:09,2.23606797749979
800,13,09:05:09,09:05:13,1.0
800,14,09:05:13,09:05:19,1.2686114456365274
800,15,09:05:19,09:05:23,1.2686114456365274
800,16,09:05:23,09:05:28,0.8660254037844386
800,17,09:05:28,09:05:33,1.0
800,18,09:05:33,09:05:38,1.3169567191065923
800,19,09:05:38,09:05:43,1.4523687548277813
800,20,09:05:43,09:05:48,1.4947825928876748
900,1,09:05:48,09:05:54,0.9270248108869579
900,2,09:05:54,09:06:00,0.9921567416492215
900,3,09:06:00,09:06:05,0.6959705453537527
900,4,09:06:05,09:06:10,1.4947825928876748
900,5,09:06:10,09:06:16,1.4523687548277813
900,6,09:06:16,09:06:22,1.653594569415369
900,7,09:06:22,09:06:27,1.0897247358851685
900,8,09:06:27,09:06:33,1.224744871391589
900,9,09:06:33,09:06:39,0.9270248108869579
900,10,09:06:39,09:06:44,1.4142135623730951
900,11,09:06:44,09:06:49,0.9270248108869579
900,12,09:06:49,09:06:55,1.118033988749895
900,13,09:06:55,09:07:01,1.4086784586980805
900,14,09:07:01,09:07:06,1.0532687216470449
900,15,09:07:06,09:07:11,0.9682458365518543
900,16,09:07:11,09:07:17,1.7633419974582356
900,17,09:07:17,09:07:23,1.7633419974582356
900,18,09:07:23,09:07:28,1.4086784586980805
900,19,09:07:28,09:07:33,1.479019945774904
900,20,09:07:33,09:07:39,1.1110243021644486
1000,1,09:07:39,09:07:45,1.2183492931011204
1000,2,09:07:45,09:07:51,1.0532687216470449
1000,3,09:07:51,09:07:58,1.0532687216470449
1000,4,09:07:58,09:08:04,1.4947825928876748
1000,5,09:08:04,09:08:10,1.299038105676658
1000,6,09:08:10,09:08:16,0.9921567416492215
1000,7,09:08:16,09:08:22,0.9682458365518543
1000,8,09:08:22,09:08:28,1.4523687548277813
1000,9,09:08:28,09:08:35,1.6153559979150107
1000,10,09:08:35,09:08:42,1.4142135623730951
1000,11,09:08:42,09:08:48,1.224744871391589
1000,12,09:08:48,09:08:54,1.479019945774904
1000,13,09:08:54,09:09:01,1.1989578808281798
1000,14,09:09:01,09:09:07,1.1989578808281798
1000,15,09:09:07,09:09:13,1.2686114456365274
1000,16,09:09:13,09:09:19,1.0532687216470449
1000,17,09:09:19,09:09:25,1.5
1000,18,09:09:25,09:09:31,1.1989578808281798
1000,19,09:09:31,09:09:38,1.6153559979150107
1000,20,09:09:38,09:09:44,1.1989578808281798
100,1,12:12:25,12:12:26,1.5360257159305635
100,2,12:12:26,12:12:27,2.179449471770337
100,3,12:12:27,12:12:27,1.984313483298443
100,4,12:12:27,12:12:28,2.1065374432940898
100,5,12:12:28,12:12:28,2.165063509461097
100,6,12:12:28,12:12:29,1.713913650100261
100,7,12:12:29,12:12:30,2.0879116360612584
100,8,12:12:30,12:12:30,2.6339134382131846
100,9,12:12:30,12:12:31,1.920286436967152
100,10,12:12:31,12:12:31,1.9436506316151
100,11,12:12:31,12:12:32,1.920286436967152
100,12,12:12:32,12:12:33,2.0615528128088303
100,13,12:12:33,12:12:33,2.54644359843292
100,14,12:12:33,12:12:34,1.4947825928876748
100,15,12:12:34,12:12:35,2.165063509461097
100,16,12:12:35,12:12:35,2.345207879911715
100,17,12:12:35,12:12:36,2.179449471770337
100,18,12:12:36,12:12:36,2.1469455046647083
100,19,12:12:36,12:12:37,2.078698548207745
100,20,12:12:37,12:12:38,2.7585095613392387
200,1,12:12:38,12:12:39,2.610809554642438
200,2,12:12:39,12:12:40,1.6153559979150107
200,3,12:12:40,12:12:41,1.0532687216470449
200,4,12:12:41,12:12:42,2.5495097567963922
200,5,12:12:42,12:12:43,1.6583123951777
200,6,12:12:43,12:12:45,1.713913650100261
200,7,12:12:45,12:12:46,1.0897247358851685
200,8,12:12:46,12:12:47,3.1102201510110348
200,9,12:12:47,12:12:48,1.299038105676658
200,10,12:12:48,12:12:50,1.79843682124227
200,11,12:12:50,12:12:52,1.6153559979150107
200,12,12:12:52,12:12:53,2.057759704144291
200,13,12:12:53,12:12:54,1.713913650100261
200,14,12:12:54,12:12:55,2.057759704144291
200,15,12:12:55,12:12:56,1.0897247358851685
200,16,12:12:56,12:12:58,1.5761900266148114
200,17,12:12:58,12:12:59,2.2662308949301266
200,18,12:12:59,12:13:00,0.9682458365518543
200,19,12:13:00,12:13:01,1.5811388300841898
200,20,12:13:01,12:13:02,2.394655507583502
300,1,12:13:02,12:13:04,1.5811388300841898
300,2,12:13:04,12:13:06,1.5612494995995996
300,3,12:13:06,12:13:08,1.8540496217739157
300,4,12:13:08,12:13:10,1.964529205687714
300,5,12:13:10,12:13:11,0.8569568250501305
300,6,12:13:11,12:13:13,1.713913650100261
300,7,12:13:13,12:13:15,1.3919410907075054
300,8,12:13:15,12:13:18,1.2686114456365274
300,9,12:13:18,12:13:20,2.0
300,10,12:13:20,12:13:22,1.4086784586980805
300,11,12:13:22,12:13:24,1.8708286933869707
300,12,12:13:24,12:13:25,0.82915619758885
300,13,12:13:25,12:13:27,1.5
300,14,12:13:27,12:13:29,0.6614378277661477
300,15,12:13:29,12:13:31,2.2325713874364688
300,16,12:13:31,12:13:33,1.4142135623730951
300,17,12:13:33,12:13:34,1.3169567191065923
300,18,12:13:34,12:13:36,1.4142135623730951
300,19,12:13:36,12:13:38,1.0
300,20,12:13:38,12:13:40,1.0532687216470449
400,1,12:13:40,12:13:42,0.7806247497997998
400,2,12:13:42,12:13:46,1.8328597873268975
400,3,12:13:46,12:13:48,1.479019945774904
400,4,12:13:48,12:13:51,1.3698697784375502
400,5,12:13:51,12:13:53,1.920286436967152
400,6,12:13:53,12:13:55,1.3228756555322954
400,7,12:13:55,12:13:58,1.299038105676658
400,8,12:13:58,12:14:00,0.8569568250501305
400,9,12:14:00,12:14:02,1.1110243021644486
400,10,12:14:02,12:14:05,0.7806247497997998
400,11,12:14:05,12:14:07,1.0532687216470449
400,12,12:14:07,12:14:10,1.2183492931011204
400,13,12:14:10,12:14:13,1.5612494995995996
400,14,12:14:13,12:14:15,1.79843682124227
400,15,12:14:15,12:14:18,1.118033988749895
400,16,12:14:18,12:14:20,1.165922381636102
400,17,12:14:20,12:14:22,1.118033988749895
400,18,12:14:22,12:14:25,2.1213203435596424
400,19,12:14:25,12:14:27,0.8569568250501305
400,20,12:14:27,12:14:29,1.3919410907075054
500,1,12:14:29,12:14:32,1.3228756555322954
500,2,12:14:32,12:14:36,1.5
500,3,12:14:36,12:14:39,2.3733211036908783
500,4,12:14:39,12:14:42,1.2183492931011204
500,5,12:14:42,12:14:45,2.0463381929681126
500,6,12:14:45,12:14:48,1.8540496217739157
500,7,12:14:48,12:14:51,1.118033988749895
500,8,12:14:51,12:14:54,0.9270248108869579
500,9,12:14:54,12:14:57,1.8540496217739157
500,10,12:14:57,12:15:00,1.2183492931011204
500,11,12:15:00,12:15:04,1.165922381636102
500,12,12:15:04,12:15:07,1.5811388300841898
500,13,12:15:07,12:15:10,1.3169567191065923
500,14,12:15:10,12:15:13,1.224744871391589
500,15,12:15:13,12:15:15,0.9270248108869579
500,16,12:15:15,12:15:18,0.8660254037844386
500,17,12:15:18,12:15:21,1.4086784586980805
500,18,12:15:21,12:15:24,1.5713484026367723
500,19,12:15:24,12:15:28,2.345207879911715
500,20,12:15:28,12:15:31,1.4523687548277813
600,1,12:15:31,12:15:35,1.3169567191065923
600,2,12:15:35,12:15:38,1.5811388300841898
600,3,12:15:38,12:15:42,0.9035079029052513
600,4,12:15:42,12:15:45,1.5811388300841898
600,5,12:15:45,12:15:49,1.2272623352430292
600,6,12:15:49,12:15:53,0.9270248108869579
600,7,12:15:53,12:15:57,1.7633419974582356
600,8,12:15:57,12:16:00,2.027159342528357
600,9,12:16:00,12:16:04,1.1110243021644486
600,10,12:16:04,12:16:08,1.3228756555322954
600,11,12:16:08,12:16:11,1.2183492931011204
600,12,12:16:11,12:16:15,2.9973947020704497
600,13,12:16:15,12:16:20,1.547598697464902
600,14,12:16:20,12:16:23,1.653594569415369
600,15,12:16:23,12:16:27,1.0
600,16,12:16:27,12:16:31,1.118033988749895
600,17,12:16:31,12:16:34,0.9682458365518543
600,18,12:16:34,12:16:38,1.3169567191065923
600,19,12:16:38,12:16:41,0.82915619758885
600,20,12:16:41,12:16:46,1.2686114456365274
700,1,12:16:46,12:16:50,1.4142135623730951
700,2,12:16:50,12:16:55,1.3228756555322954
700,3,12:16:55,12:16:59,1.5612494995995996
700,4,12:16:59,12:17:03,1.713913650100261
700,5,12:17:03,12:17:07,1.3635890143294642
700,6,12:17:07,12:17:13,0.9921567416492215
700,7,12:17:13,12:17:17,1.1967032904743342
700,8,12:17:17,12:17:21,1.3169567191065923
700,9,12:17:21,12:17:26,1.5612494995995996
700,10,12:17:26,12:17:30,1.355261854357877
700,11,12:17:30,12:17:34,1.1110243021644486
700,12,12:17:34,12:17:39,1.0
700,13,12:17:39,12:17:43,1.2183492931011204
700,14,12:17:43,12:17:48,1.7853571071357126
700,15,12:17:48,12:17:52,1.6909686573085854
700,16,12:17:52,12:17:56,1.3635890143294642
700,17,12:17:56,12:18:01,1.3919410907075054
700,18,12:18:01,12:18:05,0.6614378277661477
700,19,12:18:05,12:18:10,0.8660254037844386
700,20,12:18:10,12:18:14,1.7275343701356567
800,1,12:18:14,12:18:19,2.2878756522153907
800,2,12:18:19,12:18:24,0.9270248108869579
800,3,12:18:24,12:18:28,1.6153559979150107
800,4,12:18:28,12:18:33,1.4523687548277813
800,5,12:18:33,12:18:40,2.1469455046647083
800,6,12:18:40,12:18:44,1.4086784586980805
800,7,12:18:44,12:18:49,1.6393596310755
800,8,12:18:49,12:18:54,1.0
800,9,12:18:54,12:18:59,1.653594569415369
800,10,12:18:59,12:19:04,1.2183492931011204
800,11,12:19:04,12:19:09,0.9682458365518543
800,12,12:19:09,12:19:14,1.4947825928876748
800,13,12:19:14,12:19:19,1.964529205687714
800,14,12:19:19,12:19:24,1.8328597873268975
800,15,12:19:24,12:19:28,0.9682458365518543
800,16,12:19:28,12:19:34,1.3635890143294642
800,17,12:19:34,12:19:39,1.5
800,18,12:19:39,12:19:44,1.2183492931011204
800,19,12:19:44,12:19:49,0.7806247497997998
800,20,12:19:49,12:19:54,0.82915619758885
900,1,12:19:54,12:20:00,1.1989578808281798
900,2,12:20:00,12:20:06,0.8569568250501305
900,3,12:20:06,12:20:11,1.1110243021644486
900,4,12:20:11,12:20:17,1.479019945774904
900,5,12:20:17,12:20:22,1.6583123951777
900,6,12:20:22,12:20:29,1.3169567191065923
900,7,12:20:29,12:20:34,1.165922381636102
900,8,12:20:34,12:20:39,1.4523687548277813
900,9,12:20:39,12:20:45,1.7708197167232476
900,10,12:20:45,12:20:51,1.2183492931011204
900,11,12:20:51,12:20:56,1.0897247358851685
900,12,12:20:56,12:21:02,1.2183492931011204
900,13,12:21:02,12:21:07,0.9270248108869579
900,14,12:21:07,12:21:13,0.8660254037844386
900,15,12:21:13,12:21:19,1.2686114456365274
900,16,12:21:19,12:21:24,1.2183492931011204
900,17,12:21:24,12:21:30,1.3997084244475304
900,18,12:21:30,12:21:35,1.7633419974582356
900,19,12:21:35,12:21:40,1.1989578808281798
900,20,12:21:40,12:21:47,1.3698697784375502
1000,1,12:21:47,12:21:53,1.6583123951777
1000,2,12:21:53,12:21:59,1.5360257159305635
1000,3,12:21:59,12:22:05,1.4142135623730951
1000,4,12:22:05,12:22:12,1.3228756555322954
1000,5,12:22:12,12:22:18,1.3228756555322954
1000,6,12:22:18,12:22:25,1.2862041003100249
1000,7,12:22:25,12:22:31,1.0897247358851685
1000,8,12:22:31,12:22:38,1.0897247358851685
1000,9,12:22:38,12:22:44,1.3169567191065923
1000,10,12:22:44,12:22:50,0.9921567416492215
1000,11,12:22:50,12:22:56,1.653594569415369
1000,12,12:22:56,12:23:03,1.0540925533894598
1000,13,12:23:03,12:23:10,1.6153559979150107
1000,14,12:23:10,12:23:16,0.9921567416492215
1000,15,12:23:16,12:23:22,1.5761900266148114
1000,16,12:23:22,12:23:29,1.6583123951777
1000,17,12:23:29,12:23:34,1.4568627181693672
1000,18,12:23:34,12:23:40,1.1989578808281798
1000,19,12:23:40,12:23:46,1.713913650100261
1000,20,12:23:46,12:23:53,1.2183492931011204
100,1,15:26:10,15:26:11,2.060315014550851
100,2,15:26:11,15:26:12,2.6339134382131846
100,3,15:26:12,15:26:12,1.3919410907075054
100,4,15:26:12,15:26:13,2.1081851067789197
100,5,15:26:13,15:26:14,1.7320508075688772
100,6,15:26:14,15:26:14,2.680951323690902
100,7,15:26:14,15:26:15,1.8708286933869707
100,8,15:26:15,15:26:15,2.0615528128088303
100,9,15:26:15,15:26:16,2.6339134382131846
100,10,15:26:16,15:26:17,2.449489742783178
100,11,15:26:17,15:26:17,1.563471919941143
100,12,15:26:17,15:26:18,1.8328597873268975
100,13,15:26:18,15:26:19,1.996089927833914
100,14,15:26:19,15:26:19,1.5234788000891208
100,15,15:26:19,15:26:20,1.6413036132965795
100,16,15:26:20,15:26:20,2.179449471770337
100,17,15:26:20,15:26:21,2.496873044429772
100,18,15:26:21,15:26:22,1.6153559979150107
100,19,15:26:22,15:26:22,2.474358296526968
100,20,15:26:22,15:26:23,2.057759704144291
200,1,15:26:23,15:26:24,1.3919410907075054
200,2,15:26:24,15:26:25,2.1213203435596424
200,3,15:26:25,15:26:27,1.224744871391589
200,4,15:26:27,15:26:28,1.0532687216470449
200,5,15:26:28,15:26:29,1.7853571071357126
200,6,15:26:29,15:26:30,2.331844763272204
200,7,15:26:30,15:26:32,1.165922381636102
200,8,15:26:32,15:26:33,1.5811388300841898
200,9,15:26:33,15:26:34,1.6909686573085854
200,10,15:26:34,15:26:35,1.6909686573085854
200,11,15:26:35,15:26:37,1.8666480653835098
200,12,15:26:37,15:26:38,1.3919410907075054
200,13,15:26:38,15:26:39,1.5360257159305635
200,14,15:26:39,15:26:40,2.0245407953653998
200,15,15:26:40,15:26:43,1.920286436967152
200,16,15:26:43,15:26:44,1.1110243021644486
200,17,15:26:44,15:26:45,1.6393596310755
200,18,15:26:45,15:26:46,1.7320508075688772
200,19,15:26:46,15:26:47,1.8666480653835098
200,20,15:26:47,15:26:49,1.8666480653835098
300,1,15:26:49,15:26:51,2.4717149916606487
300,2,15:26:51,15:26:53,1.118033988749895
300,3,15:26:53,15:26:54,1.699673171197595
300,4,15:26:54,15:26:56,1.299038105676658
300,5,15:26:56,15:26:58,1.6583123951777
300,6,15:26:58,15:27:00,0.9270248108869579
300,7,15:27:00,15:27:02,1.2686114456365274
300,8,15:27:02,15:27:04,1.2686114456365274
300,9,15:27:04,15:27:06,2.3979157616563596
300,10,15:27:06,15:27:07,1.3635890143294642
300,11,15:27:07,15:27:09,1.3919410907075054
300,12,15:27:09,15:27:11,1.5811388300841898
300,13,15:27:11,15:27:13,0.8569568250501305
300,14,15:27:13,15:27:15,1.5761900266148114
300,15,15:27:15,15:27:18,1.5360257159305635
300,16,15:27:18,15:27:19,1.8540496217739157
300,17,15:27:19,15:27:21,1.224744871391589
300,18,15:27:21,15:27:23,1.4523687548277813
300,19,15:27:23,15:27:25,1.6393596310755
300,20,15:27:25,15:27:26,1.8027756377319946
400,1,15:27:26,15:27:29,2.179449471770337
400,2,15:27:29,15:27:31,1.713913650100261
400,3,15:27:31,15:27:34,0.9682458365518543
400,4,15:27:34,15:27:36,2.0548046676563256
400,5,15:27:36,15:27:38,1.224744871391589
400,6,15:27:38,15:27:41,0.9682458365518543
400,7,15:27:41,15:27:43,1.2686114456365274
400,8,15:27:43,15:27:45,1.6583123951777
400,9,15:27:45,15:27:48,1.0
400,10,15:27:48,15:27:51,2.4717149916606487
400,11,15:27:51,15:27:53,1.653594569415369
400,12,15:27:53,15:27:56,1.0897247358851685
400,13,15:27:56,15:27:58,1.4142135623730951
400,14,15:27:58,15:28:00,1.0532687216470449
400,15,15:28:00,15:28:03,1.7320508075688772
400,16,15:28:03,15:28:05,1.6909686573085854
400,17,15:28:05,15:28:08,1.0
400,18,15:28:08,15:28:10,1.5811388300841898
400,19,15:28:10,15:28:12,1.165922381636102
400,20,15:28:12,15:28:15,0.9921567416492215
500,1,15:28:15,15:28:18,1.0304020550550783
500,2,15:28:18,15:28:22,1.3635890143294642
500,3,15:28:22,15:28:25,1.4947825928876748
500,4,15:28:25,15:28:28,1.79843682124227
500,5,15:28:28,15:28:30,0.8660254037844386
500,6,15:28:30,15:28:33,1.7320508075688772
500,7,15:28:33,15:28:36,1.0897247358851685
500,8,15:28:36,15:28:39,1.7633419974582356
500,9,15:28:39,15:28:42,0.9921567416492215
500,10,15:28:42,15:28:45,1.3635890143294642
500,11,15:28:45,15:28:48,1.299038105676658
500,12,15:28:48,15:28:51,1.653594569415369
500,13,15:28:51,15:28:54,1.3997084244475304
500,14,15:28:54,15:28:58,1.2183492931011204
500,15,15:28:58,15:29:01,1.0
500,16,15:29:01,15:29:04,1.6393596310755
500,17,15:29:04,15:29:07,1.118033988749895
500,18,15:29:07,15:29:10,2.282515398241571
500,19,15:29:10,15:29:13,1.653594569415369
500,20,15:29:13,15:29:16,1.3997084244475304
600,1,15:29:16,15:29:19,1.8708286933869707
600,2,15:29:19,15:29:23,1.6996731711975948
600,3,15:29:23,15:29:26,1.4086784586980805
600,4,15:29:26,15:29:31,1.0
600,5,15:29:31,15:29:34,1.1110243021644486
600,6,15:29:34,15:29:38,1.5360257159305635
600,7,15:29:38,15:29:41,1.4947825928876748
600,8,15:29:41,15:29:45,1.4523687548277813
600,9,15:29:45,15:29:48,0.9921567416492215
600,10,15:29:48,15:29:52,0.6388765649999398
600,11,15:29:52,15:29:55,1.2686114456365274
600,12,15:29:55,15:29:59,1.4947825928876748
600,13,15:29:59,15:30:03,1.0532687216470449
600,14,15:30:03,15:30:07,0.8569568250501305
600,15,15:30:07,15:30:11,1.8027756377319946
600,16,15:30:11,15:30:14,1.3635890143294642
600,17,15:30:14,15:30:17,0.9921567416492215
600,18,15:30:17,15:30:21,2.0548046676563256
600,19,15:30:21,15:30:24,0.9270248108869579
600,20,15:30:24,15:30:28,1.0540925533894598
700,1,15:30:28,15:30:32,1.224744871391589
700,2,15:30:32,15:30:38,2.2603926650031405
700,3,15:30:38,15:30:42,1.6583123951777
700,4,15:30:42,15:30:46,1.3635890143294642
700,5,15:30:46,15:30:50,0.6614378277661477
700,6,15:30:50,15:30:54,1.124858267715973
700,7,15:30:54,15:30:58,1.5811388300841898
700,8,15:30:58,15:31:02,1.0532687216470449
700,9,15:31:02,15:31:06,0.8569568250501305
700,10,15:31:06,15:31:10,1.3635890143294642
700,11,15:31:10,15:31:15,0.8660254037844386
700,12,15:31:15,15:31:19,1.299038105676658
700,13,15:31:19,15:31:24,1.4086784586980805
700,14,15:31:24,15:31:28,0.7806247497997998
700,15,15:31:28,15:31:32,1.5
700,16,15:31:32,15:31:36,1.8328597873268975
700,17,15:31:36,15:31:40,1.2686114456365274
700,18,15:31:40,15:31:44,0.9921567416492215
700,19,15:31:44,15:31:49,1.4142135623730951
700,20,15:31:49,15:31:53,1.0897247358851685
800,1,15:31:53,15:31:58,1.0897247358851685
800,2,15:31:58,15:32:03,1.1110243021644486
800,3,15:32:03,15:32:07,0.9921567416492215
800,4,15:32:07,15:32:12,1.4086784586980805
800,5,15:32:12,15:32:17,0.7071067811865476
800,6,15:32:17,15:32:22,1.0532687216470449
800,7,15:32:22,15:32:27,1.1110243021644486
800,8,15:32:27,15:32:32,1.832491389163405
800,9,15:32:32,15:32:37,0.6614378277661477
800,10,15:32:37,15:32:41,1.0897247358851685
800,11,15:32:41,15:32:46,1.3635890143294642
800,12,15:32:46,15:32:51,1.7853571071357126
800,13,15:32:51,15:32:57,0.82915619758885
800,14,15:32:57,15:33:01,1.3228756555322954
800,15,15:33:01,15:33:06,1.118033988749895
800,16,15:33:06,15:33:11,1.4086784586980805
800,17,15:33:11,15:33:15,1.5612494995995996
800,18,15:33:15,15:33:20,1.79843682124227
800,19,15:33:20,15:33:24,1.0897247358851685
800,20,15:33:24,15:33:29,1.118033988749895
900,1,15:33:29,15:33:35,1.6153559979150107
900,2,15:33:35,15:33:42,1.4086784586980805
900,3,15:33:42,15:33:47,1.299038105676658
900,4,15:33:47,15:33:52,1.0897247358851685
900,5,15:33:52,15:33:57,1.6153559979150107
900,6,15:33:57,15:34:03,1.299038105676658
900,7,15:34:03,15:34:08,1.4523687548277813
900,8,15:34:08,15:34:14,1.6909686573085854
900,9,15:34:14,15:34:19,1.7633419974582356
900,10,15:34:19,15:34:25,1.5360257159305635
900,11,15:34:25,15:34:30,1.0897247358851685
900,12,15:34:30,15:34:35,1.4142135623730951
900,13,15:34:35,15:34:40,1.165922381636102
900,14,15:34:40,15:34:47,1.2183492931011204
900,15,15:34:47,15:34:52,1.5612494995995996
900,16,15:34:52,15:34:57,1.79843682124227
900,17,15:34:57,15:35:03,1.1110243021644486
900,18,15:35:03,15:35:08,1.6393596310755
900,19,15:35:08,15:35:13,0.8569568250501305
900,20,15:35:13,15:35:18,0.6614378277661477
1000,1,15:35:18,15:35:25,1.3919410907075054
1000,2,15:35:25,15:35:31,1.6393596310755
1000,3,15:35:31,15:35:37,1.1989578808281798
1000,4,15:35:37,15:35:43,1.3919410907075054
1000,5,15:35:43,15:35:48,1.2183492931011204
1000,6,15:35:48,15:35:54,1.7320508075688772
1000,7,15:35:54,15:36:01,1.5360257159305635
1000,8,15:36:01,15:36:07,1.299038105676658
1000,9,15:36:07,15:36:13,1.299038105676658
1000,10,15:36:13,15:36:19,0.6959705453537527
1000,11,15:36:19,15:36:24,1.0532687216470449
1000,12,15:36:24,15:36:32,1.1967032904743342
1000,13,15:36:32,15:36:38,2.368411915187052
1000,14,15:36:38,15:36:43,1.224744871391589
1000,15,15:36:43,15:36:49,0.8569568250501305
1000,16,15:36:49,15:36:55,1.0897247358851685
1000,17,15:36:55,15:37:01,0.82915619758885
1000,18,15:37:01,15:37:08,0.9921567416492215
1000,19,15:37:08,15:37:14,1.0897247358851685
1000,20,15:37:14,15:37:20,1.6153559979150107
100,1,18:39:32,18:39:32,1.7638342073763935
100,2,18:39:32,18:39:33,2.680951323690902
100,3,18:39:33,18:39:33,1.4142135623730951
100,4,18:39:33,18:39:34,2.027159342528357
100,5,18:39:34,18:39:35,1.5811388300841898
100,6,18:39:35,18:39:35,2.3778816176702997
100,7,18:39:35,18:39:36,1.224744871391589
100,8,18:39:36,18:39:37,2.537222891273055
100,9,18:39:37,18:39:37,2.368411915187052
100,10,18:39:37,18:39:38,2.5495097567963922
100,11,18:39:38,18:39:38,1.7853571071357126
100,12,18:39:38,18:39:39,2.436698586202241
100,13,18:39:39,18:39:41,2.2325713874364688
100,14,18:39:41,18:39:42,2.2878756522153907
100,15,18:39:42,18:39:42,1.899835519196333
100,16,18:39:42,18:39:43,2.48746859276655
100,17,18:39:43,18:39:44,1.964529205687714
100,18,18:39:44,18:39:44,1.8540496217739157
100,19,18:39:44,18:39:45,1.6909686573085854
100,20,18:39:45,18:39:46,2.9154759474226504
200,1,18:39:46,18:39:47,1.224744871391589
200,2,18:39:47,18:39:48,2.1065374432940898
200,3,18:39:48,18:39:49,1.3169567191065923
200,4,18:39:49,18:39:51,1.118033988749895
200,5,18:39:51,18:39:52,1.8540496217739157
200,6,18:39:52,18:39:53,1.964529205687714
200,7,18:39:53,18:39:55,0.82915619758885
200,8,18:39:55,18:39:56,1.165922381636102
200,9,18:39:56,18:39:57,2.0463381929681126
200,10,18:39:57,18:39:58,1.2183492931011204
200,11,18:39:58,18:40:00,1.2183492931011204
200,12,18:40:00,18:40:01,1.5761900266148114
200,13,18:40:01,18:40:02,1.713913650100261
200,14,18:40:02,18:40:03,1.2183492931011204
200,15,18:40:03,18:40:05,1.7633419974582356
200,16,18:40:05,18:40:06,1.2183492931011204
200,17,18:40:06,18:40:07,1.4086784586980805
200,18,18:40:07,18:40:09,1.3228756555322954
200,19,18:40:09,18:40:10,1.4947825928876748
200,20,18:40:10,18:40:11,1.165922381636102
300,1,18:40:11,18:40:13,1.479019945774904
300,2,18:40:13,18:40:15,1.0
300,3,18:40:15,18:40:17,1.899835519196333
300,4,18:40:17,18:40:19,1.5
300,5,18:40:19,18:40:21,1.0897247358851685
300,6,18:40:21,18:40:22,0.6614378277661477
300,7,18:40:22,18:40:24,1.7633419974582356
300,8,18:40:24,18:40:28,1.3228756555322954
300,9,18:40:28,18:40:30,2.6339134382131846
300,10,18:40:30,18:40:32,0.8569568250501305
300,11,18:40:32,18:40:33,1.5811388300841898
300,12,18:40:33,18:40:35,1.3919410907075054
300,13,18:40:35,18:40:37,3.059309562630104
300,14,18:40:37,18:40:39,1.7633419974582356
300,15,18:40:39,18:40:41,2.1213203435596424
300,16,18:40:41,18:40:43,0.7806247497997998
300,17,18:40:43,18:40:44,1.3635890143294642
300,18,18:40:44,18:40:46,1.5
300,19,18:40:46,18:40:48,1.2183492931011204
300,20,18:40:48,18:40:50,1.4947825928876748
400,1,18:40:50,18:40:53,1.0532687216470449
400,2,18:40:53,18:40:55,1.6153559979150107
400,3,18:40:55,18:40:58,1.1110243021644486
400,4,18:40:58,18:41:00,0.82915619758885
400,5,18:41:00,18:41:03,1.6413036132965795
400,6,18:41:03,18:41:05,1.2686114456365274
400,7,18:41:05,18:41:08,1.3635890143294642
400,8,18:41:08,18:41:10,1.3919410907075054
400,9,18:41:10,18:41:12,1.4523687548277813
400,10,18:41:12,18:41:16,0.9270248108869579
400,11,18:41:16,18:41:19,1.6909686573085854
400,12,18:41:19,18:41:21,1.1110243021644486
400,13,18:41:21,18:41:24,1.2183492931011204
400,14,18:41:24,18:41:26,1.8328597873268975
400,15,18:41:26,18:41:29,1.7320508075688772
400,16,18:41:29,18:41:31,2.057759704144291
400,17,18:41:31,18:41:34,1.0532687216470449
400,18,18:41:34,18:41:36,1.299038105676658
400,19,18:41:36,18:41:39,0.9270248108869579
400,20,18:41:39,18:41:41,1.1110243021644486
500,1,18:41:41,18:41:44,0.82915619758885
500,2,18:41:44,18:41:48,1.617802197617893
500,3,18:41:48,18:41:51,1.4523687548277813
500,4,18:41:51,18:41:54,1.0532687216470449
500,5,18:41:54,18:41:57,1.8666480653835098
500,6,18:41:57,18:42:02,0.7806247497997998
500,7,18:42:02,18:42:05,1.2686114456365274
500,8,18:42:05,18:42:08,1.6153559979150107
500,9,18:42:08,18:42:11,1.4142135623730951
500,10,18:42:11,18:42:14,1.4142135623730951
500,11,18:42:14,18:42:17,0.7071067811865476
500,12,18:42:17,18:42:20,2.2603926650031405
500,13,18:42:20,18:42:23,0.9270248108869579
500,14,18:42:23,18:42:26,1.224744871391589
500,15,18:42:26,18:42:30,1.8666480653835098
500,16,18:42:30,18:42:33,1.7275343701356567
500,17,18:42:33,18:42:36,1.0301575072754254
500,18,18:42:36,18:42:38,0.7071067811865476
500,19,18:42:38,18:42:42,1.594744454934147
500,20,18:42:42,18:42:45,0.8660254037844386
600,1,18:42:45,18:42:50,1.4142135623730951
600,2,18:42:50,18:42:53,1.0
600,3,18:42:53,18:42:57,0.7806247497997998
600,4,18:42:57,18:43:00,2.23606797749979
600,5,18:43:00,18:43:04,0.6614378277661477
600,6,18:43:04,18:43:07,0.8660254037844386
600,7,18:43:07,18:43:11,0.9682458365518543
600,8,18:43:11,18:43:14,1.299038105676658
600,9,18:43:14,18:43:18,1.1547005383792515
600,10,18:43:18,18:43:22,1.4523687548277813
600,11,18:43:22,18:43:25,1.4142135623730951
600,12,18:43:25,18:43:29,1.5612494995995996
600,13,18:43:29,18:43:34,1.0532687216470449
600,14,18:43:34,18:43:37,0.9921567416492215
600,15,18:43:37,18:43:41,1.3228756555322954
600,16,18:43:41,18:43:44,1.3228756555322954
600,17,18:43:44,18:43:48,1.0
600,18,18:43:48,18:43:51,1.653594569415369
600,19,18:43:51,18:43:55,1.257078722109418
600,20,18:43:55,18:43:59,1.6153559979150107
700,1,18:43:59,18:44:03,0.9921567416492215
700,2,18:44:03,18:44:07,2.2043990110685496
700,3,18:44:07,18:44:11,1.6909686573085854
700,4,18:44:11,18:44:16,0.9270248108869579
700,5,18:44:16,18:44:21,1.0897247358851685
700,6,18:44:21,18:44:25,1.2686114456365274
700,7,18:44:25,18:44:29,1.479019945774904
700,8,18:44:29,18:44:33,1.3169567191065923
700,9,18:44:33,18:44:37,1.1547005383792515
700,10,18:44:37,18:44:41,1.0532687216470449
700,11,18:44:41,18:44:45,2.1758618981911515
700,12,18:44:45,18:44:49,0.7806247497997998
700,13,18:44:49,18:44:53,1.1110243021644486
700,14,18:44:53,18:44:59,1.7284832429004493
700,15,18:44:59,18:45:03,1.4523687548277813
700,16,18:45:03,18:45:08,1.8540496217739157
700,17,18:45:08,18:45:12,0.8569568250501305
700,18,18:45:12,18:45:17,0.8660254037844386
700,19,18:45:17,18:45:21,1.5612494995995996
700,20,18:45:21,18:45:25,1.2183492931011204
800,1,18:45:25,18:45:30,1.0897247358851685
800,2,18:45:30,18:45:35,0.9921567416492215
800,3,18:45:35,18:45:39,1.299038105676658
800,4,18:45:39,18:45:45,1.5
800,5,18:45:45,18:45:50,0.9921567416492215
800,6,18:45:50,18:45:55,0.8569568250501305
800,7,18:45:55,18:45:59,1.6153559979150107
800,8,18:45:59,18:46:04,1.1989578808281798
800,9,18:46:04,18:46:09,1.498298354528788
800,10,18:46:09,18:46:13,0.6614378277661477
800,11,18:46:13,18:46:18,1.4907119849998596
800,12,18:46:18,18:46:24,1.2183492931011204
800,13,18:46:24,18:46:29,1.4142135623730951
800,14,18:46:29,18:46:34,1.996089927833914
800,15,18:46:34,18:46:38,0.9270248108869579
800,16,18:46:38,18:46:43,1.5612494995995996
800,17,18:46:43,18:46:48,0.9270248108869579
800,18,18:46:48,18:46:53,1.3698697784375502
800,19,18:46:53,18:46:57,1.4086784586980805
800,20,18:46:57,18:47:03,0.9558139185602919
900,1,18:47:03,18:47:09,0.9938079899999066
900,2,18:47:09,18:47:14,1.3635890143294642
900,3,18:47:14,18:47:19,1.3635890143294642
900,4,18:47:19,18:47:25,1.2183492931011204
900,5,18:47:25,18:47:30,1.1989578808281798
900,6,18:47:30,18:47:35,1.6996731711975948
900,7,18:47:35,18:47:40,1.7633419974582356
900,8,18:47:40,18:47:47,0.7806247497997998
900,9,18:47:47,18:47:53,1.4523687548277813
900,10,18:47:53,18:47:58,1.5634719199411433
900,11,18:47:58,18:48:03,1.5612494995995996
900,12,18:48:03,18:48:09,1.0
900,13,18:48:09,18:48:14,1.1989578808281798
900,14,18:48:14,18:48:19,1.1989578808281798
900,15,18:48:19,18:48:26,1.2183492931011204
900,16,18:48:26,18:48:31,1.4086784586980805
900,17,18:48:31,18:48:36,1.5
900,18,18:48:36,18:48:42,1.984313483298443
900,19,18:48:42,18:48:48,0.9270248108869579
900,20,18:48:48,18:48:53,0.9558139185602919
1000,1,18:48:53,18:48:59,1.5761900266148114
1000,2,18:48:59,18:49:07,1.3635890143294642
1000,3,18:49:07,18:49:13,1.4947825928876748
1000,4,18:49:13,18:49:18,1.4086784586980805
1000,5,18:49:18,18:49:24,1.4523687548277813
1000,6,18:49:24,18:49:30,1.165922381636102
1000,7,18:49:30,18:49:36,0.9682458365518543
1000,8,18:49:36,18:49:42,1.4947825928876748
1000,9,18:49:42,18:49:47,0.9258200997725514
1000,10,18:49:47,18:49:55,0.7806247497997998
1000,11,18:49:55,18:50:01,1.7633419974582356
1000,12,18:50:01,18:50:07,1.9499920860871383
1000,13,18:50:07,18:50:13,1.2183492931011204
1000,14,18:50:13,18:50:19,1.0532687216470449
1000,15,18:50:19,18:50:24,0.7806247497997998
1000,16,18:50:24,18:50:32,1.4142135623730951
1000,17,18:50:32,18:50:37,1.3919410907075054
1000,18,18:50:37,18:50:43,1.4523687548277813
1000,19,18:50:43,18:50:49,0.82915619758885
1000,20,18:50:49,18:50:55,1.0532687216470449
