100,1,16:22:30,16:22:31,1.1110243021644486
100,2,16:22:31,16:22:33,0.9682458365518543
100,3,16:22:33,16:22:35,1.224744871391589
100,4,16:22:35,16:22:38,1.224744871391589
100,5,16:22:38,16:22:40,1.6996731711975948
100,6,16:22:40,16:22:42,1.5612494995995996
100,7,16:22:42,16:22:43,1.299038105676658
100,8,16:22:43,16:22:46,1.1110243021644486
100,9,16:22:46,16:22:47,1.3169567191065923
100,10,16:22:47,16:22:49,1.3228756555322954
100,11,16:22:49,16:22:51,1.5761900266148114
100,12,16:22:51,16:22:53,1.6850834320114558
100,13,16:22:53,16:22:55,1.3169567191065923
100,14,16:22:55,16:22:57,1.2183492931011204
100,15,16:22:57,16:22:59,1.5761900266148114
100,16,16:22:59,16:23:01,1.5612494995995996
100,17,16:23:01,16:23:03,2.368411915187052
100,18,16:23:03,16:23:05,1.1110243021644486
100,19,16:23:05,16:23:07,1.7633419974582356
100,20,16:23:07,16:23:09,1.299038105676658
200,1,16:23:09,16:23:12,1.1110243021644486
200,2,16:23:12,16:23:16,1.0
200,3,16:23:16,16:23:20,1.5761900266148114
200,4,16:23:20,16:23:25,1.247219128924647
200,5,16:23:25,16:23:29,1.2183492931011204
200,6,16:23:29,16:23:32,1.5475986974649023
200,7,16:23:32,16:23:36,0.9682458365518543
200,8,16:23:36,16:23:39,1.1110243021644486
200,9,16:23:39,16:23:43,2.1213203435596424
200,10,16:23:43,16:23:46,1.6583123951777
200,11,16:23:46,16:23:50,0.8660254037844386
200,12,16:23:50,16:23:53,1.224744871391589
200,13,16:23:53,16:23:57,1.0532687216470449
200,14,16:23:57,16:24:00,1.4086784586980805
200,15,16:24:00,16:24:04,1.2183492931011204
200,16,16:24:04,16:24:08,1.594744454934147
200,17,16:24:08,16:24:11,1.6583123951777
200,18,16:24:11,16:24:15,3.4641016151377544
200,19,16:24:15,16:24:18,1.6850834320114558
200,20,16:24:18,16:24:22,1.1110243021644486
300,1,16:24:22,16:24:27,0.9921567416492215
300,2,16:24:27,16:24:32,1.165922381636102
300,3,16:24:32,16:24:37,1.1110243021644486
300,4,16:24:37,16:24:42,1.0
300,5,16:24:42,16:24:47,1.2183492931011204
300,6,16:24:47,16:24:53,1.0897247358851685
300,7,16:24:53,16:24:58,1.5761900266148114
300,8,16:24:58,16:25:03,1.6178021976178931
300,9,16:25:03,16:25:08,1.4086784586980805
300,10,16:25:08,16:25:13,1.6583123951777
300,11,16:25:13,16:25:19,1.1110243021644486
300,12,16:25:19,16:25:24,1.6583123951777
300,13,16:25:24,16:25:29,1.4086784586980805
300,14,16:25:29,16:25:34,1.5761900266148114
300,15,16:25:34,16:25:39,1.1989578808281798
300,16,16:25:39,16:25:44,1.6850834320114558
300,17,16:25:44,16:25:50,1.8540496217739157
300,18,16:25:50,16:25:55,1.3169567191065923
300,19,16:25:55,16:26:00,1.5612494995995996
300,20,16:26:00,16:26:05,1.1110243021644486
400,1,16:26:05,16:26:12,1.8328597873268975
400,2,16:26:12,16:26:19,1.7853571071357126
400,3,16:26:19,16:26:26,1.594744454934147
400,4,16:26:26,16:26:33,1.6153559979150107
400,5,16:26:33,16:26:40,1.0897247358851685
400,6,16:26:40,16:26:47,1.3635890143294642
400,7,16:26:47,16:26:54,1.4142135623730951
400,8,16:26:54,16:27:01,1.5761900266148114
400,9,16:27:01,16:27:07,1.3169567191065923
400,10,16:27:07,16:27:14,1.1110243021644486
400,11,16:27:14,16:27:21,1.1110243021644486
400,12,16:27:21,16:27:29,1.1110243021644486
400,13,16:27:29,16:27:35,0.9270248108869579
400,14,16:27:35,16:27:42,1.920286436967152
400,15,16:27:42,16:27:49,1.5
400,16,16:27:49,16:27:56,2.5708704751503917
400,17,16:27:56,16:28:03,0.9921567416492215
400,18,16:28:03,16:28:11,1.0532687216470449
400,19,16:28:11,16:28:18,1.224744871391589
400,20,16:28:18,16:28:25,1.6909686573085854
500,1,16:28:25,16:28:34,1.6629588385661962
500,2,16:28:34,16:28:42,0.9682458365518543
500,3,16:28:42,16:28:51,1.4086784586980805
500,4,16:28:51,16:29:00,1.0
500,5,16:29:00,16:29:08,1.9436506316151
500,6,16:29:08,16:29:17,1.165922381636102
500,7,16:29:17,16:29:26,0.9270248108869579
500,8,16:29:26,16:29:34,1.3169567191065923
500,9,16:29:34,16:29:43,1.224744871391589
500,10,16:29:43,16:29:52,1.1110243021644486
500,11,16:29:52,16:30:00,1.4086784586980805
500,12,16:30:00,16:30:09,1.5713484026367723
500,13,16:30:09,16:30:19,1.1110243021644486
500,14,16:30:19,16:30:27,1.2183492931011204
500,15,16:30:27,16:30:36,1.5761900266148114
500,16,16:30:36,16:30:45,1.6850834320114558
500,17,16:30:45,16:30:53,1.414213562373095
500,18,16:30:53,16:31:02,2.2043990110685496
500,19,16:31:02,16:31:11,1.4523687548277813
500,20,16:31:11,16:31:19,1.5761900266148114
600,1,16:31:19,16:31:30,1.0
600,2,16:31:30,16:31:40,1.2183492931011204
600,3,16:31:40,16:31:50,1.1110243021644486
600,4,16:31:50,16:32:01,1.414213562373095
600,5,16:32:01,16:32:11,1.4142135623730951
600,6,16:32:11,16:32:22,1.3169567191065923
600,7,16:32:22,16:32:32,1.4142135623730951
600,8,16:32:32,16:32:42,1.4523687548277813
600,9,16:32:42,16:32:53,1.2183492931011204
600,10,16:32:53,16:33:03,1.4086784586980805
600,11,16:33:03,16:33:14,1.0897247358851685
600,12,16:33:14,16:33:25,1.4523687548277813
600,13,16:33:25,16:33:35,1.299038105676658
600,14,16:33:35,16:33:46,1.479019945774904
600,15,16:33:46,16:33:56,1.1110243021644486
600,16,16:33:56,16:34:07,0.9921567416492215
600,17,16:34:07,16:34:17,1.3169567191065923
600,18,16:34:17,16:34:28,1.662958838566196
600,19,16:34:28,16:34:38,2.4206145913796355
600,20,16:34:38,16:34:48,1.165922381636102
700,1,16:34:48,16:35:01,1.2686114456365274
700,2,16:35:01,16:35:13,1.165922381636102
700,3,16:35:13,16:35:25,1.9364916731037085
700,4,16:35:25,16:35:37,1.0897247358851685
700,5,16:35:37,16:35:49,1.6909686573085854
700,6,16:35:49,16:36:01,1.4086784586980805
700,7,16:36:01,16:36:13,0.9270248108869579
700,8,16:36:13,16:36:25,1.1110243021644486
700,9,16:36:25,16:36:37,2.384848003542364
700,10,16:36:37,16:36:50,1.6583123951777
700,11,16:36:50,16:37:04,1.6583123951777
700,12,16:37:04,16:37:17,1.224744871391589
700,13,16:37:17,16:37:30,1.0897247358851685
700,14,16:37:30,16:37:42,1.1110243021644486
700,15,16:37:42,16:37:54,1.4142135623730951
700,16,16:37:54,16:38:06,1.414213562373095
700,17,16:38:06,16:38:19,1.1110243021644486
700,18,16:38:19,16:38:31,1.247219128924647
700,19,16:38:31,16:38:43,2.698879511442471
700,20,16:38:43,16:38:55,1.224744871391589
800,1,16:38:55,16:39:08,1.299038105676658
800,2,16:39:08,16:39:22,1.3635890143294642
800,3,16:39:22,16:39:36,1.0532687216470449
800,4,16:39:36,16:39:49,2.521780125229002
800,5,16:39:49,16:40:05,1.6996731711975948
800,6,16:40:05,16:40:20,1.1110243021644486
800,7,16:40:20,16:40:34,1.3333333333333333
800,8,16:40:34,16:40:47,1.3169567191065923
800,9,16:40:47,16:41:01,1.5713484026367723
800,10,16:41:01,16:41:15,1.5761900266148114
800,11,16:41:15,16:41:29,1.1110243021644486
800,12,16:41:29,16:41:44,3.072051431861127
800,13,16:41:44,16:42:00,1.9116278371205837
800,14,16:42:00,16:42:15,1.2686114456365274
800,15,16:42:15,16:42:30,1.2183492931011204
800,16,16:42:30,16:42:45,1.6178021976178931
800,17,16:42:45,16:43:00,1.79843682124227
800,18,16:43:00,16:43:15,1.5761900266148114
800,19,16:43:15,16:43:31,1.1110243021644486
800,20,16:43:31,16:43:46,1.3698697784375502
900,1,16:43:46,16:44:03,1.224744871391589
900,2,16:44:03,16:44:19,1.8708286933869707
900,3,16:44:19,16:44:36,1.165922381636102
900,4,16:44:36,16:44:52,1.1110243021644486
900,5,16:44:52,16:45:09,1.5761900266148114
900,6,16:45:09,16:45:25,1.224744871391589
900,7,16:45:25,16:45:42,1.299038105676658
900,8,16:45:42,16:45:59,1.1110243021644486
900,9,16:45:59,16:46:16,3.992179855667828
900,10,16:46:16,16:46:32,2.449489742783178
900,11,16:46:32,16:46:49,2.309401076758503
900,12,16:46:49,16:47:07,3.858612300930075
900,13,16:47:07,16:47:24,2.5860201081971503
900,14,16:47:24,16:47:39,1.5761900266148114
900,15,16:47:39,16:47:55,1.5761900266148114
900,16,16:47:55,16:48:12,1.165922381636102
900,17,16:48:12,16:48:29,1.3635890143294642
900,18,16:48:29,16:48:45,1.5761900266148114
900,19,16:48:45,16:49:01,2.8256636388643286
900,20,16:49:01,16:49:18,1.299038105676658
1000,1,16:49:18,16:49:36,1.0897247358851685
1000,2,16:49:36,16:49:54,1.165922381636102
1000,3,16:49:54,16:50:12,1.8328597873268975
1000,4,16:50:12,16:50:31,1.224744871391589
1000,5,16:50:31,16:50:49,1.2183492931011204
1000,6,16:50:49,16:51:07,1.2183492931011204
1000,7,16:51:07,16:51:25,1.1110243021644486
1000,8,16:51:25,16:51:43,1.3169567191065923
1000,9,16:51:43,16:52:03,1.2686114456365274
1000,10,16:52:03,16:52:24,1.0897247358851685
1000,11,16:52:24,16:52:42,1.5713484026367723
1000,12,16:52:42,16:52:59,1.1110243021644486
1000,13,16:52:59,16:53:16,1.299038105676658
1000,14,16:53:16,16:53:34,0.9921567416492215
1000,15,16:53:34,16:53:51,1.0897247358851685
1000,16,16:53:51,16:54:08,1.5761900266148114
1000,17,16:54:08,16:54:25,1.9364916731037085
1000,18,16:54:25,16:54:43,1.6178021976178931
1000,19,16:54:43,16:55:00,1.1989578808281798
1000,20,16:55:00,16:55:17,1.2183492931011204
100,1,18:35:43,18:35:45,1.2183492931011204
100,2,18:35:45,18:35:46,2.1081851067789197
100,3,18:35:46,18:35:48,1.5234788000891208
100,4,18:35:48,18:35:50,1.3228756555322954
100,5,18:35:50,18:35:52,1.6996731711975948
100,6,18:35:52,18:35:54,1.594744454934147
100,7,18:35:54,18:35:56,1.3169567191065923
100,8,18:35:56,18:35:58,1.5761900266148114
100,9,18:35:58,18:35:59,2.8034576865007255
100,10,18:35:59,18:36:01,1.1110243021644486
100,11,18:36:01,18:36:03,1.6583123951777
100,12,18:36:03,18:36:05,1.3919410907075054
100,13,18:36:05,18:36:07,2.0608041101101566
100,14,18:36:07,18:36:09,1.4523687548277813
100,15,18:36:09,18:36:11,3.832427429188973
100,16,18:36:11,18:36:12,1.6909686573085854
100,17,18:36:12,18:36:14,1.5475986974649023
100,18,18:36:14,18:36:16,1.1110243021644486
100,19,18:36:16,18:36:18,1.5761900266148114
100,20,18:36:18,18:36:20,1.0
200,1,18:36:20,18:36:23,1.1110243021644486
200,2,18:36:23,18:36:27,1.3228756555322954
200,3,18:36:27,18:36:31,1.6393596310755
200,4,18:36:31,18:36:34,1.4086784586980805
200,5,18:36:34,18:36:38,1.6583123951777
200,6,18:36:38,18:36:42,1.3169567191065923
200,7,18:36:42,18:36:45,0.9270248108869579
200,8,18:36:45,18:36:49,1.6153559979150107
200,9,18:36:49,18:36:52,2.368411915187052
200,10,18:36:52,18:36:56,2.680951323690902
200,11,18:36:56,18:37:00,0.9921567416492215
200,12,18:37:00,18:37:03,1.1110243021644486
200,13,18:37:03,18:37:07,0.9682458365518543
200,14,18:37:07,18:37:10,1.5761900266148114
200,15,18:37:10,18:37:14,1.1110243021644486
200,16,18:37:14,18:37:18,1.4487116456005884
200,17,18:37:18,18:37:21,1.617802197617893
200,18,18:37:21,18:37:25,2.165063509461097
200,19,18:37:25,18:37:29,1.165922381636102
200,20,18:37:29,18:37:33,1.4142135623730951
300,1,18:37:33,18:37:38,1.224744871391589
300,2,18:37:38,18:37:43,0.9682458365518543
300,3,18:37:43,18:37:49,1.3169567191065923
300,4,18:37:49,18:37:54,1.4907119849998598
300,5,18:37:54,18:38:00,1.1110243021644486
300,6,18:38:00,18:38:05,1.4086784586980805
300,7,18:38:05,18:38:10,1.3919410907075054
300,8,18:38:10,18:38:16,1.0532687216470449
300,9,18:38:16,18:38:21,1.7275343701356567
300,10,18:38:21,18:38:27,1.4142135623730951
300,11,18:38:27,18:38:32,1.5360257159305635
300,12,18:38:32,18:38:38,1.7853571071357126
300,13,18:38:38,18:38:43,1.299038105676658
300,14,18:38:43,18:38:48,1.6583123951777
300,15,18:38:48,18:38:54,0.9270248108869579
300,16,18:38:54,18:38:59,1.5
300,17,18:38:59,18:39:05,3.2317865716108862
300,18,18:39:05,18:39:10,1.5
300,19,18:39:10,18:39:16,1.3169567191065923
300,20,18:39:16,18:39:21,1.3228756555322954
400,1,18:39:21,18:39:28,1.6393596310755
400,2,18:39:28,18:39:36,0.8569568250501305
400,3,18:39:36,18:39:43,3.119995993587171
400,4,18:39:43,18:39:50,1.4487116456005884
400,5,18:39:50,18:39:58,1.5612494995995996
400,6,18:39:58,18:40:05,1.3169567191065923
400,7,18:40:05,18:40:12,0.9682458365518543
400,8,18:40:12,18:40:19,1.1110243021644486
400,9,18:40:19,18:40:27,1.3635890143294642
400,10,18:40:27,18:40:34,0.8660254037844386
400,11,18:40:34,18:40:41,1.165922381636102
400,12,18:40:41,18:40:48,1.479019945774904
400,13,18:40:48,18:40:56,1.5360257159305635
400,14,18:40:56,18:41:03,1.118033988749895
400,15,18:41:03,18:41:10,1.0532687216470449
400,16,18:41:10,18:41:17,1.2183492931011204
400,17,18:41:17,18:41:25,2.165954298846436
400,18,18:41:25,18:41:32,0.9682458365518543
400,19,18:41:32,18:41:39,1.3228756555322954
400,20,18:41:39,18:41:46,1.4947825928876748
500,1,18:41:46,18:41:55,0.9682458365518543
500,2,18:41:55,18:42:04,1.0
500,3,18:42:04,18:42:13,1.1110243021644486
500,4,18:42:13,18:42:22,1.5
500,5,18:42:22,18:42:31,1.5761900266148114
500,6,18:42:31,18:42:40,1.1110243021644486
500,7,18:42:40,18:42:49,1.0897247358851685
500,8,18:42:49,18:42:58,1.1110243021644486
500,9,18:42:58,18:43:07,1.3169567191065923
500,10,18:43:07,18:43:16,1.5761900266148114
500,11,18:43:16,18:43:25,1.224744871391589
500,12,18:43:25,18:43:34,1.1110243021644486
500,13,18:43:34,18:43:43,1.2183492931011204
500,14,18:43:43,18:43:52,2.1213203435596424
500,15,18:43:52,18:44:02,1.224744871391589
500,16,18:44:02,18:44:11,1.224744871391589
500,17,18:44:11,18:44:20,1.1110243021644486
500,18,18:44:20,18:44:29,1.8328597873268975
500,19,18:44:29,18:44:38,1.1110243021644486
500,20,18:44:38,18:44:47,1.3228756555322954
600,1,18:44:47,18:44:58,1.1110243021644486
600,2,18:44:58,18:45:08,1.1110243021644486
600,3,18:45:08,18:45:19,3.3166247903554
600,4,18:45:19,18:45:30,1.5
600,5,18:45:30,18:45:41,1.0897247358851685
600,6,18:45:41,18:45:52,1.479019945774904
600,7,18:45:52,18:46:02,0.9270248108869579
600,8,18:46:02,18:46:13,1.3169567191065923
600,9,18:46:13,18:46:24,1.5761900266148114
600,10,18:46:24,18:46:35,1.6329931618554518
600,11,18:46:35,18:46:46,1.165922381636102
600,12,18:46:46,18:46:56,2.057759704144291
600,13,18:46:56,18:47:07,1.299038105676658
600,14,18:47:07,18:47:18,1.0897247358851685
600,15,18:47:18,18:47:29,1.5360257159305635
600,16,18:47:29,18:47:40,1.0532687216470449
600,17,18:47:40,18:47:51,0.9270248108869579
600,18,18:47:51,18:48:02,1.5811388300841898
600,19,18:48:02,18:48:12,1.3635890143294642
600,20,18:48:12,18:48:23,2.165063509461097
700,1,18:48:23,18:48:36,1.1110243021644486
700,2,18:48:36,18:48:48,2.6666666666666665
700,3,18:48:48,18:49:01,2.1758618981911515
700,4,18:49:01,18:49:14,1.247219128924647
700,5,18:49:14,18:49:26,1.0897247358851685
700,6,18:49:26,18:49:39,1.3169567191065923
700,7,18:49:39,18:49:51,0.9270248108869579
700,8,18:49:51,18:50:04,1.2183492931011204
700,9,18:50:04,18:50:17,1.5612494995995996
700,10,18:50:17,18:50:30,1.3146843962443593
700,11,18:50:30,18:50:42,2.2603926650031405
700,12,18:50:42,18:50:53,1.3919410907075054
700,13,18:50:53,18:51:05,2.0608041101101566
700,14,18:51:05,18:51:17,1.6996731711975948
700,15,18:51:17,18:51:29,1.0897247358851685
700,16,18:51:29,18:51:41,1.299038105676658
700,17,18:51:41,18:51:53,1.640535895581489
700,18,18:51:53,18:52:06,0.9682458365518543
700,19,18:52:06,18:52:18,1.8708286933869707
700,20,18:52:18,18:52:30,0.9682458365518543
800,1,18:52:30,18:52:43,1.0532687216470449
800,2,18:52:43,18:52:57,1.224744871391589
800,3,18:52:57,18:53:11,1.414213562373095
800,4,18:53:11,18:53:24,1.165922381636102
800,5,18:53:24,18:53:38,1.5360257159305635
800,6,18:53:38,18:53:51,1.0897247358851685
800,7,18:53:51,18:54:05,1.6629588385661962
800,8,18:54:05,18:54:19,0.9270248108869579
800,9,18:54:19,18:54:32,1.165922381636102
800,10,18:54:32,18:54:46,1.6909686573085854
800,11,18:54:46,18:55:00,1.1110243021644486
800,12,18:55:00,18:55:15,1.8525924445036739
800,13,18:55:15,18:55:28,1.0
800,14,18:55:28,18:55:42,1.299038105676658
800,15,18:55:42,18:55:56,1.4947825928876748
800,16,18:55:56,18:56:10,1.2183492931011204
800,17,18:56:10,18:56:23,2.277608394786075
800,18,18:56:23,18:56:37,1.2183492931011204
800,19,18:56:37,18:56:51,1.3169567191065923
800,20,18:56:51,18:57:04,1.479019945774904
900,1,18:57:05,18:57:20,0.9682458365518543
900,2,18:57:20,18:57:35,1.6583123951777
900,3,18:57:35,18:57:51,1.2183492931011204
900,4,18:57:51,18:58:06,1.5612494995995996
900,5,18:58:06,18:58:21,1.5612494995995996
900,6,18:58:21,18:58:37,1.4523687548277813
900,7,18:58:37,18:58:53,1.165922381636102
900,8,18:58:53,18:59:08,1.6850834320114558
900,9,18:59:08,18:59:24,1.0
900,10,18:59:24,18:59:39,1.8328597873268975
900,11,18:59:39,18:59:54,1.3635890143294642
900,12,18:59:54,19:00:10,1.224744871391589
900,13,19:00:10,19:00:25,1.6583123951777
900,14,19:00:25,19:00:40,1.0
900,15,19:00:40,19:00:56,1.5761900266148114
900,16,19:00:56,19:01:11,1.479019945774904
900,17,19:01:11,19:01:26,1.3169567191065923
900,18,19:01:26,19:01:42,1.4142135623730951
900,19,19:01:42,19:01:57,1.3919410907075054
900,20,19:01:57,19:02:13,1.1989578808281798
1000,1,19:02:13,19:02:30,2.384848003542364
1000,2,19:02:30,19:02:47,1.8405855323893037
1000,3,19:02:47,19:03:04,1.165922381636102
1000,4,19:03:04,19:03:21,2.6457513110645907
1000,5,19:03:21,19:03:38,1.1989578808281798
1000,6,19:03:38,19:03:55,1.920286436967152
1000,7,19:03:55,19:04:12,1.1110243021644486
1000,8,19:04:12,19:04:29,1.2686114456365274
1000,9,19:04:29,19:04:46,1.4086784586980805
1000,10,19:04:46,19:05:04,1.1110243021644486
1000,11,19:05:04,19:05:21,1.5761900266148114
1000,12,19:05:21,19:05:37,2.1213203435596424
1000,13,19:05:37,19:05:55,1.0999438818457405
1000,14,19:05:55,19:06:12,1.6583123951777
1000,15,19:06:12,19:06:29,1.653594569415369
1000,16,19:06:29,19:06:46,1.479019945774904
1000,17,19:06:46,19:07:04,1.5761900266148114
1000,18,19:07:04,19:07:21,1.3169567191065923
1000,19,19:07:21,19:07:38,1.1110243021644486
1000,20,19:07:38,19:07:55,0.9270248108869579
100,1,21:44:30,21:44:31,1.3169567191065923
100,2,21:44:31,21:44:33,1.4523687548277813
100,3,21:44:33,21:44:35,0.9270248108869579
100,4,21:44:35,21:44:37,1.5360257159305635
100,5,21:44:37,21:44:39,2.581988897471611
100,6,21:44:39,21:44:40,1.0
100,7,21:44:40,21:44:42,1.3228756555322954
100,8,21:44:42,21:44:44,0.9270248108869579
100,9,21:44:44,21:44:46,1.3635890143294642
100,10,21:44:46,21:44:48,1.3169567191065923
100,11,21:44:48,21:44:50,1.6583123951777
100,12,21:44:50,21:44:52,1.6583123951777
100,13,21:44:52,21:44:53,1.4947825928876748
100,14,21:44:53,21:44:55,1.920286436967152
100,15,21:44:55,21:44:57,1.4142135623730951
100,16,21:44:57,21:44:59,0.9270248108869579
100,17,21:44:59,21:45:01,1.0897247358851685
100,18,21:45:01,21:45:02,1.3635890143294642
100,19,21:45:02,21:45:04,1.299038105676658
100,20,21:45:04,21:45:06,1.165922381636102
200,1,21:45:06,21:45:10,1.0532687216470449
200,2,21:45:10,21:45:13,1.6393596310755
200,3,21:45:13,21:45:17,1.4523687548277813
200,4,21:45:17,21:45:21,1.36986977843755
200,5,21:45:21,21:45:24,0.9682458365518543
200,6,21:45:24,21:45:28,1.299038105676658
200,7,21:45:28,21:45:31,1.6583123951777
200,8,21:45:31,21:45:35,1.3169567191065923
200,9,21:45:35,21:45:40,1.479019945774904
200,10,21:45:40,21:45:43,1.299038105676658
200,11,21:45:43,21:45:47,1.6583123951777
200,12,21:45:47,21:45:51,1.594744454934147
200,13,21:45:51,21:45:54,1.224744871391589
200,14,21:45:54,21:45:58,0.9682458365518543
200,15,21:45:58,21:46:01,1.224744871391589
200,16,21:46:01,21:46:05,1.3228756555322954
200,17,21:46:05,21:46:08,1.2183492931011204
200,18,21:46:08,21:46:12,0.9682458365518543
200,19,21:46:12,21:46:15,1.5761900266148114
200,20,21:46:15,21:46:19,1.0
300,1,21:46:19,21:46:24,1.479019945774904
300,2,21:46:24,21:46:30,1.5634719199411433
300,3,21:46:30,21:46:35,0.9682458365518543
300,4,21:46:35,21:46:40,1.4142135623730951
300,5,21:46:40,21:46:46,1.617802197617893
300,6,21:46:46,21:46:51,0.9270248108869579
300,7,21:46:51,21:46:57,1.1110243021644486
300,8,21:46:57,21:47:03,1.5761900266148114
300,9,21:47:03,21:47:08,1.299038105676658
300,10,21:47:08,21:47:14,0.9270248108869579
300,11,21:47:14,21:47:19,1.2686114456365274
300,12,21:47:19,21:47:24,1.4947825928876748
300,13,21:47:24,21:47:30,0.8660254037844386
300,14,21:47:30,21:47:35,0.9682458365518543
300,15,21:47:35,21:47:40,1.4086784586980805
300,16,21:47:40,21:47:46,1.9436506316151
300,17,21:47:46,21:47:51,1.5761900266148114
300,18,21:47:51,21:47:57,1.1110243021644486
300,19,21:47:57,21:48:02,2.521780125229002
300,20,21:48:02,21:48:08,1.2183492931011204
400,1,21:48:08,21:48:15,2.117634293262177
400,2,21:48:15,21:48:22,1.1110243021644486
400,3,21:48:22,21:48:29,1.5761900266148114
400,4,21:48:29,21:48:37,1.0897247358851685
400,5,21:48:37,21:48:44,1.286204100310025
400,6,21:48:44,21:48:51,1.3169567191065923
400,7,21:48:51,21:48:58,2.199887763691481
400,8,21:48:58,21:49:05,1.224744871391589
400,9,21:49:05,21:49:13,1.1110243021644486
400,10,21:49:13,21:49:20,0.8660254037844386
400,11,21:49:20,21:49:27,1.5360257159305635
400,12,21:49:27,21:49:34,1.0
400,13,21:49:34,21:49:42,1.8121673811444545
400,14,21:49:42,21:49:49,0.9270248108869579
400,15,21:49:49,21:49:55,1.6909686573085854
400,16,21:49:55,21:50:03,1.5360257159305635
400,17,21:50:03,21:50:10,1.1989578808281798
400,18,21:50:10,21:50:17,1.8027756377319946
400,19,21:50:17,21:50:24,1.1110243021644486
400,20,21:50:24,21:50:31,1.5
500,1,21:50:31,21:50:40,1.1989578808281798
500,2,21:50:40,21:50:49,0.9270248108869579
500,3,21:50:49,21:50:57,1.5
500,4,21:50:57,21:51:06,1.4086784586980805
500,5,21:51:06,21:51:14,1.6153559979150107
500,6,21:51:14,21:51:23,1.0
500,7,21:51:23,21:51:32,1.8540496217739157
500,8,21:51:32,21:51:41,1.0
500,9,21:51:41,21:51:49,1.6178021976178931
500,10,21:51:49,21:51:59,1.6583123951777
500,11,21:51:59,21:52:08,1.0897247358851685
500,12,21:52:08,21:52:16,3.5333235062756425
500,13,21:52:16,21:52:25,1.3635890143294642
500,14,21:52:25,21:52:34,1.165922381636102
500,15,21:52:34,21:52:43,1.5612494995995996
500,16,21:52:43,21:52:52,1.1653431646335017
500,17,21:52:52,21:53:00,1.5761900266148114
500,18,21:53:00,21:53:09,1.0
500,19,21:53:09,21:53:18,1.3333333333333333
500,20,21:53:18,21:53:26,1.1110243021644486
600,1,21:53:26,21:53:37,1.0897247358851685
600,2,21:53:37,21:53:48,1.4086784586980805
600,3,21:53:48,21:53:58,1.3169567191065923
600,4,21:53:58,21:54:09,0.9682458365518543
600,5,21:54:09,21:54:19,1.0
600,6,21:54:19,21:54:30,1.6583123951777
600,7,21:54:30,21:54:40,1.6329931618554518
600,8,21:54:40,21:54:51,1.165922381636102
600,9,21:54:51,21:55:01,1.2183492931011204
600,10,21:55:01,21:55:12,2.0
600,11,21:55:12,21:55:23,1.7633419974582356
600,12,21:55:23,21:55:33,1.6153559979150107
600,13,21:55:33,21:55:44,1.4142135623730951
600,14,21:55:44,21:55:55,1.165922381636102
600,15,21:55:55,21:56:06,1.5612494995995996
600,16,21:56:06,21:56:17,1.118033988749895
600,17,21:56:17,21:56:28,1.1989578808281798
600,18,21:56:28,21:56:39,1.5360257159305635
600,19,21:56:39,21:56:50,1.5234788000891206
600,20,21:56:50,21:57:01,1.3919410907075054
700,1,21:57:01,21:57:13,1.3169567191065923
700,2,21:57:13,21:57:26,3.082207001484488
700,3,21:57:26,21:57:38,1.2183492931011204
700,4,21:57:38,21:57:51,1.5360257159305635
700,5,21:57:51,21:58:03,1.1110243021644486
700,6,21:58:03,21:58:16,1.6583123951777
700,7,21:58:16,21:58:29,2.5819888974716116
700,8,21:58:29,21:58:42,1.2183492931011204
700,9,21:58:42,21:58:55,1.3169567191065923
700,10,21:58:55,21:59:07,2.8695600708122493
700,11,21:59:07,21:59:19,1.2183492931011204
700,12,21:59:19,21:59:32,0.9270248108869579
700,13,21:59:32,21:59:45,0.82915619758885
700,14,21:59:45,21:59:58,0.9682458365518543
700,15,21:59:58,22:00:10,0.9682458365518543
700,16,22:00:10,22:00:23,1.4086784586980805
700,17,22:00:23,22:00:36,1.3635890143294642
700,18,22:00:36,22:00:48,1.5612494995995996
700,19,22:00:48,22:01:01,1.3919410907075054
700,20,22:01:01,22:01:13,1.0532687216470449
800,1,22:01:13,22:01:28,3.39934634239519
800,2,22:01:28,22:01:42,3.2379584617471546
800,3,22:01:42,22:01:56,1.1989578808281798
800,4,22:01:56,22:02:11,1.1110243021644486
800,5,22:02:11,22:02:25,1.1110243021644486
800,6,22:02:25,22:02:40,1.6393596310755
800,7,22:02:40,22:02:54,1.2183492931011204
800,8,22:02:54,22:03:08,1.899835519196333
800,9,22:03:08,22:03:23,1.5612494995995996
800,10,22:03:23,22:03:37,1.299038105676658
800,11,22:03:37,22:03:51,1.1547005383792515
800,12,22:03:51,22:04:06,1.6850834320114558
800,13,22:04:06,22:04:20,1.5761900266148114
800,14,22:04:20,22:04:34,1.1989578808281798
800,15,22:04:34,22:04:48,1.79843682124227
800,16,22:04:48,22:05:02,1.227262335243029
800,17,22:05:02,22:05:17,1.2862041003100249
800,18,22:05:17,22:05:32,1.4523687548277813
800,19,22:05:32,22:05:47,1.257078722109418
800,20,22:05:47,22:06:01,1.4947825928876748
900,1,22:06:01,22:06:17,2.0463381929681126
900,2,22:06:17,22:06:33,0.9270248108869579
900,3,22:06:33,22:06:49,3.838538133196022
900,4,22:06:49,22:07:05,1.1110243021644486
900,5,22:07:05,22:07:21,1.0532687216470449
900,6,22:07:21,22:07:37,1.5612494995995996
900,7,22:07:37,22:07:52,1.299038105676658
900,8,22:07:52,22:08:08,0.9682458365518543
900,9,22:08:08,22:08:24,1.299038105676658
900,10,22:08:24,22:08:40,1.299038105676658
900,11,22:08:40,22:08:56,1.2183492931011204
900,12,22:08:56,22:09:12,1.3333333333333333
900,13,22:09:12,22:09:28,1.1110243021644486
900,14,22:09:28,22:09:43,1.1110243021644486
900,15,22:09:43,22:09:59,0.9921567416492215
900,16,22:09:59,22:10:15,1.6178021976178931
900,17,22:10:15,22:10:31,1.3425606637327303
900,18,22:10:31,22:10:46,1.165922381636102
900,19,22:10:46,22:11:02,1.4989708403591155
900,20,22:11:02,22:11:19,1.6153559979150107
1000,1,22:11:19,22:11:36,0.9682458365518543
1000,2,22:11:36,22:11:54,1.4142135623730951
1000,3,22:11:54,22:12:11,0.8660254037844386
1000,4,22:12:11,22:12:29,1.0
1000,5,22:12:29,22:12:47,1.3169567191065923
1000,6,22:12:47,22:13:04,1.6393596310755
1000,7,22:13:04,22:13:22,2.1065374432940898
1000,8,22:13:22,22:13:39,1.3169567191065923
1000,9,22:13:39,22:13:57,1.1110243021644486
1000,10,22:13:57,22:14:14,1.0897247358851685
1000,11,22:14:14,22:14:31,2.54644359843292
1000,12,22:14:31,22:14:49,2.057759704144291
1000,13,22:14:49,22:15:06,1.5360257159305635
1000,14,22:15:06,22:15:23,1.3228756555322954
1000,15,22:15:23,22:15:41,1.118033988749895
1000,16,22:15:41,22:15:58,1.3698697784375502
1000,17,22:15:58,22:16:15,1.224744871391589
1000,18,22:16:15,22:16:33,1.165922381636102
1000,19,22:16:33,22:16:50,1.299038105676658
1000,20,22:16:50,22:17:08,0.8660254037844386
100,1,00:56:43,00:56:45,1.899835519196333
100,2,00:56:45,00:56:47,1.6996731711975948
100,3,00:56:47,00:56:49,1.4086784586980805
100,4,00:56:49,00:56:50,1.8666480653835098
100,5,00:56:50,00:56:52,1.6909686573085854
100,6,00:56:52,00:56:54,2.0608041101101566
100,7,00:56:54,00:56:56,1.479019945774904
100,8,00:56:56,00:56:58,1.479019945774904
100,9,00:56:58,00:56:59,1.2183492931011204
100,10,00:56:59,00:57:01,1.0897247358851685
100,11,00:57:01,00:57:03,1.3169567191065923
100,12,00:57:03,00:57:05,1.5761900266148114
100,13,00:57:05,00:57:07,0.9682458365518543
100,14,00:57:07,00:57:08,0.9682458365518543
100,15,00:57:08,00:57:10,1.1110243021644486
100,16,00:57:10,00:57:12,1.479019945774904
100,17,00:57:12,00:57:14,1.6583123951777
100,18,00:57:14,00:57:16,1.3169567191065923
100,19,00:57:16,00:57:17,0.9270248108869579
100,20,00:57:17,00:57:19,1.5
200,1,00:57:19,00:57:23,1.1989578808281798
200,2,00:57:23,00:57:26,1.892154040658489
200,3,00:57:26,00:57:30,1.257078722109418
200,4,00:57:30,00:57:34,1.479019945774904
200,5,00:57:34,00:57:37,1.3228756555322954
200,6,00:57:37,00:57:40,1.5761900266148114
200,7,00:57:40,00:57:44,1.6583123951777
200,8,00:57:44,00:57:48,1.5761900266148114
200,9,00:57:48,00:57:51,1.6583123951777
200,10,00:57:51,00:57:55,1.6583123951777
200,11,00:57:55,00:57:58,1.6850834320114558
200,12,00:57:58,00:58:02,1.3169567191065923
200,13,00:58:02,00:58:06,1.6583123951777
200,14,00:58:06,00:58:10,1.6996731711975948
200,15,00:58:10,00:58:13,1.2183492931011204
200,16,00:58:13,00:58:17,1.2183492931011204
200,17,00:58:17,00:58:20,1.479019945774904
200,18,00:58:20,00:58:24,1.0897247358851685
200,19,00:58:24,00:58:28,1.0897247358851685
200,20,00:58:28,00:58:32,1.3228756555322954
300,1,00:58:32,00:58:37,1.6153559979150107
300,2,00:58:37,00:58:42,1.1110243021644486
300,3,00:58:42,00:58:48,3.119995993587171
300,4,00:58:48,00:58:53,1.0897247358851685
300,5,00:58:53,00:58:58,2.277608394786075
300,6,00:58:58,00:59:04,1.8257418583505536
300,7,00:59:04,00:59:09,1.299038105676658
300,8,00:59:09,00:59:14,1.165922381636102
300,9,00:59:14,00:59:20,1.6583123951777
300,10,00:59:20,00:59:25,0.9270248108869579
300,11,00:59:25,00:59:30,1.299038105676658
300,12,00:59:30,00:59:36,0.8660254037844386
300,13,00:59:36,00:59:41,1.4947825928876748
300,14,00:59:41,00:59:46,2.345207879911715
300,15,00:59:46,00:59:51,1.1110243021644486
300,16,00:59:51,00:59:57,1.1110243021644486
300,17,00:59:57,01:00:02,1.4740554623801778
300,18,01:00:02,01:00:07,2.2498285257018424
300,19,01:00:07,01:00:13,1.118033988749895
300,20,01:00:13,01:00:18,1.299038105676658
400,1,01:00:18,01:00:25,0.9682458365518543
400,2,01:00:25,01:00:32,1.4523687548277813
400,3,01:00:32,01:00:39,1.617802197617893
400,4,01:00:39,01:00:46,1.5761900266148114
400,5,01:00:46,01:00:53,1.3169567191065923
400,6,01:00:53,01:01:01,1.547598697464902
400,7,01:01:01,01:01:08,1.5761900266148114
400,8,01:01:08,01:01:15,1.1110243021644486
400,9,01:01:15,01:01:22,1.1110243021644486
400,10,01:01:22,01:01:29,1.224744871391589
400,11,01:01:29,01:01:37,1.165922381636102
400,12,01:01:37,01:01:44,1.224744871391589
400,13,01:01:44,01:01:51,3.887077951366553
400,14,01:01:51,01:01:58,1.2686114456365274
400,15,01:01:58,01:02:05,1.3635890143294642
400,16,01:02:05,01:02:12,1.3333333333333333
400,17,01:02:12,01:02:19,1.0
400,18,01:02:19,01:02:26,1.3635890143294642
400,19,01:02:26,01:02:34,1.299038105676658
400,20,01:02:34,01:02:41,1.1110243021644486
500,1,01:02:41,01:02:50,0.9270248108869579
500,2,01:02:50,01:02:58,1.6909686573085854
500,3,01:02:58,01:03:08,1.1110243021644486
500,4,01:03:08,01:03:17,1.479019945774904
500,5,01:03:17,01:03:26,1.5360257159305635
500,6,01:03:26,01:03:35,1.1110243021644486
500,7,01:03:35,01:03:44,2.5
500,8,01:03:44,01:03:53,1.79843682124227
500,9,01:03:53,01:04:02,0.8569568250501305
500,10,01:04:02,01:04:11,1.1110243021644486
500,11,01:04:11,01:04:20,1.3169567191065923
500,12,01:04:20,01:04:29,1.0897247358851685
500,13,01:04:29,01:04:38,0.8569568250501305
500,14,01:04:38,01:04:47,1.1653431646335017
500,15,01:04:47,01:04:56,0.9270248108869579
500,16,01:04:56,01:05:05,1.5761900266148114
500,17,01:05:05,01:05:15,1.4740554623801778
500,18,01:05:15,01:05:24,1.247219128924647
500,19,01:05:24,01:05:33,2.1758618981911515
500,20,01:05:33,01:05:42,1.224744871391589
600,1,01:05:42,01:05:53,1.0897247358851685
600,2,01:05:53,01:06:03,1.5761900266148114
600,3,01:06:03,01:06:14,1.299038105676658
600,4,01:06:14,01:06:25,1.7853571071357126
600,5,01:06:25,01:06:36,1.3635890143294642
600,6,01:06:36,01:06:47,1.165922381636102
600,7,01:06:47,01:06:57,1.7275343701356567
600,8,01:06:57,01:07:07,1.1110243021644486
600,9,01:07:07,01:07:18,1.3635890143294642
600,10,01:07:18,01:07:29,1.3919410907075054
600,11,01:07:29,01:07:39,1.0657403385139377
600,12,01:07:39,01:07:50,1.5761900266148114
600,13,01:07:50,01:08:01,1.0532687216470449
600,14,01:08:01,01:08:12,1.5
600,15,01:08:12,01:08:23,1.1110243021644486
600,16,01:08:23,01:08:33,1.6583123951777
600,17,01:08:33,01:08:44,1.9324531042175384
600,18,01:08:44,01:08:54,1.299038105676658
600,19,01:08:54,01:09:05,1.6850834320114558
600,20,01:09:05,01:09:16,1.5713484026367723
700,1,01:09:16,01:09:28,1.224744871391589
700,2,01:09:28,01:09:41,1.4086784586980805
700,3,01:09:41,01:09:53,0.9921567416492215
700,4,01:09:53,01:10:05,1.9364916731037085
700,5,01:10:05,01:10:17,2.912795049432761
700,6,01:10:17,01:10:30,1.1110243021644486
700,7,01:10:30,01:10:42,1.0
700,8,01:10:42,01:10:54,1.3169567191065923
700,9,01:10:54,01:11:07,1.5360257159305635
700,10,01:11:07,01:11:19,1.4487116456005884
700,11,01:11:19,01:11:31,1.2570787221094177
700,12,01:11:31,01:11:44,1.4086784586980805
700,13,01:11:44,01:11:56,0.9682458365518543
700,14,01:11:56,01:12:09,1.2183492931011204
700,15,01:12:09,01:12:22,1.5
700,16,01:12:22,01:12:35,1.4989708403591158
700,17,01:12:35,01:12:47,1.653594569415369
700,18,01:12:47,01:13:00,1.3919410907075054
700,19,01:13:00,01:13:13,1.224744871391589
700,20,01:13:13,01:13:25,1.640535895581489
800,1,01:13:25,01:13:39,1.0
800,2,01:13:39,01:13:54,1.3228756555322954
800,3,01:13:54,01:14:08,1.0532687216470449
800,4,01:14:08,01:14:23,1.1110243021644486
800,5,01:14:23,01:14:37,1.4947825928876748
800,6,01:14:37,01:14:51,1.4142135623730951
800,7,01:14:51,01:15:06,0.9270248108869579
800,8,01:15:06,01:15:20,1.4907119849998596
800,9,01:15:20,01:15:34,1.0
800,10,01:15:34,01:15:49,1.3169567191065923
800,11,01:15:49,01:16:04,1.0897247358851685
800,12,01:16:04,01:16:18,1.3919410907075054
800,13,01:16:18,01:16:33,1.479019945774904
800,14,01:16:33,01:16:47,2.54644359843292
800,15,01:16:47,01:17:02,1.3169567191065923
800,16,01:17:02,01:17:16,1.6996731711975948
800,17,01:17:16,01:17:30,1.4947825928876748
800,18,01:17:30,01:17:45,1.299038105676658
800,19,01:17:45,01:17:59,2.54644359843292
800,20,01:17:59,01:18:13,2.3979157616563596
900,1,01:18:13,01:18:30,1.3169567191065923
900,2,01:18:30,01:18:46,1.1653431646335017
900,3,01:18:46,01:19:03,1.3169567191065923
900,4,01:19:03,01:19:19,1.0
900,5,01:19:19,01:19:35,1.0
900,6,01:19:35,01:19:51,1.4740554623801778
900,7,01:19:51,01:20:07,2.692582403567252
900,8,01:20:07,01:20:24,2.2603926650031405
900,9,01:20:24,01:20:40,1.1110243021644486
900,10,01:20:40,01:20:57,1.6393596310755
900,11,01:20:57,01:21:13,1.286204100310025
900,12,01:21:13,01:21:29,1.964529205687714
900,13,01:21:29,01:21:46,1.7284832429004493
900,14,01:21:46,01:22:02,1.4229164972072998
900,15,01:22:02,01:22:18,2.0786985482077456
900,16,01:22:18,01:22:35,0.8660254037844386
900,17,01:22:35,01:22:51,1.3919410907075054
900,18,01:22:51,01:23:07,1.224744871391589
900,19,01:23:07,01:23:24,1.594744454934147
900,20,01:23:24,01:23:40,2.7810744326608736
1000,1,01:23:40,01:23:57,1.713913650100261
1000,2,01:23:57,01:24:15,1.299038105676658
1000,3,01:24:15,01:24:34,1.1989578808281798
1000,4,01:24:34,01:24:51,1.224744871391589
1000,5,01:24:51,01:25:10,1.1989578808281798
1000,6,01:25:10,01:25:28,2.7386127875258306
1000,7,01:25:28,01:25:46,1.8856180831641265
1000,8,01:25:46,01:26:04,1.299038105676658
1000,9,01:26:04,01:26:22,2.7271780286589284
1000,10,01:26:22,01:26:40,0.9682458365518543
1000,11,01:26:40,01:26:57,1.3169567191065923
1000,12,01:26:57,01:27:15,1.2183492931011204
1000,13,01:27:15,01:27:33,1.5713484026367723
1000,14,01:27:33,01:27:50,2.277608394786075
1000,15,01:27:50,01:28:08,1.0532687216470449
1000,16,01:28:08,01:28:26,1.5234788000891206
1000,17,01:28:26,01:28:43,1.3425606637327303
1000,18,01:28:43,01:29:01,1.0
1000,19,01:29:01,01:29:19,1.165922381636102
1000,20,01:29:19,01:29:37,1.0897247358851685
100,1,04:09:32,04:09:34,0.8660254037844386
100,2,04:09:34,04:09:35,1.5612494995995996
100,3,04:09:35,04:09:37,1.479019945774904
100,4,04:09:37,04:09:39,0.9270248108869579
100,5,04:09:39,04:09:41,1.3635890143294642
100,6,04:09:41,04:09:43,1.0
100,7,04:09:43,04:09:44,1.2862041003100249
100,8,04:09:44,04:09:46,1.79843682124227
100,9,04:09:46,04:09:48,0.9682458365518543
100,10,04:09:48,04:09:50,1.0897247358851685
100,11,04:09:50,04:09:52,1.5761900266148114
100,12,04:09:52,04:09:54,1.1110243021644486
100,13,04:09:54,04:09:56,1.3169567191065923
100,14,04:09:56,04:09:58,1.5612494995995996
100,15,04:09:58,04:09:59,1.9364916731037085
100,16,04:09:59,04:10:01,1.6583123951777
100,17,04:10:01,04:10:03,1.299038105676658
100,18,04:10:03,04:10:05,1.6850834320114558
100,19,04:10:05,04:10:07,1.5713484026367723
100,20,04:10:07,04:10:09,1.299038105676658
200,1,04:10:09,04:10:13,2.394655507583502
200,2,04:10:13,04:10:16,1.3169567191065923
200,3,04:10:16,04:10:20,1.6329931618554518
200,4,04:10:20,04:10:23,1.4487116456005884
200,5,04:10:23,04:10:27,1.1110243021644486
200,6,04:10:27,04:10:31,0.8569568250501305
200,7,04:10:31,04:10:35,0.9162456945817022
200,8,04:10:35,04:10:38,1.224744871391589
200,9,04:10:38,04:10:42,1.4086784586980805
200,10,04:10:42,04:10:46,0.9682458365518543
200,11,04:10:46,04:10:49,1.4740554623801778
200,12,04:10:49,04:10:53,0.8660254037844386
200,13,04:10:53,04:10:57,1.6583123951777
200,14,04:10:57,04:11:00,1.1989578808281798
200,15,04:11:00,04:11:04,1.0897247358851685
200,16,04:11:04,04:11:08,0.82915619758885
200,17,04:11:08,04:11:12,1.1110243021644486
200,18,04:11:12,04:11:15,1.5761900266148114
200,19,04:11:15,04:11:19,1.4487116456005884
200,20,04:11:19,04:11:22,1.9876159799998132
300,1,04:11:22,04:11:28,2.6152449546532934
300,2,04:11:28,04:11:34,1.0897247358851685
300,3,04:11:34,04:11:39,1.4142135623730951
300,4,04:11:39,04:11:44,1.5360257159305635
300,5,04:11:44,04:11:50,1.2183492931011204
300,6,04:11:50,04:11:56,1.1110243021644486
300,7,04:11:56,04:12:01,1.165922381636102
300,8,04:12:01,04:12:06,1.5761900266148114
300,9,04:12:06,04:12:12,1.6909686573085854
300,10,04:12:12,04:12:17,0.9682458365518543
300,11,04:12:17,04:12:22,1.165922381636102
300,12,04:12:22,04:12:27,1.4142135623730951
300,13,04:12:27,04:12:33,1.6583123951777
300,14,04:12:33,04:12:38,2.394655507583502
300,15,04:12:38,04:12:43,1.299038105676658
300,16,04:12:43,04:12:49,1.6583123951777
300,17,04:12:49,04:12:54,1.5612494995995996
300,18,04:12:54,04:13:00,1.224744871391589
300,19,04:13:00,04:13:05,1.224744871391589
300,20,04:13:05,04:13:10,1.0
400,1,04:13:10,04:13:17,1.6583123951777
400,2,04:13:17,04:13:24,3.887077951366553
400,3,04:13:24,04:13:31,1.0
400,4,04:13:31,04:13:38,1.3169567191065923
400,5,04:13:38,04:13:45,1.1110243021644486
400,6,04:13:45,04:13:53,1.5811388300841898
400,7,04:13:53,04:14:00,1.3169567191065923
400,8,04:14:00,04:14:07,1.7069212773041353
400,9,04:14:07,04:14:14,1.5761900266148114
400,10,04:14:14,04:14:21,2.309401076758503
400,11,04:14:21,04:14:28,1.4487116456005884
400,12,04:14:28,04:14:35,2.496873044429772
400,13,04:14:35,04:14:42,1.3169567191065923
400,14,04:14:42,04:14:49,1.299038105676658
400,15,04:14:49,04:14:56,2.960647243216495
400,16,04:14:56,04:15:03,1.5612494995995996
400,17,04:15:03,04:15:11,1.2183492931011204
400,18,04:15:11,04:15:18,1.4142135623730951
400,19,04:15:18,04:15:25,1.3169567191065923
400,20,04:15:25,04:15:32,1.479019945774904
500,1,04:15:32,04:15:41,1.5761900266148114
500,2,04:15:41,04:15:50,1.6629588385661962
500,3,04:15:50,04:15:58,1.1110243021644486
500,4,04:15:58,04:16:07,1.0897247358851685
500,5,04:16:07,04:16:16,1.1653431646335017
500,6,04:16:16,04:16:25,1.0897247358851685
500,7,04:16:25,04:16:34,1.299038105676658
500,8,04:16:34,04:16:43,1.1110243021644486
500,9,04:16:43,04:16:52,1.1110243021644486
500,10,04:16:52,04:17:01,1.6909686573085854
500,11,04:17:01,04:17:09,1.3333333333333333
500,12,04:17:09,04:17:18,1.0532687216470449
500,13,04:17:18,04:17:27,1.224744871391589
500,14,04:17:27,04:17:36,1.5360257159305635
500,15,04:17:36,04:17:46,0.9682458365518543
500,16,04:17:46,04:17:55,1.3169567191065923
500,17,04:17:55,04:18:04,1.0897247358851685
500,18,04:18:04,04:18:13,1.653594569415369
500,19,04:18:13,04:18:22,1.7284832429004493
500,20,04:18:22,04:18:32,1.8027756377319946
600,1,04:18:32,04:18:42,1.8708286933869707
600,2,04:18:42,04:18:53,1.4523687548277813
600,3,04:18:53,04:19:04,1.0
600,4,04:19:04,04:19:15,1.0897247358851685
600,5,04:19:15,04:19:26,1.227262335243029
600,6,04:19:26,04:19:37,1.0
600,7,04:19:37,04:19:48,1.6583123951777
600,8,04:19:48,04:19:59,1.3635890143294642
600,9,04:19:59,04:20:09,1.2183492931011204
600,10,04:20:09,04:20:20,1.3333333333333333
600,11,04:20:20,04:20:31,1.1110243021644486
600,12,04:20:31,04:20:42,1.224744871391589
600,13,04:20:42,04:20:53,1.479019945774904
600,14,04:20:53,04:21:04,1.4142135623730951
600,15,04:21:04,04:21:15,0.8569568250501305
600,16,04:21:15,04:21:26,1.8708286933869707
600,17,04:21:26,04:21:37,0.82915619758885
600,18,04:21:37,04:21:47,2.117634293262177
600,19,04:21:47,04:21:58,3.960744879438715
600,20,04:21:58,04:22:09,1.5612494995995996
700,1,04:22:09,04:22:22,1.2570787221094177
700,2,04:22:22,04:22:35,2.0615528128088303
700,3,04:22:35,04:22:48,1.165922381636102
700,4,04:22:48,04:23:00,1.6153559979150107
700,5,04:23:00,04:23:12,1.5811388300841898
700,6,04:23:12,04:23:24,1.5360257159305635
700,7,04:23:24,04:23:37,1.3169567191065923
700,8,04:23:37,04:23:49,1.1110243021644486
700,9,04:23:49,04:24:01,1.5761900266148114
700,10,04:24:01,04:24:14,1.0532687216470449
700,11,04:24:14,04:24:27,3.6996621467371855
700,12,04:24:27,04:24:40,1.1110243021644486
700,13,04:24:40,04:24:53,1.1110243021644486
700,14,04:24:53,04:25:05,1.224744871391589
700,15,04:25:05,04:25:18,1.165922381636102
700,16,04:25:18,04:25:31,1.7069212773041353
700,17,04:25:31,04:25:43,1.479019945774904
700,18,04:25:43,04:25:56,1.5761900266148114
700,19,04:25:56,04:26:09,1.1110243021644486
700,20,04:26:09,04:26:21,1.3169567191065923
800,1,04:26:21,04:26:36,1.2183492931011204
800,2,04:26:36,04:26:50,2.7357585785299112
800,3,04:26:50,04:27:05,1.3919410907075054
800,4,04:27:05,04:27:19,1.299038105676658
800,5,04:27:19,04:27:34,1.118033988749895
800,6,04:27:34,04:27:49,1.3169567191065923
800,7,04:27:49,04:28:03,0.9270248108869579
800,8,04:28:03,04:28:16,1.0532687216470449
800,9,04:28:16,04:28:31,1.6850834320114558
800,10,04:28:31,04:28:45,1.3169567191065923
800,11,04:28:45,04:28:59,1.5761900266148114
800,12,04:28:59,04:29:13,1.3228756555322954
800,13,04:29:13,04:29:27,1.3228756555322954
800,14,04:29:27,04:29:41,1.5761900266148114
800,15,04:29:41,04:29:55,1.6153559979150107
800,16,04:29:55,04:30:09,1.224744871391589
800,17,04:30:09,04:30:22,1.118033988749895
800,18,04:30:22,04:30:36,1.5761900266148114
800,19,04:30:36,04:30:50,1.0
800,20,04:30:50,04:31:05,2.8912583765550943
900,1,04:31:05,04:31:21,1.2183492931011204
900,2,04:31:21,04:31:37,0.8660254037844386
900,3,04:31:37,04:31:54,1.0
900,4,04:31:54,04:32:10,1.2183492931011204
900,5,04:32:10,04:32:25,3.2015621187164243
900,6,04:32:25,04:32:41,1.0897247358851685
900,7,04:32:41,04:32:58,1.299038105676658
900,8,04:32:58,04:33:13,1.3169567191065923
900,9,04:33:13,04:33:29,1.2570787221094177
900,10,04:33:29,04:33:45,1.1989578808281798
900,11,04:33:45,04:34:01,1.0897247358851685
900,12,04:34:01,04:34:17,1.7320508075688772
900,13,04:34:17,04:34:33,0.9270248108869579
900,14,04:34:33,04:34:49,1.0
900,15,04:34:49,04:35:04,1.2183492931011204
900,16,04:35:04,04:35:20,1.0
900,17,04:35:20,04:35:38,1.2183492931011204
900,18,04:35:38,04:35:57,1.2183492931011204
900,19,04:35:57,04:36:16,1.3169567191065923
900,20,04:36:16,04:36:34,1.5360257159305635
1000,1,04:36:34,04:36:52,1.0
1000,2,04:36:52,04:37:10,1.594744454934147
1000,3,04:37:10,04:37:28,1.6996731711975948
1000,4,04:37:28,04:37:46,1.2272623352430292
1000,5,04:37:46,04:38:04,1.224744871391589
1000,6,04:38:04,04:38:22,1.2183492931011204
1000,7,04:38:22,04:38:39,1.4523687548277813
1000,8,04:38:39,04:38:57,2.6896793489187516
1000,9,04:38:57,04:39:15,1.1110243021644486
1000,10,04:39:15,04:39:33,1.2183492931011204
1000,11,04:39:33,04:39:51,1.3635890143294642
1000,12,04:39:51,04:40:09,0.9270248108869579
1000,13,04:40:09,04:40:26,1.224744871391589
1000,14,04:40:26,04:40:44,1.299038105676658
1000,15,04:40:44,04:41:03,0.9682458365518543
1000,16,04:41:03,04:41:20,0.9682458365518543
1000,17,04:41:20,04:41:38,1.3169567191065923
1000,18,04:41:38,04:41:55,1.3169567191065923
1000,19,04:41:55,04:42:13,1.299038105676658
1000,20,04:42:13,04:42:31,1.6583123951777
100,1,07:22:58,07:23:00,1.1110243021644486
100,2,07:23:00,07:23:02,1.224744871391589
100,3,07:23:02,07:23:04,1.3169567191065923
100,4,07:23:04,07:23:05,1.9436506316151
100,5,07:23:05,07:23:08,1.6909686573085854
100,6,07:23:08,07:23:09,1.6850834320114558
100,7,07:23:09,07:23:11,1.3169567191065923
100,8,07:23:11,07:23:13,1.1110243021644486
100,9,07:23:13,07:23:15,1.3169567191065923
100,10,07:23:15,07:23:17,1.6909686573085854
100,11,07:23:17,07:23:18,1.3169567191065923
100,12,07:23:18,07:23:20,1.2686114456365274
100,13,07:23:20,07:23:22,1.6583123951777
100,14,07:23:22,07:23:24,1.1110243021644486
100,15,07:23:24,07:23:26,1.3333333333333333
100,16,07:23:26,07:23:27,1.3169567191065923
100,17,07:23:27,07:23:29,1.6850834320114558
100,18,07:23:29,07:23:31,1.5761900266148114
100,19,07:23:31,07:23:33,1.5811388300841898
100,20,07:23:33,07:23:35,1.1110243021644486
200,1,07:23:35,07:23:39,1.3169567191065923
200,2,07:23:39,07:23:42,1.6393596310755
200,3,07:23:42,07:23:46,1.0
200,4,07:23:46,07:23:49,1.5761900266148114
200,5,07:23:49,07:23:53,1.6996731711975948
200,6,07:23:53,07:23:57,1.5811388300841898
200,7,07:23:57,07:24:00,1.224744871391589
200,8,07:24:00,07:24:04,1.5
200,9,07:24:04,07:24:07,2.1081851067789197
200,10,07:24:07,07:24:11,1.4142135623730951
200,11,07:24:11,07:24:15,1.4142135623730951
200,12,07:24:15,07:24:19,1.1110243021644486
200,13,07:24:19,07:24:22,1.5761900266148114
200,14,07:24:22,07:24:26,1.594744454934147
200,15,07:24:26,07:24:29,1.1989578808281798
200,16,07:24:29,07:24:33,1.0
200,17,07:24:33,07:24:36,1.3919410907075054
200,18,07:24:36,07:24:40,1.6583123951777
200,19,07:24:40,07:24:43,2.384848003542364
200,20,07:24:43,07:24:47,1.0897247358851685
300,1,07:24:47,07:24:52,1.0
300,2,07:24:52,07:24:58,1.1110243021644486
300,3,07:24:58,07:25:03,1.2183492931011204
300,4,07:25:03,07:25:08,1.314684396244359
300,5,07:25:08,07:25:13,2.6896793489187516
300,6,07:25:13,07:25:19,1.2183492931011204
300,7,07:25:19,07:25:24,1.0532687216470449
300,8,07:25:24,07:25:30,1.2183492931011204
300,9,07:25:30,07:25:35,1.1110243021644486
300,10,07:25:35,07:25:40,1.3169567191065923
300,11,07:25:40,07:25:45,1.165922381636102
300,12,07:25:45,07:25:51,1.547598697464902
300,13,07:25:51,07:25:56,1.0532687216470449
300,14,07:25:56,07:26:02,1.224744871391589
300,15,07:26:02,07:26:07,1.5612494995995996
300,16,07:26:07,07:26:13,1.4947825928876748
300,17,07:26:13,07:26:18,0.9682458365518543
300,18,07:26:18,07:26:23,1.0
300,19,07:26:23,07:26:28,1.1110243021644486
300,20,07:26:28,07:26:34,1.1989578808281798
400,1,07:26:34,07:26:41,1.3169567191065923
400,2,07:26:41,07:26:48,1.224744871391589
400,3,07:26:48,07:26:55,1.0532687216470449
400,4,07:26:55,07:27:02,1.5
400,5,07:27:02,07:27:09,1.6583123951777
400,6,07:27:09,07:27:16,1.224744871391589
400,7,07:27:16,07:27:24,1.1110243021644486
400,8,07:27:24,07:27:31,1.5811388300841898
400,9,07:27:31,07:27:38,1.4740554623801778
400,10,07:27:38,07:27:45,0.9270248108869579
400,11,07:27:45,07:27:53,2.671292284482513
400,12,07:27:53,07:28:00,1.3169567191065923
400,13,07:28:00,07:28:07,0.8660254037844386
400,14,07:28:07,07:28:14,1.7853571071357126
400,15,07:28:14,07:28:21,0.9270248108869579
400,16,07:28:21,07:28:28,1.3919410907075054
400,17,07:28:28,07:28:35,0.9270248108869579
400,18,07:28:35,07:28:43,1.1989578808281798
400,19,07:28:43,07:28:50,1.5475986974649023
400,20,07:28:50,07:28:57,1.5761900266148114
500,1,07:28:57,07:29:06,0.9270248108869579
500,2,07:29:06,07:29:16,1.3169567191065923
500,3,07:29:16,07:29:25,1.1110243021644486
500,4,07:29:25,07:29:33,1.5761900266148114
500,5,07:29:33,07:29:42,1.4229164972072998
500,6,07:29:42,07:29:52,1.3635890143294642
500,7,07:29:52,07:30:01,1.479019945774904
500,8,07:30:01,07:30:10,1.4142135623730951
500,9,07:30:10,07:30:19,1.5360257159305635
500,10,07:30:19,07:30:27,1.5761900266148114
500,11,07:30:27,07:30:36,1.0532687216470449
500,12,07:30:36,07:30:45,1.3966450099973928
500,13,07:30:45,07:30:54,1.7853571071357126
500,14,07:30:54,07:31:02,1.5761900266148114
500,15,07:31:02,07:31:12,2.598076211353316
500,16,07:31:12,07:31:20,1.1110243021644486
500,17,07:31:20,07:31:29,1.7853571071357126
500,18,07:31:29,07:31:37,1.5761900266148114
500,19,07:31:37,07:31:47,1.3228756555322954
500,20,07:31:47,07:31:56,1.1110243021644486
600,1,07:31:56,07:32:06,1.118033988749895
600,2,07:32:06,07:32:17,1.5761900266148114
600,3,07:32:17,07:32:27,3.1815796359028696
600,4,07:32:27,07:32:38,0.9682458365518543
600,5,07:32:38,07:32:48,1.6583123951777
600,6,07:32:48,07:32:59,1.8027756377319946
600,7,07:32:59,07:33:10,0.8569568250501305
600,8,07:33:10,07:33:20,1.3169567191065923
600,9,07:33:20,07:33:30,1.7853571071357126
600,10,07:33:30,07:33:41,2.0463381929681126
600,11,07:33:41,07:33:52,1.3169567191065923
600,12,07:33:52,07:34:02,0.9682458365518543
600,13,07:34:02,07:34:13,1.299038105676658
600,14,07:34:13,07:34:23,0.9682458365518543
600,15,07:34:23,07:34:34,1.6629588385661962
600,16,07:34:34,07:34:44,3.307189138830738
600,17,07:34:44,07:34:55,1.5761900266148114
600,18,07:34:55,07:35:06,1.3169567191065923
600,19,07:35:06,07:35:16,2.3979157616563596
600,20,07:35:16,07:35:27,1.479019945774904
700,1,07:35:27,07:35:39,1.6996731711975948
700,2,07:35:39,07:35:51,1.5761900266148114
700,3,07:35:51,07:36:03,1.5761900266148114
700,4,07:36:03,07:36:16,1.5761900266148114
700,5,07:36:16,07:36:28,1.6909686573085854
700,6,07:36:28,07:36:40,1.1110243021644486
700,7,07:36:40,07:36:53,1.3169567191065923
700,8,07:36:53,07:37:05,1.118033988749895
700,9,07:37:05,07:37:18,0.8660254037844386
700,10,07:37:18,07:37:30,1.3635890143294642
700,11,07:37:30,07:37:43,1.3228756555322954
700,12,07:37:43,07:37:56,2.131480677027876
700,13,07:37:56,07:38:09,2.8458329944145997
700,14,07:38:09,07:38:21,1.5612494995995996
700,15,07:38:21,07:38:33,1.2686114456365274
700,16,07:38:33,07:38:46,1.1110243021644486
700,17,07:38:46,07:38:58,1.224744871391589
700,18,07:38:58,07:39:10,1.899835519196333
700,19,07:39:10,07:39:23,1.3169567191065923
700,20,07:39:23,07:39:35,1.5811388300841898
800,1,07:39:35,07:39:50,1.2183492931011204
800,2,07:39:50,07:40:04,1.165922381636102
800,3,07:40:04,07:40:18,1.118033988749895
800,4,07:40:18,07:40:33,1.118033988749895
800,5,07:40:33,07:40:47,2.0615528128088303
800,6,07:40:47,07:41:02,1.2183492931011204
800,7,07:41:02,07:41:17,2.341874249399399
800,8,07:41:17,07:41:31,2.0615528128088303
800,9,07:41:31,07:41:45,0.9270248108869579
800,10,07:41:45,07:42:00,1.165922381636102
800,11,07:42:00,07:42:15,1.6996731711975948
800,12,07:42:15,07:42:29,0.82915619758885
800,13,07:42:29,07:42:43,1.299038105676658
800,14,07:42:43,07:42:57,1.6583123951777
800,15,07:42:57,07:43:11,1.479019945774904
800,16,07:43:11,07:43:25,2.1213203435596424
800,17,07:43:25,07:43:39,1.224744871391589
800,18,07:43:39,07:43:53,0.9270248108869579
800,19,07:43:53,07:44:07,1.0897247358851685
800,20,07:44:07,07:44:21,0.9682458365518543
900,1,07:44:21,07:44:37,1.6393596310755
900,2,07:44:37,07:44:52,1.1110243021644486
900,3,07:44:52,07:45:08,1.6178021976178931
900,4,07:45:08,07:45:24,1.7853571071357126
900,5,07:45:24,07:45:40,1.3169567191065923
900,6,07:45:40,07:45:56,1.1967032904743342
900,7,07:45:56,07:46:11,1.1989578808281798
900,8,07:46:11,07:46:27,1.299038105676658
900,9,07:46:27,07:46:43,1.3698697784375502
900,10,07:46:43,07:46:59,1.1110243021644486
900,11,07:46:59,07:47:16,1.0897247358851685
900,12,07:47:16,07:47:32,1.8257418583505536
900,13,07:47:32,07:47:48,1.5
900,14,07:47:48,07:48:05,1.6909686573085854
900,15,07:48:05,07:48:21,1.6583123951777
900,16,07:48:21,07:48:37,1.3228756555322954
900,17,07:48:37,07:48:53,1.1110243021644486
900,18,07:48:53,07:49:10,1.2686114456365274
900,19,07:49:10,07:49:26,1.314684396244359
900,20,07:49:26,07:49:42,1.1110243021644486
1000,1,07:49:42,07:50:00,0.7071067811865476
1000,2,07:50:00,07:50:18,1.6153559979150107
1000,3,07:50:18,07:50:35,1.0897247358851685
1000,4,07:50:35,07:50:54,1.9436506316151
1000,5,07:50:54,07:51:11,1.224744871391589
1000,6,07:51:11,07:51:29,0.9682458365518543
1000,7,07:51:29,07:51:46,1.299038105676658
1000,8,07:51:46,07:52:04,1.4142135623730951
1000,9,07:52:04,07:52:22,0.8660254037844386
1000,10,07:52:22,07:52:39,0.8660254037844386
1000,11,07:52:39,07:52:56,0.9270248108869579
1000,12,07:52:56,07:53:14,1.0
1000,13,07:53:14,07:53:32,1.4487116456005886
1000,14,07:53:32,07:53:49,3.6996621467371855
1000,15,07:53:49,07:54:07,1.4086784586980805
1000,16,07:54:07,07:54:25,0.8569568250501305
1000,17,07:54:25,07:54:43,1.1110243021644486
1000,18,07:54:43,07:55:01,1.4086784586980805
1000,19,07:55:01,07:55:19,1.0532687216470449
1000,20,07:55:19,07:55:37,0.8660254037844386
100,1,10:36:21,10:36:23,1.479019945774904
100,2,10:36:23,10:36:25,1.299038105676658
100,3,10:36:25,10:36:27,0.9270248108869579
100,4,10:36:27,10:36:29,1.1110243021644486
100,5,10:36:29,10:36:30,2.160246899469287
100,6,10:36:30,10:36:32,1.165922381636102
100,7,10:36:32,10:36:34,1.6583123951777
100,8,10:36:34,10:36:36,1.5360257159305635
100,9,10:36:36,10:36:38,1.0897247358851685
100,10,10:36:38,10:36:39,1.6153559979150107
100,11,10:36:39,10:36:41,1.6996731711975948
100,12,10:36:41,10:36:43,1.1989578808281798
100,13,10:36:43,10:36:45,0.8660254037844386
100,14,10:36:45,10:36:47,1.6996731711975948
100,15,10:36:47,10:36:49,1.299038105676658
100,16,10:36:49,10:36:51,1.5612494995995996
100,17,10:36:51,10:36:53,1.3169567191065923
100,18,10:36:53,10:36:55,1.3169567191065923
100,19,10:36:55,10:36:57,2.8256636388643286
100,20,10:36:57,10:36:59,1.6153559979150107
200,1,10:36:59,10:37:02,0.9682458365518543
200,2,10:37:02,10:37:06,1.165922381636102
200,3,10:37:06,10:37:10,1.474055462380178
200,4,10:37:10,10:37:13,1.1110243021644486
200,5,10:37:13,10:37:17,1.5612494995995996
200,6,10:37:17,10:37:21,1.6850834320114558
200,7,10:37:21,10:37:24,1.892154040658489
200,8,10:37:24,10:37:28,0.9270248108869579
200,9,10:37:28,10:37:32,1.6909686573085854
200,10,10:37:32,10:37:36,1.1110243021644486
200,11,10:37:36,10:37:39,1.4523687548277813
200,12,10:37:39,10:37:43,1.0897247358851685
200,13,10:37:43,10:37:47,1.892154040658489
200,14,10:37:47,10:37:50,1.6850834320114558
200,15,10:37:50,10:37:54,1.5234788000891208
200,16,10:37:54,10:37:58,1.5761900266148114
200,17,10:37:58,10:38:01,1.6850834320114558
200,18,10:38:01,10:38:05,1.1110243021644486
200,19,10:38:05,10:38:09,1.0897247358851685
200,20,10:38:09,10:38:13,1.0897247358851685
300,1,10:38:13,10:38:18,1.2183492931011204
300,2,10:38:18,10:38:24,1.6996731711975948
300,3,10:38:24,10:38:29,1.547598697464902
300,4,10:38:29,10:38:34,1.1110243021644486
300,5,10:38:34,10:38:40,1.1110243021644486
300,6,10:38:40,10:38:45,0.9270248108869579
300,7,10:38:45,10:38:51,1.617802197617893
300,8,10:38:51,10:38:57,1.4487116456005884
300,9,10:38:57,10:39:02,1.224744871391589
300,10,10:39:02,10:39:07,1.547598697464902
300,11,10:39:07,10:39:13,0.9270248108869579
300,12,10:39:13,10:39:18,1.8708286933869707
300,13,10:39:18,10:39:23,1.713913650100261
300,14,10:39:23,10:39:29,1.5360257159305635
300,15,10:39:29,10:39:34,1.299038105676658
300,16,10:39:34,10:39:40,1.2862041003100249
300,17,10:39:40,10:39:45,1.5761900266148114
300,18,10:39:45,10:39:50,1.165922381636102
300,19,10:39:50,10:39:56,1.1110243021644486
300,20,10:39:56,10:40:01,1.479019945774904
400,1,10:40:01,10:40:08,1.257078722109418
400,2,10:40:08,10:40:16,1.4086784586980805
400,3,10:40:16,10:40:23,1.1110243021644486
400,4,10:40:23,10:40:30,1.4740554623801778
400,5,10:40:30,10:40:37,0.8660254037844386
400,6,10:40:37,10:40:44,3.2379584617471546
400,7,10:40:44,10:40:51,1.1110243021644486
400,8,10:40:51,10:40:59,1.299038105676658
400,9,10:40:59,10:41:07,1.118033988749895
400,10,10:41:07,10:41:14,1.5234788000891208
400,11,10:41:14,10:41:21,0.9270248108869579
400,12,10:41:21,10:41:28,1.4947825928876748
400,13,10:41:28,10:41:36,1.165922381636102
400,14,10:41:36,10:41:43,1.79843682124227
400,15,10:41:43,10:41:51,1.832491389163405
400,16,10:41:51,10:41:58,1.4142135623730951
400,17,10:41:58,10:42:05,1.3169567191065923
400,18,10:42:05,10:42:12,1.6996731711975948
400,19,10:42:12,10:42:20,1.2183492931011204
400,20,10:42:20,10:42:27,1.165922381636102
500,1,10:42:27,10:42:37,0.9682458365518543
500,2,10:42:37,10:42:46,2.0463381929681126
500,3,10:42:46,10:42:54,1.7853571071357126
500,4,10:42:54,10:43:03,1.594744454934147
500,5,10:43:03,10:43:13,1.4523687548277813
500,6,10:43:13,10:43:23,1.165922381636102
500,7,10:43:23,10:43:31,1.224744871391589
500,8,10:43:31,10:43:40,1.3635890143294642
500,9,10:43:40,10:43:50,0.9682458365518543
500,10,10:43:50,10:43:59,0.8660254037844386
500,11,10:43:59,10:44:08,1.1110243021644486
500,12,10:44:08,10:44:17,1.899835519196333
500,13,10:44:17,10:44:25,1.8328597873268975
500,14,10:44:25,10:44:34,1.5761900266148114
500,15,10:44:34,10:44:43,1.165922381636102
500,16,10:44:43,10:44:52,1.1110243021644486
500,17,10:44:52,10:45:01,1.3425606637327303
500,18,10:45:01,10:45:09,1.4086784586980805
500,19,10:45:09,10:45:19,1.299038105676658
500,20,10:45:19,10:45:28,1.6583123951777
600,1,10:45:28,10:45:39,1.224744871391589
600,2,10:45:39,10:45:50,1.5
600,3,10:45:50,10:46:01,1.299038105676658
600,4,10:46:01,10:46:12,1.8540496217739157
600,5,10:46:12,10:46:23,1.1110243021644486
600,6,10:46:23,10:46:33,1.1110243021644486
600,7,10:46:33,10:46:44,1.1110243021644486
600,8,10:46:44,10:46:55,2.54644359843292
600,9,10:46:55,10:47:06,1.4907119849998598
600,10,10:47:06,10:47:16,1.165922381636102
600,11,10:47:16,10:47:27,1.0532687216470449
600,12,10:47:27,10:47:37,1.224744871391589
600,13,10:47:37,10:47:48,1.1110243021644486
600,14,10:47:48,10:47:59,1.224744871391589
600,15,10:47:59,10:48:10,1.8540496217739157
600,16,10:48:10,10:48:21,1.5811388300841898
600,17,10:48:21,10:48:32,1.165922381636102
600,18,10:48:32,10:48:43,1.8328597873268975
600,19,10:48:43,10:48:53,1.224744871391589
600,20,10:48:53,10:49:04,1.3169567191065923
700,1,10:49:04,10:49:17,1.7320508075688772
700,2,10:49:17,10:49:30,1.224744871391589
700,3,10:49:30,10:49:43,2.0615528128088303
700,4,10:49:43,10:49:57,1.247219128924647
700,5,10:49:57,10:50:10,1.5360257159305635
700,6,10:50:10,10:50:23,1.257078722109418
700,7,10:50:23,10:50:35,1.299038105676658
700,8,10:50:35,10:50:49,1.3169567191065923
700,9,10:50:49,10:51:01,1.6583123951777
700,10,10:51:01,10:51:14,1.165922381636102
700,11,10:51:14,10:51:27,1.2686114456365274
700,12,10:51:27,10:51:39,2.368411915187052
700,13,10:51:39,10:51:53,1.0897247358851685
700,14,10:51:53,10:52:05,1.4947825928876748
700,15,10:52:05,10:52:18,1.4086784586980805
700,16,10:52:18,10:52:30,1.9324531042175384
700,17,10:52:30,10:52:43,1.0897247358851685
700,18,10:52:43,10:52:56,2.2043990110685496
700,19,10:52:56,10:53:08,2.54644359843292
700,20,10:53:08,10:53:20,1.3228756555322954
800,1,10:53:20,10:53:36,1.314684396244359
800,2,10:53:36,10:53:50,1.7275343701356567
800,3,10:53:50,10:54:04,1.3169567191065923
800,4,10:54:04,10:54:20,1.9364916731037085
800,5,10:54:20,10:54:34,3.018174116912409
800,6,10:54:34,10:54:48,1.563471919941143
800,7,10:54:48,10:55:04,1.4142135623730951
800,8,10:55:04,10:55:18,1.5360257159305635
800,9,10:55:18,10:55:32,1.5360257159305635
800,10,10:55:32,10:55:48,1.3228756555322954
800,11,10:55:48,10:56:02,2.9553976043842223
800,12,10:56:02,10:56:16,1.0
800,13,10:56:16,10:56:31,1.224744871391589
800,14,10:56:31,10:56:45,1.3169567191065923
800,15,10:56:45,10:57:00,1.224744871391589
800,16,10:57:00,10:57:15,1.1110243021644486
800,17,10:57:15,10:57:29,0.9270248108869579
800,18,10:57:29,10:57:43,1.1110243021644486
800,19,10:57:43,10:57:58,1.6393596310755
800,20,10:57:58,10:58:13,1.224744871391589
900,1,10:58:13,10:58:30,1.3169567191065923
900,2,10:58:30,10:58:45,1.314684396244359
900,3,10:58:45,10:59:01,1.4086784586980805
900,4,10:59:01,10:59:18,0.9270248108869579
900,5,10:59:18,10:59:34,1.224744871391589
900,6,10:59:34,10:59:51,1.1110243021644486
900,7,10:59:51,11:00:08,1.224744871391589
900,8,11:00:08,11:00:24,1.653594569415369
900,9,11:00:24,11:00:40,1.165922381636102
900,10,11:00:40,11:00:57,1.5761900266148114
900,11,11:00:57,11:01:13,1.479019945774904
900,12,11:01:13,11:01:30,1.3169567191065923
900,13,11:01:30,11:01:46,1.165922381636102
900,14,11:01:46,11:02:03,1.2183492931011204
900,15,11:02:03,11:02:18,0.9270248108869579
900,16,11:02:18,11:02:34,1.3966450099973928
900,17,11:02:34,11:02:50,1.1110243021644486
900,18,11:02:50,11:03:06,0.9270248108869579
900,19,11:03:06,11:03:22,1.9364916731037085
900,20,11:03:22,11:03:37,1.0897247358851685
1000,1,11:03:37,11:03:56,0.8660254037844386
1000,2,11:03:56,11:04:13,0.9270248108869579
1000,3,11:04:13,11:04:31,1.6629588385661962
1000,4,11:04:31,11:04:49,1.653594569415369
1000,5,11:04:49,11:05:06,1.479019945774904
1000,6,11:05:06,11:05:23,0.9682458365518543
1000,7,11:05:23,11:05:41,1.1110243021644486
1000,8,11:05:41,11:05:58,1.2272623352430292
1000,9,11:05:58,11:06:16,1.1110243021644486
1000,10,11:06:16,11:06:34,0.9270248108869579
1000,11,11:06:34,11:06:51,1.1989578808281798
1000,12,11:06:51,11:07:09,1.3169567191065923
1000,13,11:07:09,11:07:26,1.5811388300841898
1000,14,11:07:26,11:07:44,1.4523687548277813
1000,15,11:07:44,11:08:02,1.7275343701356567
1000,16,11:08:02,11:08:19,1.0
1000,17,11:08:19,11:08:37,2.384848003542364
1000,18,11:08:37,11:08:55,0.9921567416492215
1000,19,11:08:55,11:09:14,1.1110243021644486
1000,20,11:09:14,11:09:32,1.299038105676658
100,1,13:50:42,13:50:44,0.9682458365518543
100,2,13:50:44,13:50:46,1.299038105676658
100,3,13:50:46,13:50:48,1.118033988749895
100,4,13:50:48,13:50:50,1.0897247358851685
100,5,13:50:50,13:50:51,1.6329931618554518
100,6,13:50:51,13:50:53,1.0
100,7,13:50:53,13:50:55,1.5761900266148114
100,8,13:50:55,13:50:57,1.479019945774904
100,9,13:50:57,13:50:58,1.0897247358851685
100,10,13:50:58,13:51:00,1.479019945774904
100,11,13:51:00,13:51:02,1.1110243021644486
100,12,13:51:02,13:51:04,1.5761900266148114
100,13,13:51:04,13:51:07,1.5761900266148114
100,14,13:51:07,13:51:09,1.8121673811444545
100,15,13:51:09,13:51:10,1.547598697464902
100,16,13:51:10,13:51:12,1.3635890143294642
100,17,13:51:12,13:51:14,1.4142135623730951
100,18,13:51:14,13:51:16,1.3635890143294642
100,19,13:51:16,13:51:17,2.6190408549696205
100,20,13:51:17,13:51:19,1.4142135623730951
200,1,13:51:19,13:51:23,1.5761900266148114
200,2,13:51:23,13:51:26,1.118033988749895
200,3,13:51:26,13:51:30,1.3169567191065923
200,4,13:51:30,13:51:33,1.594744454934147
200,5,13:51:33,13:51:37,1.6583123951777
200,6,13:51:37,13:51:40,1.3169567191065923
200,7,13:51:40,13:51:44,1.4086784586980805
200,8,13:51:44,13:51:47,1.6583123951777
200,9,13:51:47,13:51:51,1.3169567191065923
200,10,13:51:51,13:51:55,1.6583123951777
200,11,13:51:55,13:52:00,1.0897247358851685
200,12,13:52:00,13:52:03,0.9682458365518543
200,13,13:52:03,13:52:07,1.479019945774904
200,14,13:52:07,13:52:10,1.5612494995995996
200,15,13:52:10,13:52:14,1.3169567191065923
200,16,13:52:14,13:52:18,1.6329931618554518
200,17,13:52:18,13:52:21,1.1110243021644486
200,18,13:52:21,13:52:25,1.479019945774904
200,19,13:52:25,13:52:28,1.6329931618554518
200,20,13:52:28,13:52:32,1.5612494995995996
300,1,13:52:32,13:52:37,1.6583123951777
300,2,13:52:37,13:52:43,1.4086784586980805
300,3,13:52:43,13:52:48,1.4487116456005884
300,4,13:52:48,13:52:55,1.5761900266148114
300,5,13:52:55,13:53:00,1.0897247358851685
300,6,13:53:00,13:53:06,1.3169567191065923
300,7,13:53:06,13:53:11,1.0897247358851685
300,8,13:53:11,13:53:17,1.5360257159305635
300,9,13:53:17,13:53:22,2.449489742783178
300,10,13:53:22,13:53:28,3.585997071945263
300,11,13:53:28,13:53:33,1.3169567191065923
300,12,13:53:33,13:53:38,3.467663674294941
300,13,13:53:38,13:53:44,1.2686114456365274
300,14,13:53:44,13:53:50,1.0532687216470449
300,15,13:53:50,13:53:56,1.224744871391589
300,16,13:53:56,13:54:01,1.4142135623730951
300,17,13:54:01,13:54:06,1.4487116456005884
300,18,13:54:06,13:54:12,0.9682458365518543
300,19,13:54:12,13:54:17,2.341874249399399
300,20,13:54:17,13:54:22,1.1110243021644486
400,1,13:54:22,13:54:29,1.0897247358851685
400,2,13:54:29,13:54:36,1.3169567191065923
400,3,13:54:36,13:54:44,1.4487116456005884
400,4,13:54:44,13:54:51,1.5811388300841898
400,5,13:54:51,13:54:58,1.227262335243029
400,6,13:54:58,13:55:05,1.299038105676658
400,7,13:55:05,13:55:12,1.6996731711975948
400,8,13:55:12,13:55:20,1.224744871391589
400,9,13:55:20,13:55:27,1.1110243021644486
400,10,13:55:27,13:55:34,1.5761900266148114
400,11,13:55:34,13:55:42,1.6996731711975948
400,12,13:55:42,13:55:49,1.3635890143294642
400,13,13:55:49,13:55:56,1.5761900266148114
400,14,13:55:56,13:56:04,1.8328597873268975
400,15,13:56:04,13:56:11,1.4086784586980805
400,16,13:56:11,13:56:18,0.8569568250501305
400,17,13:56:18,13:56:25,1.5360257159305635
400,18,13:56:25,13:56:32,1.5761900266148114
400,19,13:56:32,13:56:39,1.4947825928876748
400,20,13:56:39,13:56:48,1.4086784586980805
500,1,13:56:48,13:56:57,1.1110243021644486
500,2,13:56:57,13:57:06,1.5761900266148114
500,3,13:57:06,13:57:14,1.5761900266148114
500,4,13:57:14,13:57:23,1.6583123951777
500,5,13:57:23,13:57:32,1.1110243021644486
500,6,13:57:32,13:57:41,1.5761900266148114
500,7,13:57:41,13:57:50,1.1110243021644486
500,8,13:57:50,13:58:00,1.118033988749895
500,9,13:58:00,13:58:09,1.7853571071357126
500,10,13:58:09,13:58:18,1.3635890143294642
500,11,13:58:18,13:58:27,1.2183492931011204
500,12,13:58:27,13:58:36,1.5360257159305635
500,13,13:58:36,13:58:45,1.479019945774904
500,14,13:58:45,13:58:53,0.9270248108869579
500,15,13:58:53,13:59:03,1.6583123951777
500,16,13:59:03,13:59:12,1.653594569415369
500,17,13:59:12,13:59:21,1.7275343701356567
500,18,13:59:21,13:59:30,1.4740554623801778
500,19,13:59:30,13:59:38,1.2183492931011204
500,20,13:59:38,13:59:47,1.257078722109418
600,1,13:59:47,13:59:59,1.3169567191065923
600,2,13:59:59,14:00:09,1.1110243021644486
600,3,14:00:09,14:00:19,1.6329931618554518
600,4,14:00:19,14:00:30,0.9270248108869579
600,5,14:00:30,14:00:41,1.5360257159305635
600,6,14:00:41,14:00:53,1.6393596310755
600,7,14:00:53,14:01:04,3.585997071945263
600,8,14:01:04,14:01:14,1.3169567191065923
600,9,14:01:14,14:01:25,1.165922381636102
600,10,14:01:25,14:01:36,1.0897247358851685
600,11,14:01:36,14:01:47,1.165922381636102
600,12,14:01:47,14:01:57,1.0897247358851685
600,13,14:01:57,14:02:08,1.1110243021644486
600,14,14:02:08,14:02:20,1.8708286933869707
600,15,14:02:20,14:02:31,1.224744871391589
600,16,14:02:31,14:02:42,3.031088913245535
600,17,14:02:42,14:02:53,1.299038105676658
600,18,14:02:53,14:03:03,1.1110243021644486
600,19,14:03:03,14:03:14,1.299038105676658
600,20,14:03:14,14:03:26,1.7633419974582356
700,1,14:03:26,14:03:39,1.4086784586980805
700,2,14:03:39,14:03:51,1.984313483298443
700,3,14:03:51,14:04:03,2.393406580948668
700,4,14:04:03,14:04:15,1.5761900266148114
700,5,14:04:15,14:04:29,1.1110243021644486
700,6,14:04:29,14:04:44,1.7853571071357126
700,7,14:04:44,14:04:57,1.479019945774904
700,8,14:04:57,14:05:11,1.7320508075688772
700,9,14:05:11,14:05:25,1.4947825928876748
700,10,14:05:25,14:05:37,1.5761900266148114
700,11,14:05:37,14:05:49,1.3169567191065923
700,12,14:05:49,14:06:02,1.0
700,13,14:06:02,14:06:13,0.9270248108869579
700,14,14:06:13,14:06:26,1.1989578808281798
700,15,14:06:26,14:06:38,1.0897247358851685
700,16,14:06:38,14:06:51,1.165922381636102
700,17,14:06:51,14:07:03,1.1989578808281798
700,18,14:07:03,14:07:15,2.528845928164676
700,19,14:07:15,14:07:27,1.8027756377319946
700,20,14:07:27,14:07:39,0.9270248108869579
800,1,14:07:39,14:07:54,1.4142135623730951
800,2,14:07:54,14:08:08,2.496873044429772
800,3,14:08:08,14:08:21,0.9270248108869579
800,4,14:08:21,14:08:35,0.8660254037844386
800,5,14:08:35,14:08:49,1.8540496217739157
800,6,14:08:49,14:09:04,2.5385910352879697
800,7,14:09:04,14:09:17,1.224744871391589
800,8,14:09:17,14:09:31,1.594744454934147
800,9,14:09:31,14:09:46,1.3169567191065923
800,10,14:09:46,14:10:00,1.2183492931011204
800,11,14:10:00,14:10:14,0.9682458365518543
800,12,14:10:14,14:10:28,1.299038105676658
800,13,14:10:28,14:10:42,1.547598697464902
800,14,14:10:42,14:10:56,1.299038105676658
800,15,14:10:56,14:11:10,1.8540496217739157
800,16,14:11:10,14:11:24,0.82915619758885
800,17,14:11:24,14:11:39,1.3425606637327303
800,18,14:11:39,14:11:53,2.2043990110685496
800,19,14:11:53,14:12:07,1.118033988749895
800,20,14:12:07,14:12:21,1.165922381636102
900,1,14:12:21,14:12:37,1.3333333333333333
900,2,14:12:37,14:12:53,1.2686114456365274
900,3,14:12:53,14:13:08,1.2686114456365274
900,4,14:13:08,14:13:23,1.165922381636102
900,5,14:13:23,14:13:41,1.3228756555322954
900,6,14:13:41,14:13:57,2.0463381929681126
900,7,14:13:57,14:14:12,1.0897247358851685
900,8,14:14:12,14:14:29,1.6583123951777
900,9,14:14:29,14:14:44,1.4487116456005884
900,10,14:14:44,14:15:00,2.1487866228681907
900,11,14:15:00,14:15:16,1.3169567191065923
900,12,14:15:16,14:15:32,1.3228756555322954
900,13,14:15:32,14:15:47,1.0897247358851685
900,14,14:15:47,14:16:03,1.6996731711975948
900,15,14:16:03,14:16:19,1.547598697464902
900,16,14:16:19,14:16:35,1.547598697464902
900,17,14:16:35,14:16:50,0.8569568250501305
900,18,14:16:50,14:17:07,3.6996621467371855
900,19,14:17:07,14:17:22,1.165922381636102
900,20,14:17:22,14:17:37,1.713913650100261
1000,1,14:17:37,14:17:56,0.9682458365518543
1000,2,14:17:56,14:18:13,1.4523687548277813
1000,3,14:18:13,14:18:30,1.6850834320114558
1000,4,14:18:30,14:18:48,1.247219128924647
1000,5,14:18:48,14:19:05,1.1110243021644486
1000,6,14:19:05,14:19:22,1.984313483298443
1000,7,14:19:22,14:19:42,1.547598697464902
1000,8,14:19:42,14:19:59,0.9270248108869579
1000,9,14:19:59,14:20:16,0.9682458365518543
1000,10,14:20:16,14:20:33,1.0532687216470449
1000,11,14:20:33,14:20:51,2.345207879911715
1000,12,14:20:51,14:21:08,2.958039891549808
1000,13,14:21:08,14:21:25,0.9270248108869579
1000,14,14:21:25,14:21:42,1.1110243021644486
1000,15,14:21:42,14:22:00,1.3635890143294642
1000,16,14:22:00,14:22:17,1.5761900266148114
1000,17,14:22:17,14:22:34,1.5
1000,18,14:22:34,14:22:53,3.491060010942235
1000,19,14:22:53,14:23:10,1.1110243021644486
1000,20,14:23:10,14:23:27,1.0897247358851685
100,1,17:03:34,17:03:35,1.6996731711975948
100,2,17:03:35,17:03:37,1.6583123951777
100,3,17:03:37,17:03:39,1.2570787221094177
100,4,17:03:39,17:03:41,1.6583123951777
100,5,17:03:41,17:03:42,2.165063509461097
100,6,17:03:42,17:03:44,1.6153559979150107
100,7,17:03:44,17:03:46,1.3228756555322954
100,8,17:03:46,17:03:48,1.5360257159305635
100,9,17:03:48,17:03:49,1.6153559979150107
100,10,17:03:49,17:03:51,1.3169567191065923
100,11,17:03:51,17:03:53,1.6583123951777
100,12,17:03:53,17:03:55,0.9270248108869579
100,13,17:03:55,17:03:57,0.9270248108869579
100,14,17:03:57,17:03:58,1.4523687548277813
100,15,17:03:58,17:04:00,1.8027756377319946
100,16,17:04:00,17:04:02,1.224744871391589
100,17,17:04:02,17:04:04,1.5761900266148114
100,18,17:04:04,17:04:05,1.4086784586980805
100,19,17:04:05,17:04:07,1.8666480653835098
100,20,17:04:07,17:04:09,1.224744871391589
200,1,17:04:09,17:04:12,1.4740554623801778
200,2,17:04:12,17:04:16,1.4086784586980805
200,3,17:04:16,17:04:20,1.0897247358851685
200,4,17:04:20,17:04:23,1.4487116456005884
200,5,17:04:23,17:04:26,1.1110243021644486
200,6,17:04:26,17:04:31,1.257078722109418
200,7,17:04:31,17:04:35,1.9436506316151
200,8,17:04:35,17:04:38,1.165922381636102
200,9,17:04:38,17:04:42,1.299038105676658
200,10,17:04:42,17:04:45,1.6329931618554518
200,11,17:04:45,17:04:48,1.6393596310755
200,12,17:04:48,17:04:52,1.1110243021644486
200,13,17:04:52,17:04:55,1.6583123951777
200,14,17:04:55,17:04:59,1.1110243021644486
200,15,17:04:59,17:05:02,1.6153559979150107
200,16,17:05:02,17:05:06,1.224744871391589
200,17,17:05:06,17:05:09,1.1110243021644486
200,18,17:05:09,17:05:13,1.299038105676658
200,19,17:05:13,17:05:16,1.299038105676658
200,20,17:05:16,17:05:20,1.5234788000891206
300,1,17:05:20,17:05:25,1.7275343701356567
300,2,17:05:25,17:05:30,0.9921567416492215
300,3,17:05:30,17:05:35,0.9682458365518543
300,4,17:05:35,17:05:41,1.118033988749895
300,5,17:05:41,17:05:47,1.4947825928876748
300,6,17:05:47,17:05:52,1.4523687548277813
300,7,17:05:52,17:05:57,1.3169567191065923
300,8,17:05:57,17:06:03,1.5
300,9,17:06:03,17:06:08,1.5612494995995996
300,10,17:06:08,17:06:13,1.479019945774904
300,11,17:06:13,17:06:18,2.1065374432940898
300,12,17:06:18,17:06:23,1.3333333333333333
300,13,17:06:23,17:06:28,1.5
300,14,17:06:28,17:06:33,1.3919410907075054
300,15,17:06:33,17:06:39,1.1110243021644486
300,16,17:06:39,17:06:44,1.6629588385661962
300,17,17:06:44,17:06:51,1.4086784586980805
300,18,17:06:51,17:06:56,1.3169567191065923
300,19,17:06:56,17:07:01,2.1081851067789192
300,20,17:07:01,17:07:07,1.479019945774904
400,1,17:07:07,17:07:14,1.5360257159305635
400,2,17:07:14,17:07:20,1.5761900266148114
400,3,17:07:20,17:07:27,1.4086784586980805
400,4,17:07:27,17:07:34,1.6583123951777
400,5,17:07:34,17:07:41,1.479019945774904
400,6,17:07:41,17:07:48,1.6178021976178931
400,7,17:07:48,17:07:55,1.6996731711975948
400,8,17:07:55,17:08:02,1.165922381636102
400,9,17:08:02,17:08:09,1.0897247358851685
400,10,17:08:09,17:08:16,1.479019945774904
400,11,17:08:16,17:08:24,1.6850834320114558
400,12,17:08:24,17:08:31,1.6583123951777
400,13,17:08:31,17:08:38,1.1110243021644486
400,14,17:08:38,17:08:46,1.547598697464902
400,15,17:08:46,17:08:52,1.4523687548277813
400,16,17:08:52,17:08:59,2.2325713874364688
400,17,17:08:59,17:09:07,1.3169567191065923
400,18,17:09:07,17:09:13,1.4086784586980805
400,19,17:09:13,17:09:20,1.8328597873268975
400,20,17:09:20,17:09:27,1.1110243021644486
500,1,17:09:27,17:09:37,1.3635890143294642
500,2,17:09:37,17:09:46,1.1989578808281798
500,3,17:09:46,17:09:54,1.1989578808281798
500,4,17:09:54,17:10:03,1.165922381636102
500,5,17:10:03,17:10:12,2.0463381929681126
500,6,17:10:12,17:10:21,1.5612494995995996
500,7,17:10:21,17:10:29,1.7853571071357126
500,8,17:10:29,17:10:38,1.6329931618554518
500,9,17:10:38,17:10:47,1.257078722109418
500,10,17:10:47,17:10:56,1.118033988749895
500,11,17:10:56,17:11:05,0.9921567416492215
500,12,17:11:05,17:11:13,1.5
500,13,17:11:13,17:11:22,2.1065374432940898
500,14,17:11:22,17:11:31,1.2183492931011204
500,15,17:11:31,17:11:39,1.899835519196333
500,16,17:11:39,17:11:48,0.9682458365518543
500,17,17:11:48,17:11:58,1.9364916731037085
500,18,17:11:58,17:12:06,1.5612494995995996
500,19,17:12:06,17:12:15,0.9921567416492215
500,20,17:12:15,17:12:24,1.1110243021644486
600,1,17:12:24,17:12:34,1.5761900266148114
600,2,17:12:34,17:12:44,1.0897247358851685
600,3,17:12:44,17:12:54,1.8328597873268975
600,4,17:12:54,17:13:06,1.118033988749895
600,5,17:13:06,17:13:16,1.1110243021644486
600,6,17:13:16,17:13:27,1.3919410907075054
600,7,17:13:27,17:13:37,1.1110243021644486
600,8,17:13:37,17:13:47,0.9270248108869579
600,9,17:13:47,17:13:57,2.211083193570267
600,10,17:13:57,17:14:09,3.1598061649411346
600,11,17:14:09,17:14:19,1.2183492931011204
600,12,17:14:19,17:14:30,3.0
600,13,17:14:30,17:14:40,1.314684396244359
600,14,17:14:40,17:14:50,1.2183492931011204
600,15,17:14:50,17:15:00,1.6996731711975948
600,16,17:15:00,17:15:11,1.299038105676658
600,17,17:15:11,17:15:22,1.165922381636102
600,18,17:15:22,17:15:33,1.3228756555322954
600,19,17:15:33,17:15:43,1.3635890143294642
600,20,17:15:43,17:15:53,1.6850834320114558
700,1,17:15:53,17:16:05,1.2183492931011204
700,2,17:16:05,17:16:19,1.4947825928876748
700,3,17:16:19,17:16:31,1.5761900266148114
700,4,17:16:31,17:16:43,1.6583123951777
700,5,17:16:43,17:16:55,0.9270248108869579
700,6,17:16:55,17:17:07,1.4947825928876748
700,7,17:17:07,17:17:18,1.0532687216470449
700,8,17:17:18,17:17:30,1.299038105676658
700,9,17:17:30,17:17:42,1.3228756555322954
700,10,17:17:42,17:17:55,2.211083193570267
700,11,17:17:55,17:18:08,1.6909686573085854
700,12,17:18:08,17:18:19,1.6583123951777
700,13,17:18:19,17:18:31,2.7386127875258306
700,14,17:18:31,17:18:43,1.299038105676658
700,15,17:18:43,17:18:55,1.1110243021644486
700,16,17:18:55,17:19:07,0.9921567416492215
700,17,17:19:07,17:19:20,1.9364916731037085
700,18,17:19:20,17:19:32,1.0897247358851685
700,19,17:19:32,17:19:44,1.479019945774904
700,20,17:19:44,17:19:56,1.7320508075688772
800,1,17:19:56,17:20:10,1.299038105676658
800,2,17:20:10,17:20:25,1.5811388300841898
800,3,17:20:25,17:20:39,0.9682458365518543
800,4,17:20:39,17:20:53,1.7633419974582356
800,5,17:20:53,17:21:07,0.9270248108869579
800,6,17:21:07,17:21:20,1.0897247358851685
800,7,17:21:20,17:21:34,0.9270248108869579
800,8,17:21:34,17:21:49,1.299038105676658
800,9,17:21:49,17:22:02,2.4462982238476156
800,10,17:22:02,17:22:16,2.315032397181517
800,11,17:22:16,17:22:30,1.653594569415369
800,12,17:22:30,17:22:44,3.018174116912409
800,13,17:22:44,17:22:57,1.3635890143294642
800,14,17:22:57,17:23:12,1.1110243021644486
800,15,17:23:12,17:23:26,2.1081851067789197
800,16,17:23:26,17:23:40,1.165922381636102
800,17,17:23:40,17:23:54,1.118033988749895
800,18,17:23:54,17:24:09,1.4142135623730951
800,19,17:24:09,17:24:24,1.1110243021644486
800,20,17:24:24,17:24:38,2.23606797749979
900,1,17:24:38,17:24:53,1.1110243021644486
900,2,17:24:53,17:25:08,1.1110243021644486
900,3,17:25:08,17:25:25,0.9682458365518543
900,4,17:25:25,17:25:41,1.653594569415369
900,5,17:25:41,17:25:56,1.1110243021644486
900,6,17:25:56,17:26:11,2.4717149916606487
900,7,17:26:11,17:26:26,1.224744871391589
900,8,17:26:26,17:26:43,1.2686114456365274
900,9,17:26:43,17:26:59,1.2183492931011204
900,10,17:26:59,17:27:14,1.6583123951777
900,11,17:27:14,17:27:30,1.2862041003100249
900,12,17:27:30,17:27:46,1.640535895581489
900,13,17:27:46,17:28:02,1.5761900266148114
900,14,17:28:02,17:28:17,1.5761900266148114
900,15,17:28:17,17:28:32,1.5360257159305635
900,16,17:28:32,17:28:48,1.3169567191065923
900,17,17:28:48,17:29:05,2.1998877636914806
900,18,17:29:05,17:29:20,1.6850834320114558
900,19,17:29:20,17:29:35,0.9921567416492215
900,20,17:29:35,17:29:50,1.892154040658489
1000,1,17:29:50,17:30:07,0.9270248108869579
1000,2,17:30:07,17:30:24,1.1989578808281798
1000,3,17:30:24,17:30:42,0.9270248108869579
1000,4,17:30:42,17:31:00,1.5761900266148114
1000,5,17:31:00,17:31:17,1.8708286933869707
1000,6,17:31:17,17:31:34,1.8724777273725242
1000,7,17:31:34,17:31:51,1.5360257159305635
1000,8,17:31:51,17:32:09,1.224744871391589
1000,9,17:32:09,17:32:26,1.5612494995995996
1000,10,17:32:26,17:32:43,1.3919410907075054
1000,11,17:32:43,17:33:00,1.299038105676658
1000,12,17:33:00,17:33:17,1.3169567191065923
1000,13,17:33:17,17:33:35,1.8328597873268975
1000,14,17:33:35,17:33:52,1.1110243021644486
1000,15,17:33:52,17:34:09,2.309401076758503
1000,16,17:34:09,17:34:26,1.5761900266148114
1000,17,17:34:26,17:34:43,0.9270248108869579
1000,18,17:34:43,17:35:01,3.018174116912409
1000,19,17:35:01,17:35:19,1.6393596310755
1000,20,17:35:19,17:35:36,1.6583123951777
100,1,20:16:41,20:16:43,2.222048604328897
100,2,20:16:43,20:16:45,1.6153559979150107
100,3,20:16:45,20:16:47,1.5761900266148114
100,4,20:16:47,20:16:48,1.3919410907075054
100,5,20:16:48,20:16:50,0.9270248108869579
100,6,20:16:50,20:16:52,1.6996731711975948
100,7,20:16:52,20:16:54,1.1110243021644486
100,8,20:16:54,20:16:56,1.5761900266148114
100,9,20:16:56,20:16:57,1.479019945774904
100,10,20:16:57,20:16:59,1.1110243021644486
100,11,20:16:59,20:17:01,2.0463381929681126
100,12,20:17:01,20:17:03,1.4086784586980805
100,13,20:17:03,20:17:05,1.1110243021644486
100,14,20:17:05,20:17:07,1.3919410907075054
100,15,20:17:07,20:17:10,1.4142135623730951
100,16,20:17:10,20:17:12,0.9682458365518543
100,17,20:17:12,20:17:14,1.3169567191065923
100,18,20:17:14,20:17:16,1.1110243021644486
100,19,20:17:16,20:17:17,1.6393596310755
100,20,20:17:17,20:17:19,1.1110243021644486
200,1,20:17:19,20:17:23,1.6153559979150107
200,2,20:17:23,20:17:26,1.2183492931011204
200,3,20:17:26,20:17:30,1.7633419974582356
200,4,20:17:30,20:17:34,1.0
200,5,20:17:34,20:17:37,1.6996731711975948
200,6,20:17:37,20:17:41,1.4947825928876748
200,7,20:17:41,20:17:45,2.7357585785299112
200,8,20:17:45,20:17:49,1.1110243021644486
200,9,20:17:49,20:17:53,1.224744871391589
200,10,20:17:53,20:17:56,1.3635890143294642
200,11,20:17:56,20:18:00,1.8328597873268975
200,12,20:18:00,20:18:04,0.9682458365518543
200,13,20:18:04,20:18:08,1.5360257159305635
200,14,20:18:08,20:18:11,2.277608394786075
200,15,20:18:11,20:18:15,1.0897247358851685
200,16,20:18:15,20:18:18,1.6996731711975948
200,17,20:18:18,20:18:22,1.6153559979150107
200,18,20:18:22,20:18:26,1.3169567191065923
200,19,20:18:26,20:18:29,1.3169567191065923
200,20,20:18:29,20:18:33,1.547598697464902
300,1,20:18:33,20:18:38,1.224744871391589
300,2,20:18:38,20:18:44,1.3635890143294642
300,3,20:18:44,20:18:51,0.9921567416492215
300,4,20:18:51,20:18:56,1.6996731711975948
300,5,20:18:56,20:19:02,1.6153559979150107
300,6,20:19:02,20:19:08,1.3169567191065923
300,7,20:19:08,20:19:13,1.1989578808281798
300,8,20:19:13,20:19:18,2.8722813232690143
300,9,20:19:18,20:19:24,1.5360257159305635
300,10,20:19:24,20:19:29,1.6996731711975948
300,11,20:19:29,20:19:35,1.0
300,12,20:19:35,20:19:40,1.5761900266148114
300,13,20:19:40,20:19:45,1.7284832429004493
300,14,20:19:45,20:19:51,1.0
300,15,20:19:51,20:19:56,1.5612494995995996
300,16,20:19:56,20:20:02,0.9682458365518543
300,17,20:20:02,20:20:07,1.594744454934147
300,18,20:20:07,20:20:12,1.0
300,19,20:20:12,20:20:17,1.1110243021644486
300,20,20:20:17,20:20:24,1.1110243021644486
400,1,20:20:24,20:20:31,1.79843682124227
400,2,20:20:31,20:20:38,1.3425606637327303
400,3,20:20:38,20:20:45,1.4142135623730951
400,4,20:20:45,20:20:52,1.224744871391589
400,5,20:20:52,20:20:59,1.5612494995995996
400,6,20:20:59,20:21:06,1.299038105676658
400,7,20:21:06,20:21:13,1.0897247358851685
400,8,20:21:13,20:21:20,1.964529205687714
400,9,20:21:20,20:21:27,1.1110243021644486
400,10,20:21:27,20:21:34,1.3919410907075054
400,11,20:21:34,20:21:41,1.3228756555322954
400,12,20:21:41,20:21:48,1.299038105676658
400,13,20:21:48,20:21:57,1.1110243021644486
400,14,20:21:57,20:22:04,1.5761900266148114
400,15,20:22:04,20:22:11,1.165922381636102
400,16,20:22:11,20:22:18,1.3635890143294642
400,17,20:22:18,20:22:25,0.9270248108869579
400,18,20:22:25,20:22:32,1.1110243021644486
400,19,20:22:32,20:22:39,1.4086784586980805
400,20,20:22:39,20:22:46,1.165922381636102
500,1,20:22:46,20:22:56,1.414213562373095
500,2,20:22:56,20:23:05,1.6850834320114558
500,3,20:23:05,20:23:14,1.299038105676658
500,4,20:23:14,20:23:23,1.3698697784375502
500,5,20:23:23,20:23:32,1.653594569415369
500,6,20:23:32,20:23:43,1.6583123951777
500,7,20:23:43,20:23:52,2.4206145913796355
500,8,20:23:52,20:24:01,1.653594569415369
500,9,20:24:01,20:24:10,0.9682458365518543
500,10,20:24:10,20:24:20,1.5761900266148114
500,11,20:24:20,20:24:29,1.6996731711975948
500,12,20:24:29,20:24:38,1.3698697784375502
500,13,20:24:38,20:24:47,2.1469455046647083
500,14,20:24:47,20:24:56,1.3169567191065923
500,15,20:24:56,20:25:05,1.7275343701356567
500,16,20:25:05,20:25:14,1.299038105676658
500,17,20:25:14,20:25:23,1.1110243021644486
500,18,20:25:23,20:25:32,1.165922381636102
500,19,20:25:32,20:25:43,1.4142135623730951
500,20,20:25:43,20:25:52,1.5761900266148114
600,1,20:25:52,20:26:02,1.3169567191065923
600,2,20:26:02,20:26:13,1.653594569415369
600,3,20:26:13,20:26:23,1.9436506316151
600,4,20:26:23,20:26:34,1.0897247358851685
600,5,20:26:34,20:26:44,2.753224820747526
600,6,20:26:44,20:26:55,1.224744871391589
600,7,20:26:55,20:27:05,1.224744871391589
600,8,20:27:05,20:27:16,3.7080992435478315
600,9,20:27:16,20:27:28,1.5811388300841898
600,10,20:27:28,20:27:39,1.4740554623801778
600,11,20:27:39,20:27:50,1.6583123951777
600,12,20:27:50,20:28:01,1.224744871391589
600,13,20:28:01,20:28:12,1.118033988749895
600,14,20:28:12,20:28:23,1.5
600,15,20:28:23,20:28:33,1.0
600,16,20:28:33,20:28:45,1.3169567191065923
600,17,20:28:45,20:28:56,0.7806247497997998
600,18,20:28:56,20:29:09,1.224744871391589
600,19,20:29:09,20:29:20,1.224744871391589
600,20,20:29:20,20:29:30,1.5761900266148114
700,1,20:29:30,20:29:42,1.640535895581489
700,2,20:29:42,20:29:55,1.1110243021644486
700,3,20:29:55,20:30:07,1.3169567191065923
700,4,20:30:07,20:30:19,1.299038105676658
700,5,20:30:19,20:30:33,1.299038105676658
700,6,20:30:33,20:30:45,1.0
700,7,20:30:45,20:30:58,1.1110243021644486
700,8,20:30:58,20:31:10,1.0897247358851685
700,9,20:31:10,20:31:22,1.6583123951777
700,10,20:31:22,20:31:34,2.2043990110685496
700,11,20:31:34,20:31:46,0.8660254037844386
700,12,20:31:46,20:31:58,0.9682458365518543
700,13,20:31:58,20:32:10,1.0
700,14,20:32:10,20:32:23,1.0897247358851685
700,15,20:32:23,20:32:35,1.0
700,16,20:32:35,20:32:49,1.4947825928876748
700,17,20:32:49,20:33:01,1.3919410907075054
700,18,20:33:01,20:33:13,1.299038105676658
700,19,20:33:13,20:33:26,1.0
700,20,20:33:26,20:33:39,1.6153559979150107
800,1,20:33:39,20:33:53,3.1622776601683795
800,2,20:33:53,20:34:08,1.8540496217739157
800,3,20:34:08,20:34:24,1.4947825928876748
800,4,20:34:24,20:34:38,1.6153559979150107
800,5,20:34:38,20:34:53,1.2183492931011204
800,6,20:34:53,20:35:07,1.3169567191065923
800,7,20:35:07,20:35:21,1.6909686573085854
800,8,20:35:21,20:35:36,1.79843682124227
800,9,20:35:36,20:35:50,1.479019945774904
800,10,20:35:50,20:36:06,1.4487116456005884
800,11,20:36:06,20:36:20,0.9682458365518543
800,12,20:36:20,20:36:34,1.1110243021644486
800,13,20:36:34,20:36:48,2.9895651857753496
800,14,20:36:48,20:37:02,1.0
800,15,20:37:02,20:37:17,1.4740554623801778
800,16,20:37:17,20:37:33,1.2183492931011204
800,17,20:37:33,20:37:48,1.2183492931011204
800,18,20:37:48,20:38:03,2.277608394786075
800,19,20:38:03,20:38:17,1.2183492931011204
800,20,20:38:17,20:38:31,1.1110243021644486
900,1,20:38:31,20:38:49,1.1110243021644486
900,2,20:38:49,20:39:05,1.224744871391589
900,3,20:39:05,20:39:22,1.8708286933869707
900,4,20:39:22,20:39:38,3.191786333700926
900,5,20:39:38,20:39:55,0.82915619758885
900,6,20:39:55,20:40:11,1.3228756555322954
900,7,20:40:11,20:40:28,1.165922381636102
900,8,20:40:28,20:40:46,0.9682458365518543
900,9,20:40:46,20:41:02,1.224744871391589
900,10,20:41:02,20:41:19,1.3169567191065923
900,11,20:41:19,20:41:35,0.9270248108869579
900,12,20:41:35,20:41:51,1.1110243021644486
900,13,20:41:51,20:42:10,1.474055462380178
900,14,20:42:10,20:42:26,3.018174116912409
900,15,20:42:26,20:42:42,2.3979157616563596
900,16,20:42:42,20:42:59,1.0897247358851685
900,17,20:42:59,20:43:15,1.1110243021644486
900,18,20:43:15,20:43:32,1.0897247358851685
900,19,20:43:32,20:43:48,1.6909686573085854
900,20,20:43:48,20:44:06,2.947456530637899
1000,1,20:44:06,20:44:24,1.1110243021644486
1000,2,20:44:24,20:44:42,0.9270248108869579
1000,3,20:44:42,20:45:00,2.2325713874364688
1000,4,20:45:00,20:45:18,1.5761900266148114
1000,5,20:45:18,20:45:36,1.6850834320114558
1000,6,20:45:36,20:45:56,1.6329931618554518
1000,7,20:45:56,20:46:14,0.9270248108869579
1000,8,20:46:14,20:46:32,0.9682458365518543
1000,9,20:46:32,20:46:50,1.299038105676658
1000,10,20:46:50,20:47:08,1.6909686573085854
1000,11,20:47:08,20:47:26,1.4487116456005884
1000,12,20:47:26,20:47:47,2.7726341266023544
1000,13,20:47:47,20:48:05,1.4487116456005884
1000,14,20:48:05,20:48:23,1.3635890143294642
1000,15,20:48:23,20:48:41,1.5612494995995996
1000,16,20:48:41,20:49:01,1.479019945774904
1000,17,20:49:01,20:49:19,1.4523687548277813
1000,18,20:49:19,20:49:37,1.5634719199411433
1000,19,20:49:37,20:49:55,1.7275343701356567
1000,20,20:49:55,20:50:14,1.1110243021644486
