100,1,15:19:32,15:19:35,1.6996731711975948
100,2,15:19:35,15:19:38,1.6996731711975948
100,3,15:19:38,15:19:42,1.6996731711975948
100,4,15:19:42,15:19:45,1.6996731711975948
100,5,15:19:45,15:19:49,1.6996731711975948
100,6,15:19:49,15:19:52,1.6996731711975948
100,7,15:19:52,15:19:56,1.6996731711975948
100,8,15:19:56,15:20:00,2.165954298846436
100,9,15:20:00,15:20:03,1.6996731711975948
100,10,15:20:05,15:20:08,2.165954298846436
100,11,15:20:08,15:20:12,1.6996731711975948
100,12,15:20:12,15:20:15,2.165954298846436
100,13,15:20:15,15:20:18,1.6996731711975948
100,14,15:20:18,15:20:21,1.6996731711975948
100,15,15:20:21,15:20:25,1.6996731711975948
100,16,15:20:25,15:20:28,1.6996731711975948
100,17,15:20:28,15:20:32,2.165954298846436
100,18,15:20:32,15:20:35,1.6996731711975948
100,19,15:20:35,15:20:38,2.165954298846436
100,20,15:20:38,15:20:42,2.165954298846436
200,1,15:20:42,15:20:48,2.165954298846436
200,2,15:20:48,15:20:55,1.6996731711975948
200,3,15:20:55,15:21:01,1.6996731711975948
200,4,15:21:01,15:21:08,1.6996731711975948
200,5,15:21:08,15:21:15,2.165954298846436
200,6,15:21:15,15:21:21,2.165954298846436
200,7,15:21:21,15:21:28,1.6996731711975948
200,8,15:21:28,15:21:35,1.6996731711975948
200,9,15:21:35,15:21:41,2.165954298846436
200,10,15:21:41,15:21:48,2.165954298846436
200,11,15:21:48,15:21:54,1.6996731711975948
200,12,15:21:54,15:22:01,1.6996731711975948
200,13,15:22:01,15:22:08,2.165954298846436
200,14,15:22:08,15:22:14,1.6996731711975948
200,15,15:22:14,15:22:21,2.165954298846436
200,16,15:22:21,15:22:28,1.6996731711975948
200,17,15:22:28,15:22:34,1.6996731711975948
200,18,15:22:34,15:22:41,2.165954298846436
200,19,15:22:41,15:22:48,1.6996731711975948
200,20,15:22:48,15:22:54,2.165954298846436
300,1,15:22:54,15:23:04,1.6996731711975948
300,2,15:23:04,15:23:14,1.6996731711975948
300,3,15:23:14,15:23:25,1.6996731711975948
300,4,15:23:25,15:23:36,2.165954298846436
300,5,15:23:36,15:23:46,1.6996731711975948
300,6,15:23:46,15:23:56,2.165954298846436
300,7,15:23:56,15:24:06,1.6996731711975948
300,8,15:24:06,15:24:16,2.165954298846436
300,9,15:24:16,15:24:26,2.165954298846436
300,10,15:24:26,15:24:36,1.6996731711975948
300,11,15:24:36,15:24:47,1.6996731711975948
300,12,15:24:47,15:24:57,1.6996731711975948
300,13,15:24:57,15:25:07,1.6996731711975948
300,14,15:25:07,15:25:17,1.6996731711975948
300,15,15:25:17,15:25:27,1.6996731711975948
300,16,15:25:27,15:25:37,1.6996731711975948
300,17,15:25:37,15:25:47,2.165954298846436
300,18,15:25:47,15:25:57,1.6996731711975948
300,19,15:25:57,15:26:08,1.6996731711975948
300,20,15:26:08,15:26:18,1.6996731711975948
400,1,15:26:18,15:26:31,1.6996731711975948
400,2,15:26:31,15:26:45,2.165954298846436
400,3,15:26:45,15:26:58,2.165954298846436
400,4,15:26:58,15:27:11,2.2603926650031405
400,5,15:27:11,15:27:25,1.6996731711975948
400,6,15:27:25,15:27:40,1.6996731711975948
400,7,15:27:40,15:27:53,1.6996731711975948
400,8,15:27:53,15:28:07,2.165954298846436
400,9,15:28:07,15:28:20,1.6996731711975948
400,10,15:28:20,15:28:34,1.6996731711975948
400,11,15:28:34,15:28:47,1.6996731711975948
400,12,15:28:47,15:29:01,2.165954298846436
400,13,15:29:01,15:29:14,1.6996731711975948
400,14,15:29:14,15:29:27,1.6996731711975948
400,15,15:29:27,15:29:41,1.6996731711975948
400,16,15:29:41,15:29:54,2.165954298846436
400,17,15:29:54,15:30:07,2.165954298846436
400,18,15:30:07,15:30:20,2.165954298846436
400,19,15:30:20,15:30:33,2.165954298846436
400,20,15:30:33,15:30:47,1.6996731711975948
500,1,15:30:47,15:31:03,1.6996731711975948
500,2,15:31:03,15:31:20,1.6996731711975948
500,3,15:31:20,15:31:37,1.6996731711975948
500,4,15:31:37,15:31:53,1.6996731711975948
500,5,15:31:53,15:32:10,1.6996731711975948
500,6,15:32:10,15:32:26,2.165954298846436
500,7,15:32:26,15:32:43,1.6996731711975948
500,8,15:32:43,15:33:00,1.6996731711975948
500,9,15:33:00,15:33:16,1.6996731711975948
500,10,15:33:16,15:33:33,2.165063509461097
500,11,15:33:33,15:33:49,2.165954298846436
500,12,15:33:49,15:34:06,1.6996731711975948
500,13,15:34:06,15:34:22,2.165954298846436
500,14,15:34:22,15:34:38,2.165954298846436
500,15,15:34:38,15:34:55,2.165954298846436
500,16,15:34:55,15:35:11,2.165954298846436
500,17,15:35:11,15:35:28,2.165954298846436
500,18,15:35:28,15:35:44,1.6996731711975948
500,19,15:35:44,15:36:01,1.6996731711975948
500,20,15:36:01,15:36:17,1.6996731711975948
600,1,15:36:17,15:36:38,1.6996731711975948
600,2,15:36:38,15:36:58,1.6996731711975948
600,3,15:36:58,15:37:18,2.165954298846436
600,4,15:37:18,15:37:38,1.6996731711975948
600,5,15:37:38,15:38:01,1.6996731711975948
600,6,15:38:01,15:38:22,2.165954298846436
600,7,15:38:22,15:38:43,1.6996731711975948
600,8,15:38:43,15:39:03,1.6996731711975948
600,9,15:39:03,15:39:24,1.6996731711975948
600,10,15:39:24,15:39:44,1.6996731711975948
600,11,15:39:44,15:40:05,1.6996731711975948
600,12,15:40:05,15:40:25,1.6996731711975948
600,13,15:40:25,15:40:46,2.165954298846436
600,14,15:40:46,15:41:06,1.6996731711975948
600,15,15:41:06,15:41:26,1.6996731711975948
600,16,15:41:26,15:41:47,1.6996731711975948
600,17,15:41:47,15:42:07,1.6996731711975948
600,18,15:42:07,15:42:26,1.6996731711975948
600,19,15:42:26,15:42:47,1.6996731711975948
600,20,15:42:47,15:43:08,1.6996731711975948
700,1,15:43:08,15:43:31,2.165954298846436
700,2,15:43:31,15:43:54,1.6996731711975948
700,3,15:43:54,15:44:18,1.6996731711975948
700,4,15:44:18,15:44:41,1.6996731711975948
700,5,15:44:41,15:45:04,1.6996731711975948
700,6,15:45:04,15:45:28,2.165954298846436
700,7,15:45:28,15:45:51,1.6996731711975948
700,8,15:45:51,15:46:15,1.6996731711975948
700,9,15:46:15,15:46:38,1.6996731711975948
700,10,15:46:38,15:47:02,2.165954298846436
700,11,15:47:02,15:47:25,2.165954298846436
700,12,15:47:25,15:47:48,1.6996731711975948
700,13,15:47:48,15:48:11,1.6996731711975948
700,14,15:48:11,15:48:35,1.6996731711975948
700,15,15:48:35,15:48:58,1.6996731711975948
700,16,15:48:58,15:49:22,2.165954298846436
700,17,15:49:22,15:49:45,2.165954298846436
700,18,15:49:45,15:50:09,2.165954298846436
700,19,15:50:09,15:50:32,1.6996731711975948
700,20,15:50:32,15:50:55,2.165954298846436
800,1,15:50:55,15:51:22,2.165954298846436
800,2,15:51:22,15:51:49,2.165954298846436
800,3,15:51:49,15:52:16,2.165954298846436
800,4,15:52:16,15:52:42,1.6996731711975948
800,5,15:52:42,15:53:09,2.165954298846436
800,6,15:53:09,15:53:37,2.165954298846436
800,7,15:53:37,15:54:06,2.165954298846436
800,8,15:54:06,15:54:33,2.165954298846436
800,9,15:54:33,15:55:00,1.6996731711975948
800,10,15:55:00,15:55:27,1.6996731711975948
800,11,15:55:27,15:55:53,1.6996731711975948
800,12,15:55:53,15:56:20,1.6996731711975948
800,13,15:56:20,15:56:47,1.6996731711975948
800,14,15:56:47,15:57:14,1.6996731711975948
800,15,15:57:14,15:57:41,1.6996731711975948
800,16,15:57:41,15:58:08,1.6996731711975948
800,17,15:58:08,15:58:36,2.165954298846436
800,18,15:58:36,15:59:06,1.6996731711975948
800,19,15:59:06,15:59:33,2.165954298846436
800,20,15:59:33,16:00:01,1.6996731711975948
900,1,16:00:01,16:00:31,2.165954298846436
900,2,16:00:31,16:01:02,1.6996731711975948
900,3,16:01:02,16:01:32,1.6996731711975948
900,4,16:01:32,16:02:04,1.6996731711975948
900,5,16:02:04,16:02:36,1.6996731711975948
900,6,16:02:36,16:03:08,1.6996731711975948
900,7,16:03:08,16:03:41,1.6996731711975948
900,8,16:03:41,16:04:13,2.165954298846436
900,9,16:04:13,16:04:46,1.6996731711975948
900,10,16:04:46,16:05:18,1.6996731711975948
900,11,16:05:18,16:05:50,2.165954298846436
900,12,16:05:50,16:06:23,1.6996731711975948
900,13,16:06:23,16:06:55,1.6996731711975948
900,14,16:06:55,16:07:27,1.6996731711975948
900,15,16:07:27,16:08:00,2.165954298846436
900,16,16:08:00,16:08:32,1.6996731711975948
900,17,16:08:32,16:09:04,2.165954298846436
900,18,16:09:04,16:09:35,2.165954298846436
900,19,16:09:35,16:10:06,1.6996731711975948
900,20,16:10:06,16:10:38,1.6996731711975948
1000,1,16:10:38,16:11:14,1.6996731711975948
1000,2,16:11:14,16:11:49,2.165954298846436
1000,3,16:11:49,16:12:25,1.6996731711975948
1000,4,16:12:25,16:13:00,2.165954298846436
1000,5,16:13:00,16:13:36,2.2603926650031405
1000,6,16:13:36,16:14:11,1.6996731711975948
1000,7,16:14:11,16:14:47,2.165954298846436
1000,8,16:14:47,16:15:23,2.165954298846436
1000,9,16:15:23,16:15:59,2.165954298846436
1000,10,16:15:59,16:16:34,1.6996731711975948
1000,11,16:16:34,16:17:10,1.6996731711975948
1000,12,16:17:10,16:17:45,1.6996731711975948
1000,13,16:17:45,16:18:21,1.6996731711975948
1000,14,16:18:21,16:18:56,1.6996731711975948
1000,15,16:18:56,16:19:32,1.6996731711975948
1000,16,16:19:32,16:20:07,1.6996731711975948
1000,17,16:20:07,16:20:43,2.165954298846436
1000,18,16:20:43,16:21:18,1.6996731711975948
1000,19,16:21:18,16:21:54,1.6996731711975948
1000,20,16:21:54,16:22:29,1.6996731711975948
100,1,19:07:56,19:07:59,1.6996731711975948
100,2,19:07:59,19:08:02,1.6996731711975948
100,3,19:08:02,19:08:05,1.6996731711975948
100,4,19:08:05,19:08:09,2.165954298846436
100,5,19:08:09,19:08:12,2.165954298846436
100,6,19:08:12,19:08:15,1.6996731711975948
100,7,19:08:15,19:08:18,1.6996731711975948
100,8,19:08:18,19:08:21,1.6996731711975948
100,9,19:08:21,19:08:25,1.6996731711975948
100,10,19:08:25,19:08:28,1.6996731711975948
100,11,19:08:28,19:08:31,1.6996731711975948
100,12,19:08:31,19:08:34,2.165954298846436
100,13,19:08:34,19:08:38,1.6996731711975948
100,14,19:08:38,19:08:41,1.6996731711975948
100,15,19:08:41,19:08:44,1.6996731711975948
100,16,19:08:44,19:08:47,1.6996731711975948
100,17,19:08:47,19:08:51,2.165954298846436
100,18,19:08:51,19:08:54,2.165954298846436
100,19,19:08:54,19:08:57,1.6996731711975948
100,20,19:08:57,19:09:00,1.6996731711975948
200,1,19:09:00,19:09:07,1.6996731711975948
200,2,19:09:07,19:09:13,1.920286436967152
200,3,19:09:13,19:09:20,1.6996731711975948
200,4,19:09:20,19:09:26,1.6996731711975948
200,5,19:09:26,19:09:33,1.6996731711975948
200,6,19:09:33,19:09:39,1.6996731711975948
200,7,19:09:39,19:09:46,1.6996731711975948
200,8,19:09:46,19:09:52,1.6996731711975948
200,9,19:09:52,19:09:59,1.6996731711975948
200,10,19:09:59,19:10:05,2.165954298846436
200,11,19:10:05,19:10:12,1.6996731711975948
200,12,19:10:12,19:10:18,1.6996731711975948
200,13,19:10:18,19:10:25,1.6996731711975948
200,14,19:10:25,19:10:31,1.6996731711975948
200,15,19:10:31,19:10:38,2.165954298846436
200,16,19:10:38,19:10:44,1.6996731711975948
200,17,19:10:44,19:10:51,2.165954298846436
200,18,19:10:51,19:10:57,2.165954298846436
200,19,19:10:57,19:11:04,1.6996731711975948
200,20,19:11:04,19:11:10,1.6996731711975948
300,1,19:11:10,19:11:20,2.165954298846436
300,2,19:11:20,19:11:30,1.6996731711975948
300,3,19:11:30,19:11:39,2.165954298846436
300,4,19:11:39,19:11:49,2.165954298846436
300,5,19:11:49,19:11:59,1.6996731711975948
300,6,19:11:59,19:12:09,1.6996731711975948
300,7,19:12:09,19:12:18,1.6996731711975948
300,8,19:12:18,19:12:28,1.6996731711975948
300,9,19:12:28,19:12:38,2.165954298846436
300,10,19:12:38,19:12:48,2.165954298846436
300,11,19:12:48,19:12:58,1.6996731711975948
300,12,19:12:58,19:13:08,1.6996731711975948
300,13,19:13:08,19:13:17,1.6996731711975948
300,14,19:13:17,19:13:28,1.6996731711975948
300,15,19:13:28,19:13:38,1.6996731711975948
300,16,19:13:38,19:13:48,2.165954298846436
300,17,19:13:48,19:13:57,2.165954298846436
300,18,19:13:57,19:14:07,2.165954298846436
300,19,19:14:07,19:14:17,1.6996731711975948
300,20,19:14:17,19:14:26,1.6996731711975948
400,1,19:14:26,19:14:39,2.165954298846436
400,2,19:14:39,19:14:52,1.6996731711975948
400,3,19:14:52,19:15:05,2.165954298846436
400,4,19:15:05,19:15:18,1.6996731711975948
400,5,19:15:18,19:15:32,1.6996731711975948
400,6,19:15:32,19:15:45,1.6996731711975948
400,7,19:15:45,19:15:58,1.6996731711975948
400,8,19:15:58,19:16:11,1.6996731711975948
400,9,19:16:11,19:16:24,2.165954298846436
400,10,19:16:24,19:16:37,2.165954298846436
400,11,19:16:37,19:16:50,1.6996731711975948
400,12,19:16:50,19:17:03,2.165954298846436
400,13,19:17:03,19:17:16,2.165954298846436
400,14,19:17:16,19:17:29,1.6996731711975948
400,15,19:17:29,19:17:43,2.165954298846436
400,16,19:17:43,19:17:56,2.165954298846436
400,17,19:17:56,19:18:09,1.6996731711975948
400,18,19:18:09,19:18:22,1.6996731711975948
400,19,19:18:22,19:18:35,2.165954298846436
400,20,19:18:35,19:18:48,1.6996731711975948
500,1,19:18:48,19:19:05,2.165954298846436
500,2,19:19:05,19:19:21,2.165954298846436
500,3,19:19:21,19:19:38,2.165954298846436
500,4,19:19:38,19:19:54,1.6996731711975948
500,5,19:19:54,19:20:10,2.165954298846436
500,6,19:20:10,19:20:26,1.6996731711975948
500,7,19:20:26,19:20:42,2.165954298846436
500,8,19:20:42,19:20:59,1.6996731711975948
500,9,19:20:59,19:21:15,1.6996731711975948
500,10,19:21:15,19:21:32,1.6996731711975948
500,11,19:21:32,19:21:48,2.165954298846436
500,12,19:21:48,19:22:04,1.6996731711975948
500,13,19:22:04,19:22:21,1.6996731711975948
500,14,19:22:21,19:22:37,1.6996731711975948
500,15,19:22:37,19:22:54,1.6996731711975948
500,16,19:22:54,19:23:10,2.165954298846436
500,17,19:23:10,19:23:26,1.6996731711975948
500,18,19:23:26,19:23:42,1.6996731711975948
500,19,19:23:42,19:23:58,2.165954298846436
500,20,19:23:58,19:24:14,1.6996731711975948
600,1,19:24:14,19:24:34,1.6996731711975948
600,2,19:24:34,19:24:54,2.165954298846436
600,3,19:24:54,19:25:13,1.6996731711975948
600,4,19:25:13,19:25:33,1.6996731711975948
600,5,19:25:33,19:25:53,2.165954298846436
600,6,19:25:53,19:26:12,1.6996731711975948
600,7,19:26:12,19:26:32,2.165954298846436
600,8,19:26:32,19:26:51,1.6996731711975948
600,9,19:26:51,19:27:11,1.6996731711975948
600,10,19:27:11,19:27:30,2.165954298846436
600,11,19:27:30,19:27:49,1.6996731711975948
600,12,19:27:49,19:28:09,1.6996731711975948
600,13,19:28:09,19:28:29,1.6996731711975948
600,14,19:28:29,19:28:48,1.6996731711975948
600,15,19:28:48,19:29:08,1.6996731711975948
600,16,19:29:08,19:29:27,1.6996731711975948
600,17,19:29:27,19:29:47,1.6996731711975948
600,18,19:29:47,19:30:06,1.6996731711975948
600,19,19:30:06,19:30:26,1.6996731711975948
600,20,19:30:26,19:30:45,2.165954298846436
700,1,19:30:45,19:31:10,1.6996731711975948
700,2,19:31:10,19:31:34,1.6996731711975948
700,3,19:31:34,19:31:58,1.6996731711975948
700,4,19:31:58,19:32:23,1.6996731711975948
700,5,19:32:23,19:32:47,1.6996731711975948
700,6,19:32:47,19:33:12,1.6996731711975948
700,7,19:33:12,19:33:36,2.165954298846436
700,8,19:33:36,19:34:01,2.165954298846436
700,9,19:34:01,19:34:25,1.6996731711975948
700,10,19:34:25,19:34:50,1.6996731711975948
700,11,19:34:50,19:35:15,1.6996731711975948
700,12,19:35:15,19:35:39,1.6996731711975948
700,13,19:35:39,19:36:03,1.6996731711975948
700,14,19:36:03,19:36:27,1.6996731711975948
700,15,19:36:27,19:36:51,1.6996731711975948
700,16,19:36:51,19:37:15,1.6996731711975948
700,17,19:37:15,19:37:39,1.6996731711975948
700,18,19:37:39,19:38:03,1.6996731711975948
700,19,19:38:03,19:38:27,2.165954298846436
700,20,19:38:27,19:38:52,1.6996731711975948
800,1,19:38:52,19:39:20,1.6996731711975948
800,2,19:39:20,19:39:48,2.165954298846436
800,3,19:39:48,19:40:16,1.6996731711975948
800,4,19:40:16,19:40:44,1.6996731711975948
800,5,19:40:44,19:41:12,1.6996731711975948
800,6,19:41:12,19:41:40,2.165954298846436
800,7,19:41:40,19:42:08,1.6996731711975948
800,8,19:42:08,19:42:36,1.6996731711975948
800,9,19:42:36,19:43:03,1.6996731711975948
800,10,19:43:03,19:43:31,2.165954298846436
800,11,19:43:31,19:43:58,1.6996731711975948
800,12,19:43:58,19:44:23,1.6996731711975948
800,13,19:44:23,19:44:49,2.165954298846436
800,14,19:44:49,19:45:15,2.165954298846436
800,15,19:45:15,19:45:41,1.6996731711975948
800,16,19:45:41,19:46:07,1.6996731711975948
800,17,19:46:07,19:46:33,1.6996731711975948
800,18,19:46:33,19:46:59,2.165954298846436
800,19,19:46:59,19:47:25,2.165954298846436
800,20,19:47:25,19:47:51,1.6996731711975948
900,1,19:47:51,19:48:21,1.6996731711975948
900,2,19:48:21,19:48:50,2.165954298846436
900,3,19:48:50,19:49:19,1.6996731711975948
900,4,19:49:19,19:49:48,1.6996731711975948
900,5,19:49:48,19:50:17,1.6996731711975948
900,6,19:50:17,19:50:47,2.165954298846436
900,7,19:50:47,19:51:16,1.6996731711975948
900,8,19:51:16,19:51:45,1.6996731711975948
900,9,19:51:45,19:52:15,1.6996731711975948
900,10,19:52:15,19:52:44,2.165954298846436
900,11,19:52:44,19:53:13,1.6996731711975948
900,12,19:53:13,19:53:42,2.165954298846436
900,13,19:53:42,19:54:11,1.6996731711975948
900,14,19:54:11,19:54:40,1.6996731711975948
900,15,19:54:40,19:55:09,2.165954298846436
900,16,19:55:09,19:55:38,1.6996731711975948
900,17,19:55:38,19:56:08,1.6996731711975948
900,18,19:56:08,19:56:37,2.165954298846436
900,19,19:56:37,19:57:06,1.6996731711975948
900,20,19:57:06,19:57:35,1.6996731711975948
1000,1,19:57:35,19:58:08,2.165954298846436
1000,2,19:58:08,19:58:41,1.6996731711975948
1000,3,19:58:41,19:59:13,2.165954298846436
1000,4,19:59:13,19:59:46,2.165954298846436
1000,5,19:59:46,20:00:18,1.6996731711975948
1000,6,20:00:18,20:00:51,1.6996731711975948
1000,7,20:00:51,20:01:23,1.6996731711975948
1000,8,20:01:23,20:01:55,1.6996731711975948
1000,9,20:01:55,20:02:28,1.6996731711975948
1000,10,20:02:28,20:03:00,1.6996731711975948
1000,11,20:03:00,20:03:33,1.6996731711975948
1000,12,20:03:33,20:04:06,1.6996731711975948
1000,13,20:04:06,20:04:39,2.165954298846436
1000,14,20:04:39,20:05:11,1.6996731711975948
1000,15,20:05:11,20:05:43,2.165954298846436
1000,16,20:05:43,20:06:16,2.165954298846436
1000,17,20:06:16,20:06:48,1.6996731711975948
1000,18,20:06:48,20:07:20,1.6996731711975948
1000,19,20:07:20,20:07:52,2.165954298846436
1000,20,20:07:52,20:08:25,1.6996731711975948
100,1,22:17:09,22:17:12,2.165954298846436
100,2,22:17:12,22:17:15,1.6996731711975948
100,3,22:17:15,22:17:18,2.165954298846436
100,4,22:17:18,22:17:22,2.165954298846436
100,5,22:17:22,22:17:25,2.165954298846436
100,6,22:17:25,22:17:28,2.165954298846436
100,7,22:17:28,22:17:32,1.6996731711975948
100,8,22:17:32,22:17:35,1.6996731711975948
100,9,22:17:35,22:17:38,1.6996731711975948
100,10,22:17:38,22:17:42,1.6996731711975948
100,11,22:17:42,22:17:45,1.6996731711975948
100,12,22:17:45,22:17:48,1.6996731711975948
100,13,22:17:48,22:17:52,2.165954298846436
100,14,22:17:52,22:17:55,1.6996731711975948
100,15,22:17:55,22:17:59,1.6996731711975948
100,16,22:17:59,22:18:02,1.6996731711975948
100,17,22:18:02,22:18:06,1.6996731711975948
100,18,22:18:06,22:18:09,1.6996731711975948
100,19,22:18:09,22:18:12,1.6996731711975948
100,20,22:18:12,22:18:16,1.6996731711975948
200,1,22:18:16,22:18:22,2.165954298846436
200,2,22:18:22,22:18:30,1.6996731711975948
200,3,22:18:30,22:18:36,1.6996731711975948
200,4,22:18:36,22:18:43,1.6996731711975948
200,5,22:18:43,22:18:50,1.6996731711975948
200,6,22:18:50,22:18:56,1.6996731711975948
200,7,22:18:56,22:19:03,1.6996731711975948
200,8,22:19:03,22:19:10,2.165954298846436
200,9,22:19:10,22:19:17,1.6996731711975948
200,10,22:19:17,22:19:24,1.6996731711975948
200,11,22:19:24,22:19:30,1.6996731711975948
200,12,22:19:30,22:19:37,1.6996731711975948
200,13,22:19:37,22:19:44,1.6996731711975948
200,14,22:19:44,22:19:51,1.6996731711975948
200,15,22:19:51,22:19:58,1.6996731711975948
200,16,22:19:58,22:20:05,2.165954298846436
200,17,22:20:05,22:20:12,1.6996731711975948
200,18,22:20:12,22:20:19,1.6996731711975948
200,19,22:20:19,22:20:26,1.6996731711975948
200,20,22:20:26,22:20:33,2.165954298846436
300,1,22:20:33,22:20:43,2.165954298846436
300,2,22:20:43,22:20:53,1.6996731711975948
300,3,22:20:53,22:21:03,1.6996731711975948
300,4,22:21:03,22:21:13,1.6996731711975948
300,5,22:21:13,22:21:24,2.165954298846436
300,6,22:21:24,22:21:34,2.165954298846436
300,7,22:21:34,22:21:44,1.6996731711975948
300,8,22:21:44,22:21:54,1.6996731711975948
300,9,22:21:54,22:22:04,1.6996731711975948
300,10,22:22:04,22:22:14,1.6996731711975948
300,11,22:22:14,22:22:24,1.6996731711975948
300,12,22:22:24,22:22:34,1.6996731711975948
300,13,22:22:34,22:22:44,1.6996731711975948
300,14,22:22:44,22:22:54,1.6996731711975948
300,15,22:22:54,22:23:04,1.6996731711975948
300,16,22:23:04,22:23:14,1.6996731711975948
300,17,22:23:14,22:23:24,1.6996731711975948
300,18,22:23:24,22:23:34,2.165954298846436
300,19,22:23:34,22:23:44,1.6996731711975948
300,20,22:23:44,22:23:55,1.6996731711975948
400,1,22:23:55,22:24:09,2.165954298846436
400,2,22:24:09,22:24:22,1.6996731711975948
400,3,22:24:22,22:24:36,1.6996731711975948
400,4,22:24:36,22:24:49,1.6996731711975948
400,5,22:24:49,22:25:03,1.6996731711975948
400,6,22:25:03,22:25:17,2.165954298846436
400,7,22:25:17,22:25:30,2.165954298846436
400,8,22:25:30,22:25:44,1.6996731711975948
400,9,22:25:44,22:25:57,1.6996731711975948
400,10,22:25:57,22:26:10,1.6996731711975948
400,11,22:26:10,22:26:23,1.6996731711975948
400,12,22:26:23,22:26:36,1.6996731711975948
400,13,22:26:36,22:26:49,1.6996731711975948
400,14,22:26:49,22:27:04,1.6996731711975948
400,15,22:27:04,22:27:17,2.165954298846436
400,16,22:27:17,22:27:31,1.6996731711975948
400,17,22:27:31,22:27:45,1.6996731711975948
400,18,22:27:45,22:27:58,2.165954298846436
400,19,22:27:58,22:28:12,1.6996731711975948
400,20,22:28:12,22:28:26,1.6996731711975948
500,1,22:28:26,22:28:43,1.6996731711975948
500,2,22:28:43,22:29:00,2.2603926650031405
500,3,22:29:00,22:29:18,1.6996731711975948
500,4,22:29:18,22:29:35,1.6996731711975948
500,5,22:29:35,22:29:52,2.165954298846436
500,6,22:29:52,22:30:10,2.165954298846436
500,7,22:30:10,22:30:27,2.165954298846436
500,8,22:30:27,22:30:44,2.165954298846436
500,9,22:30:44,22:31:02,1.6996731711975948
500,10,22:31:02,22:31:19,2.165954298846436
500,11,22:31:19,22:31:36,2.165954298846436
500,12,22:31:36,22:31:53,1.6996731711975948
500,13,22:31:53,22:32:11,1.6996731711975948
500,14,22:32:11,22:32:28,2.165954298846436
500,15,22:32:28,22:32:45,1.6996731711975948
500,16,22:32:45,22:33:02,1.6996731711975948
500,17,22:33:02,22:33:20,1.6996731711975948
500,18,22:33:20,22:33:37,1.6996731711975948
500,19,22:33:37,22:33:54,1.6996731711975948
500,20,22:33:54,22:34:12,1.6996731711975948
600,1,22:34:12,22:34:33,2.165954298846436
600,2,22:34:33,22:34:53,1.6996731711975948
600,3,22:34:53,22:35:14,1.6996731711975948
600,4,22:35:14,22:35:35,1.6996731711975948
600,5,22:35:35,22:35:56,2.165954298846436
600,6,22:35:56,22:36:17,1.6996731711975948
600,7,22:36:17,22:36:38,2.165954298846436
600,8,22:36:38,22:36:58,1.6996731711975948
600,9,22:36:58,22:37:19,1.6996731711975948
600,10,22:37:19,22:37:39,2.165954298846436
600,11,22:37:39,22:38:00,1.6996731711975948
600,12,22:38:00,22:38:21,1.6996731711975948
600,13,22:38:21,22:38:41,2.165954298846436
600,14,22:38:41,22:39:02,1.6996731711975948
600,15,22:39:02,22:39:22,1.6996731711975948
600,16,22:39:22,22:39:42,1.6996731711975948
600,17,22:39:42,22:40:02,1.6996731711975948
600,18,22:40:02,22:40:22,2.165954298846436
600,19,22:40:22,22:40:41,1.6996731711975948
600,20,22:40:41,22:41:01,1.6996731711975948
700,1,22:41:01,22:41:24,1.6996731711975948
700,2,22:41:24,22:41:48,2.165954298846436
700,3,22:41:48,22:42:11,2.165954298846436
700,4,22:42:11,22:42:34,1.6996731711975948
700,5,22:42:34,22:42:58,1.6996731711975948
700,6,22:42:58,22:43:22,2.165954298846436
700,7,22:43:22,22:43:45,1.6996731711975948
700,8,22:43:45,22:44:08,2.165954298846436
700,9,22:44:08,22:44:31,1.6996731711975948
700,10,22:44:31,22:44:54,1.6996731711975948
700,11,22:44:54,22:45:18,1.6996731711975948
700,12,22:45:18,22:45:42,1.6996731711975948
700,13,22:45:42,22:46:06,1.6996731711975948
700,14,22:46:06,22:46:30,1.6996731711975948
700,15,22:46:30,22:46:54,2.165954298846436
700,16,22:46:54,22:47:18,1.6996731711975948
700,17,22:47:18,22:47:43,2.165954298846436
700,18,22:47:43,22:48:07,2.165954298846436
700,19,22:48:07,22:48:31,1.6996731711975948
700,20,22:48:31,22:48:55,1.6996731711975948
800,1,22:48:55,22:49:23,1.6996731711975948
800,2,22:49:23,22:49:50,1.6996731711975948
800,3,22:49:50,22:50:18,1.6996731711975948
800,4,22:50:18,22:50:45,2.165954298846436
800,5,22:50:45,22:51:13,1.6996731711975948
800,6,22:51:13,22:51:41,1.6996731711975948
800,7,22:51:41,22:52:09,1.6996731711975948
800,8,22:52:09,22:52:36,1.6996731711975948
800,9,22:52:36,22:53:03,1.6996731711975948
800,10,22:53:03,22:53:29,1.6996731711975948
800,11,22:53:29,22:53:56,1.6996731711975948
800,12,22:53:56,22:54:22,2.165954298846436
800,13,22:54:22,22:54:49,1.6996731711975948
800,14,22:54:49,22:55:16,2.165954298846436
800,15,22:55:16,22:55:42,1.6996731711975948
800,16,22:55:42,22:56:09,2.165954298846436
800,17,22:56:09,22:56:35,1.6996731711975948
800,18,22:56:35,22:57:02,2.165954298846436
800,19,22:57:02,22:57:28,2.165954298846436
800,20,22:57:28,22:57:54,2.165954298846436
900,1,22:57:54,22:58:25,1.6996731711975948
900,2,22:58:25,22:58:55,1.6996731711975948
900,3,22:58:55,22:59:25,1.6996731711975948
900,4,22:59:25,22:59:55,1.6996731711975948
900,5,22:59:55,23:00:25,1.6996731711975948
900,6,23:00:25,23:00:54,1.6996731711975948
900,7,23:00:54,23:01:25,1.6996731711975948
900,8,23:01:25,23:01:55,1.6996731711975948
900,9,23:01:55,23:02:25,2.165954298846436
900,10,23:02:25,23:02:55,1.6996731711975948
900,11,23:02:55,23:03:25,1.6996731711975948
900,12,23:03:25,23:03:55,2.165954298846436
900,13,23:03:55,23:04:25,2.165954298846436
900,14,23:04:25,23:04:55,1.6996731711975948
900,15,23:04:55,23:05:26,2.165954298846436
900,16,23:05:26,23:05:55,1.6996731711975948
900,17,23:05:55,23:06:26,1.6996731711975948
900,18,23:06:26,23:06:55,1.6996731711975948
900,19,23:06:55,23:07:26,1.6996731711975948
900,20,23:07:26,23:07:56,1.6996731711975948
1000,1,23:07:56,23:08:29,1.6996731711975948
1000,2,23:08:29,23:09:03,1.6996731711975948
1000,3,23:09:03,23:09:37,2.165954298846436
1000,4,23:09:37,23:10:12,1.6996731711975948
1000,5,23:10:12,23:10:46,2.165954298846436
1000,6,23:10:46,23:11:21,1.6996731711975948
1000,7,23:11:21,23:11:56,2.165954298846436
1000,8,23:11:56,23:12:30,1.6996731711975948
1000,9,23:12:30,23:13:04,2.165954298846436
1000,10,23:13:04,23:13:39,1.6996731711975948
1000,11,23:13:39,23:14:14,2.165954298846436
1000,12,23:14:14,23:14:48,1.6996731711975948
1000,13,23:14:48,23:15:23,1.6996731711975948
1000,14,23:15:23,23:15:57,1.6996731711975948
1000,15,23:15:57,23:16:31,1.6996731711975948
1000,16,23:16:31,23:17:05,1.6996731711975948
1000,17,23:17:05,23:17:40,1.6996731711975948
1000,18,23:17:40,23:18:14,1.6996731711975948
1000,19,23:18:14,23:18:49,2.165954298846436
1000,20,23:18:49,23:19:24,1.6996731711975948
100,1,01:29:38,01:29:41,1.6996731711975948
100,2,01:29:41,01:29:44,1.6996731711975948
100,3,01:29:44,01:29:48,1.6996731711975948
100,4,01:29:48,01:29:51,2.165954298846436
100,5,01:29:51,01:29:55,1.6996731711975948
100,6,01:29:55,01:29:58,2.165954298846436
100,7,01:29:58,01:30:01,1.6996731711975948
100,8,01:30:01,01:30:05,1.6996731711975948
100,9,01:30:05,01:30:08,1.6996731711975948
100,10,01:30:08,01:30:12,1.6996731711975948
100,11,01:30:12,01:30:15,1.6996731711975948
100,12,01:30:15,01:30:19,2.165954298846436
100,13,01:30:19,01:30:22,1.6996731711975948
100,14,01:30:22,01:30:26,2.165954298846436
100,15,01:30:26,01:30:29,1.6996731711975948
100,16,01:30:29,01:30:32,1.6996731711975948
100,17,01:30:32,01:30:36,1.6996731711975948
100,18,01:30:36,01:30:39,2.165954298846436
100,19,01:30:39,01:30:43,2.165954298846436
100,20,01:30:43,01:30:46,1.6996731711975948
200,1,01:30:46,01:30:53,1.6996731711975948
200,2,01:30:53,01:31:00,1.6996731711975948
200,3,01:31:00,01:31:07,1.6996731711975948
200,4,01:31:07,01:31:14,1.6996731711975948
200,5,01:31:14,01:31:21,2.165954298846436
200,6,01:31:21,01:31:28,2.165954298846436
200,7,01:31:28,01:31:35,1.6996731711975948
200,8,01:31:35,01:31:42,2.165954298846436
200,9,01:31:42,01:31:49,2.165954298846436
200,10,01:31:49,01:31:55,1.6996731711975948
200,11,01:31:55,01:32:03,2.165954298846436
200,12,01:32:03,01:32:10,2.165954298846436
200,13,01:32:10,01:32:17,2.165954298846436
200,14,01:32:17,01:32:23,2.165954298846436
200,15,01:32:23,01:32:30,2.165954298846436
200,16,01:32:30,01:32:37,1.6996731711975948
200,17,01:32:37,01:32:44,2.165954298846436
200,18,01:32:44,01:32:51,1.6996731711975948
200,19,01:32:51,01:32:57,1.6996731711975948
200,20,01:32:57,01:33:04,1.6996731711975948
300,1,01:33:04,01:33:15,2.165954298846436
300,2,01:33:15,01:33:25,1.6996731711975948
300,3,01:33:25,01:33:36,2.165954298846436
300,4,01:33:36,01:33:46,1.6996731711975948
300,5,01:33:46,01:33:56,1.6996731711975948
300,6,01:33:56,01:34:06,1.6996731711975948
300,7,01:34:06,01:34:16,1.6996731711975948
300,8,01:34:16,01:34:26,1.6996731711975948
300,9,01:34:26,01:34:36,2.165954298846436
300,10,01:34:36,01:34:46,1.6996731711975948
300,11,01:34:46,01:34:57,1.6996731711975948
300,12,01:34:57,01:35:07,1.6996731711975948
300,13,01:35:07,01:35:16,1.6996731711975948
300,14,01:35:16,01:35:26,1.6996731711975948
300,15,01:35:26,01:35:36,1.6996731711975948
300,16,01:35:36,01:35:47,2.165954298846436
300,17,01:35:47,01:35:57,1.6996731711975948
300,18,01:35:57,01:36:07,1.6996731711975948
300,19,01:36:07,01:36:17,1.6996731711975948
300,20,01:36:17,01:36:27,1.6996731711975948
400,1,01:36:27,01:36:40,2.165954298846436
400,2,01:36:40,01:36:54,1.6996731711975948
400,3,01:36:54,01:37:07,2.165954298846436
400,4,01:37:07,01:37:20,1.6996731711975948
400,5,01:37:20,01:37:34,1.6996731711975948
400,6,01:37:34,01:37:47,2.165954298846436
400,7,01:37:47,01:38:00,2.165954298846436
400,8,01:38:00,01:38:13,1.6996731711975948
400,9,01:38:13,01:38:27,1.6996731711975948
400,10,01:38:27,01:38:40,1.6996731711975948
400,11,01:38:40,01:38:54,2.165954298846436
400,12,01:38:54,01:39:07,1.6996731711975948
400,13,01:39:07,01:39:21,1.6996731711975948
400,14,01:39:21,01:39:35,1.6996731711975948
400,15,01:39:35,01:39:49,1.6996731711975948
400,16,01:39:49,01:40:02,2.165954298846436
400,17,01:40:02,01:40:16,1.6996731711975948
400,18,01:40:16,01:40:29,1.6996731711975948
400,19,01:40:29,01:40:42,1.6996731711975948
400,20,01:40:42,01:40:56,1.6996731711975948
500,1,01:40:56,01:41:12,2.165954298846436
500,2,01:41:12,01:41:29,1.6996731711975948
500,3,01:41:29,01:41:46,2.165954298846436
500,4,01:41:46,01:42:02,1.6996731711975948
500,5,01:42:02,01:42:19,1.6996731711975948
500,6,01:42:19,01:42:36,1.6996731711975948
500,7,01:42:36,01:42:53,2.165954298846436
500,8,01:42:53,01:43:09,1.6996731711975948
500,9,01:43:09,01:43:26,2.165954298846436
500,10,01:43:26,01:43:43,1.6996731711975948
500,11,01:43:43,01:43:59,2.165954298846436
500,12,01:43:59,01:44:16,1.6996731711975948
500,13,01:44:16,01:44:32,2.165954298846436
500,14,01:44:32,01:44:49,1.6996731711975948
500,15,01:44:49,01:45:06,1.6996731711975948
500,16,01:45:06,01:45:22,2.165954298846436
500,17,01:45:22,01:45:39,1.6996731711975948
500,18,01:45:39,01:45:55,1.6996731711975948
500,19,01:45:55,01:46:12,1.6996731711975948
500,20,01:46:12,01:46:29,1.6996731711975948
600,1,01:46:29,01:46:49,2.165954298846436
600,2,01:46:49,01:47:09,1.6996731711975948
600,3,01:47:09,01:47:29,2.165954298846436
600,4,01:47:29,01:47:49,2.165954298846436
600,5,01:47:49,01:48:09,1.6996731711975948
600,6,01:48:09,01:48:28,1.6996731711975948
600,7,01:48:28,01:48:48,2.165954298846436
600,8,01:48:48,01:49:09,1.6996731711975948
600,9,01:49:09,01:49:28,1.6996731711975948
600,10,01:49:28,01:49:49,1.6996731711975948
600,11,01:49:49,01:50:09,1.6996731711975948
600,12,01:50:09,01:50:29,1.6996731711975948
600,13,01:50:29,01:50:49,1.6996731711975948
600,14,01:50:49,01:51:09,1.6996731711975948
600,15,01:51:09,01:51:29,1.6996731711975948
600,16,01:51:29,01:51:49,1.6996731711975948
600,17,01:51:49,01:52:09,1.6996731711975948
600,18,01:52:09,01:52:29,1.6996731711975948
600,19,01:52:29,01:52:49,1.6996731711975948
600,20,01:52:49,01:53:09,1.6996731711975948
700,1,01:53:09,01:53:33,1.6996731711975948
700,2,01:53:33,01:53:56,1.6996731711975948
700,3,01:53:56,01:54:20,2.165954298846436
700,4,01:54:20,01:54:43,2.165954298846436
700,5,01:54:43,01:55:07,1.6996731711975948
700,6,01:55:07,01:55:30,1.6996731711975948
700,7,01:55:30,01:55:53,1.6996731711975948
700,8,01:55:53,01:56:16,1.6996731711975948
700,9,01:56:16,01:56:40,2.165954298846436
700,10,01:56:40,01:57:03,1.6996731711975948
700,11,01:57:03,01:57:26,1.6996731711975948
700,12,01:57:26,01:57:50,1.6996731711975948
700,13,01:57:50,01:58:14,1.6996731711975948
700,14,01:58:14,01:58:37,2.165954298846436
700,15,01:58:37,01:59:01,2.165954298846436
700,16,01:59:01,01:59:24,2.165954298846436
700,17,01:59:24,01:59:47,2.165954298846436
700,18,01:59:47,02:00:11,2.165954298846436
700,19,02:00:11,02:00:34,2.165954298846436
700,20,02:00:34,02:00:57,1.6996731711975948
800,1,02:00:57,02:01:24,1.6996731711975948
800,2,02:01:24,02:01:51,2.165954298846436
800,3,02:01:51,02:02:18,1.6996731711975948
800,4,02:02:18,02:02:46,2.165954298846436
800,5,02:02:46,02:03:13,1.6996731711975948
800,6,02:03:13,02:03:41,1.6996731711975948
800,7,02:03:41,02:04:09,1.6996731711975948
800,8,02:04:09,02:04:37,1.6996731711975948
800,9,02:04:37,02:05:03,1.6996731711975948
800,10,02:05:03,02:05:30,2.165954298846436
800,11,02:05:30,02:05:57,2.165954298846436
800,12,02:05:57,02:06:23,1.6996731711975948
800,13,02:06:23,02:06:50,1.6996731711975948
800,14,02:06:50,02:07:18,1.6996731711975948
800,15,02:07:18,02:07:45,1.6996731711975948
800,16,02:07:45,02:08:13,2.165954298846436
800,17,02:08:13,02:08:40,2.165954298846436
800,18,02:08:40,02:09:08,1.6996731711975948
800,19,02:09:08,02:09:35,2.165954298846436
800,20,02:09:35,02:10:02,1.6996731711975948
900,1,02:10:02,02:10:34,1.6996731711975948
900,2,02:10:34,02:11:05,2.165954298846436
900,3,02:11:05,02:11:36,1.6996731711975948
900,4,02:11:36,02:12:08,2.165954298846436
900,5,02:12:08,02:12:39,2.165954298846436
900,6,02:12:39,02:13:10,2.165954298846436
900,7,02:13:10,02:13:40,1.6996731711975948
900,8,02:13:40,02:14:11,2.165954298846436
900,9,02:14:11,02:14:42,2.165954298846436
900,10,02:14:42,02:15:13,1.6996731711975948
900,11,02:15:13,02:15:44,2.2603926650031405
900,12,02:15:44,02:16:15,1.6996731711975948
900,13,02:16:15,02:16:46,1.6996731711975948
900,14,02:16:46,02:17:17,2.165954298846436
900,15,02:17:17,02:17:49,2.165954298846436
900,16,02:17:49,02:18:20,1.6996731711975948
900,17,02:18:20,02:18:51,1.6996731711975948
900,18,02:18:51,02:19:22,1.6996731711975948
900,19,02:19:22,02:19:53,1.6996731711975948
900,20,02:19:53,02:20:23,2.165954298846436
1000,1,02:20:23,02:20:58,1.6996731711975948
1000,2,02:20:58,02:21:33,2.165954298846436
1000,3,02:21:33,02:22:07,2.165954298846436
1000,4,02:22:07,02:22:42,1.6996731711975948
1000,5,02:22:42,02:23:17,1.6996731711975948
1000,6,02:23:17,02:23:51,2.165954298846436
1000,7,02:23:51,02:24:26,2.165954298846436
1000,8,02:24:26,02:25:01,1.6996731711975948
1000,9,02:25:01,02:25:35,1.6996731711975948
1000,10,02:25:35,02:26:10,1.6996731711975948
1000,11,02:26:10,02:26:45,2.165954298846436
1000,12,02:26:45,02:27:19,1.6996731711975948
1000,13,02:27:19,02:27:54,1.6996731711975948
1000,14,02:27:54,02:28:29,2.165954298846436
1000,15,02:28:29,02:29:02,1.6996731711975948
1000,16,02:29:02,02:29:35,1.6996731711975948
1000,17,02:29:35,02:30:08,2.165954298846436
1000,18,02:30:08,02:30:40,1.6996731711975948
1000,19,02:30:40,02:31:14,2.165954298846436
1000,20,02:31:14,02:31:47,1.6996731711975948
100,1,04:42:33,04:42:36,1.6996731711975948
100,2,04:42:36,04:42:39,1.6996731711975948
100,3,04:42:39,04:42:43,2.165954298846436
100,4,04:42:43,04:42:46,2.165954298846436
100,5,04:42:46,04:42:49,1.6996731711975948
100,6,04:42:49,04:42:53,2.165954298846436
100,7,04:42:53,04:42:56,1.6996731711975948
100,8,04:42:56,04:42:59,1.6996731711975948
100,9,04:42:59,04:43:03,1.6996731711975948
100,10,04:43:03,04:43:06,2.165954298846436
100,11,04:43:06,04:43:10,2.165954298846436
100,12,04:43:10,04:43:13,1.6996731711975948
100,13,04:43:13,04:43:16,1.6996731711975948
100,14,04:43:16,04:43:20,1.6996731711975948
100,15,04:43:20,04:43:23,2.165954298846436
100,16,04:43:23,04:43:26,1.6996731711975948
100,17,04:43:26,04:43:30,2.165954298846436
100,18,04:43:30,04:43:34,1.6996731711975948
100,19,04:43:34,04:43:37,1.6996731711975948
100,20,04:43:37,04:43:40,1.6996731711975948
200,1,04:43:40,04:43:48,2.165954298846436
200,2,04:43:48,04:43:54,1.6996731711975948
200,3,04:43:54,04:44:01,1.6996731711975948
200,4,04:44:01,04:44:08,1.6996731711975948
200,5,04:44:08,04:44:14,1.6996731711975948
200,6,04:44:14,04:44:21,1.6996731711975948
200,7,04:44:21,04:44:28,1.6996731711975948
200,8,04:44:28,04:44:35,1.6996731711975948
200,9,04:44:35,04:44:41,2.165954298846436
200,10,04:44:41,04:44:48,1.6996731711975948
200,11,04:44:48,04:44:55,2.165954298846436
200,12,04:44:55,04:45:02,1.6996731711975948
200,13,04:45:02,04:45:08,2.165954298846436
200,14,04:45:08,04:45:15,1.6996731711975948
200,15,04:45:15,04:45:22,1.6996731711975948
200,16,04:45:22,04:45:30,2.165954298846436
200,17,04:45:30,04:45:37,1.6996731711975948
200,18,04:45:37,04:45:44,1.6996731711975948
200,19,04:45:44,04:45:51,1.6996731711975948
200,20,04:45:51,04:45:58,1.6996731711975948
300,1,04:45:58,04:46:08,2.165954298846436
300,2,04:46:08,04:46:19,2.165954298846436
300,3,04:46:19,04:46:29,2.165954298846436
300,4,04:46:29,04:46:40,2.165954298846436
300,5,04:46:40,04:46:50,1.6996731711975948
300,6,04:46:50,04:47:01,1.6996731711975948
300,7,04:47:01,04:47:11,1.6996731711975948
300,8,04:47:11,04:47:21,2.165954298846436
300,9,04:47:21,04:47:32,1.6996731711975948
300,10,04:47:32,04:47:42,1.6996731711975948
300,11,04:47:42,04:47:53,2.165954298846436
300,12,04:47:53,04:48:03,1.6996731711975948
300,13,04:48:03,04:48:14,2.165954298846436
300,14,04:48:14,04:48:24,1.6996731711975948
300,15,04:48:24,04:48:35,2.165954298846436
300,16,04:48:35,04:48:45,2.165954298846436
300,17,04:48:45,04:48:55,2.165954298846436
300,18,04:48:55,04:49:06,1.6996731711975948
300,19,04:49:06,04:49:16,2.165954298846436
300,20,04:49:16,04:49:26,1.6996731711975948
400,1,04:49:26,04:49:40,1.6996731711975948
400,2,04:49:40,04:49:54,1.6996731711975948
400,3,04:49:54,04:50:08,1.6996731711975948
400,4,04:50:08,04:50:22,2.165954298846436
400,5,04:50:22,04:50:36,1.6996731711975948
400,6,04:50:36,04:50:50,2.165954298846436
400,7,04:50:50,04:51:04,1.6996731711975948
400,8,04:51:04,04:51:18,2.165954298846436
400,9,04:51:18,04:51:32,1.6996731711975948
400,10,04:51:32,04:51:46,1.6996731711975948
400,11,04:51:46,04:51:59,1.6996731711975948
400,12,04:51:59,04:52:13,1.6996731711975948
400,13,04:52:13,04:52:27,1.6996731711975948
400,14,04:52:27,04:52:40,1.6996731711975948
400,15,04:52:40,04:52:54,2.165954298846436
400,16,04:52:54,04:53:08,2.165954298846436
400,17,04:53:08,04:53:22,1.6996731711975948
400,18,04:53:22,04:53:36,1.6996731711975948
400,19,04:53:36,04:53:49,1.6996731711975948
400,20,04:53:49,04:54:03,1.6996731711975948
500,1,04:54:03,04:54:21,1.6996731711975948
500,2,04:54:21,04:54:38,1.6996731711975948
500,3,04:54:38,04:54:55,1.6996731711975948
500,4,04:54:55,04:55:13,1.6996731711975948
500,5,04:55:13,04:55:30,1.6996731711975948
500,6,04:55:30,04:55:47,2.165954298846436
500,7,04:55:47,04:56:04,1.6996731711975948
500,8,04:56:04,04:56:21,1.6996731711975948
500,9,04:56:21,04:56:38,2.165954298846436
500,10,04:56:38,04:56:56,1.6996731711975948
500,11,04:56:56,04:57:13,1.6996731711975948
500,12,04:57:13,04:57:30,1.6996731711975948
500,13,04:57:30,04:57:46,1.6996731711975948
500,14,04:57:46,04:58:03,2.165954298846436
500,15,04:58:03,04:58:19,2.165954298846436
500,16,04:58:19,04:58:36,1.6996731711975948
500,17,04:58:36,04:58:53,1.6996731711975948
500,18,04:58:53,04:59:10,1.6996731711975948
500,19,04:59:10,04:59:26,1.6996731711975948
500,20,04:59:26,04:59:43,2.165954298846436
600,1,04:59:43,05:00:03,1.6996731711975948
600,2,05:00:03,05:00:23,2.165954298846436
600,3,05:00:23,05:00:43,1.6996731711975948
600,4,05:00:43,05:01:03,1.6996731711975948
600,5,05:01:03,05:01:24,1.6996731711975948
600,6,05:01:24,05:01:44,1.6996731711975948
600,7,05:01:44,05:02:04,2.165954298846436
600,8,05:02:04,05:02:24,1.6996731711975948
600,9,05:02:24,05:02:44,2.165954298846436
600,10,05:02:44,05:03:05,1.6996731711975948
600,11,05:03:05,05:03:25,1.6996731711975948
600,12,05:03:25,05:03:44,1.6996731711975948
600,13,05:03:44,05:04:04,1.6996731711975948
600,14,05:04:04,05:04:24,1.6996731711975948
600,15,05:04:24,05:04:44,2.165954298846436
600,16,05:04:44,05:05:05,1.6996731711975948
600,17,05:05:05,05:05:24,1.6996731711975948
600,18,05:05:24,05:05:45,1.6996731711975948
600,19,05:05:45,05:06:05,1.6996731711975948
600,20,05:06:05,05:06:25,1.6996731711975948
700,1,05:06:25,05:06:49,1.6996731711975948
700,2,05:06:49,05:07:12,2.165954298846436
700,3,05:07:12,05:07:35,1.6996731711975948
700,4,05:07:35,05:07:59,2.165954298846436
700,5,05:07:59,05:08:23,1.6996731711975948
700,6,05:08:23,05:08:46,1.6996731711975948
700,7,05:08:46,05:09:10,2.165954298846436
700,8,05:09:10,05:09:33,1.6996731711975948
700,9,05:09:33,05:09:57,2.165954298846436
700,10,05:09:57,05:10:20,1.6996731711975948
700,11,05:10:20,05:10:43,1.6996731711975948
700,12,05:10:43,05:11:07,2.165954298846436
700,13,05:11:07,05:11:31,2.165954298846436
700,14,05:11:31,05:11:54,2.165954298846436
700,15,05:11:54,05:12:18,1.6996731711975948
700,16,05:12:18,05:12:41,2.165954298846436
700,17,05:12:41,05:13:05,2.165954298846436
700,18,05:13:05,05:13:28,1.6996731711975948
700,19,05:13:28,05:13:53,1.6996731711975948
700,20,05:13:53,05:14:17,1.6996731711975948
800,1,05:14:17,05:14:45,2.165954298846436
800,2,05:14:45,05:15:13,1.6996731711975948
800,3,05:15:13,05:15:40,1.6996731711975948
800,4,05:15:40,05:16:07,1.6996731711975948
800,5,05:16:07,05:16:35,1.6996731711975948
800,6,05:16:35,05:17:02,1.6996731711975948
800,7,05:17:02,05:17:30,2.165954298846436
800,8,05:17:30,05:17:57,1.6996731711975948
800,9,05:17:57,05:18:25,1.6996731711975948
800,10,05:18:25,05:18:52,1.6996731711975948
800,11,05:18:52,05:19:20,1.6996731711975948
800,12,05:19:20,05:19:47,1.6996731711975948
800,13,05:19:47,05:20:15,2.165954298846436
800,14,05:20:15,05:20:43,1.6996731711975948
800,15,05:20:43,05:21:10,1.6996731711975948
800,16,05:21:10,05:21:38,2.165954298846436
800,17,05:21:38,05:22:06,1.6996731711975948
800,18,05:22:06,05:22:34,1.6996731711975948
800,19,05:22:34,05:23:01,1.6996731711975948
800,20,05:23:01,05:23:29,2.165954298846436
900,1,05:23:29,05:24:00,2.165954298846436
900,2,05:24:00,05:24:31,2.165954298846436
900,3,05:24:31,05:25:03,1.6996731711975948
900,4,05:25:03,05:25:34,1.6996731711975948
900,5,05:25:34,05:26:05,1.6996731711975948
900,6,05:26:05,05:26:37,2.165954298846436
900,7,05:26:37,05:27:07,1.6996731711975948
900,8,05:27:07,05:27:37,1.6996731711975948
900,9,05:27:37,05:28:07,2.165954298846436
900,10,05:28:07,05:28:37,2.165954298846436
900,11,05:28:37,05:29:08,2.165954298846436
900,12,05:29:08,05:29:39,1.6996731711975948
900,13,05:29:39,05:30:10,2.165954298846436
900,14,05:30:10,05:30:42,1.6996731711975948
900,15,05:30:42,05:31:13,1.6996731711975948
900,16,05:31:13,05:31:44,2.165954298846436
900,17,05:31:44,05:32:16,1.6996731711975948
900,18,05:32:16,05:32:47,1.6996731711975948
900,19,05:32:47,05:33:18,1.6996731711975948
900,20,05:33:18,05:33:49,2.165954298846436
1000,1,05:33:49,05:34:24,1.6996731711975948
1000,2,05:34:24,05:34:58,2.165954298846436
1000,3,05:34:58,05:35:33,1.6996731711975948
1000,4,05:35:33,05:36:08,1.6996731711975948
1000,5,05:36:08,05:36:42,2.165954298846436
1000,6,05:36:42,05:37:17,1.6996731711975948
1000,7,05:37:17,05:37:52,1.6996731711975948
1000,8,05:37:52,05:38:26,1.6996731711975948
1000,9,05:38:26,05:39:00,1.6996731711975948
1000,10,05:39:00,05:39:35,1.6996731711975948
1000,11,05:39:35,05:40:09,2.165954298846436
1000,12,05:40:09,05:40:43,1.6996731711975948
1000,13,05:40:43,05:41:18,1.6996731711975948
1000,14,05:41:18,05:41:53,1.6996731711975948
1000,15,05:41:53,05:42:27,1.6996731711975948
1000,16,05:42:27,05:43:02,1.6996731711975948
1000,17,05:43:02,05:43:38,1.6996731711975948
1000,18,05:43:38,05:44:12,1.6996731711975948
1000,19,05:44:12,05:44:46,2.165954298846436
1000,20,05:44:46,05:45:21,1.6996731711975948
100,1,07:55:39,07:55:43,2.165954298846436
100,2,07:55:43,07:55:46,1.6996731711975948
100,3,07:55:46,07:55:50,1.6996731711975948
100,4,07:55:50,07:55:54,1.6996731711975948
100,5,07:55:54,07:55:57,2.165954298846436
100,6,07:55:57,07:56:00,1.6996731711975948
100,7,07:56:00,07:56:04,1.6996731711975948
100,8,07:56:04,07:56:07,1.6996731711975948
100,9,07:56:07,07:56:10,2.165954298846436
100,10,07:56:10,07:56:14,1.6996731711975948
100,11,07:56:14,07:56:18,1.6996731711975948
100,12,07:56:18,07:56:21,2.165954298846436
100,13,07:56:21,07:56:24,1.6996731711975948
100,14,07:56:24,07:56:28,1.6996731711975948
100,15,07:56:28,07:56:31,1.6996731711975948
100,16,07:56:31,07:56:35,2.165954298846436
100,17,07:56:35,07:56:38,1.6996731711975948
100,18,07:56:38,07:56:42,1.6996731711975948
100,19,07:56:42,07:56:45,1.6996731711975948
100,20,07:56:45,07:56:48,1.6996731711975948
200,1,07:56:48,07:56:55,2.165954298846436
200,2,07:56:55,07:57:03,1.6996731711975948
200,3,07:57:03,07:57:09,1.6996731711975948
200,4,07:57:09,07:57:16,2.165954298846436
200,5,07:57:16,07:57:23,1.6996731711975948
200,6,07:57:23,07:57:30,1.6996731711975948
200,7,07:57:30,07:57:37,2.165954298846436
200,8,07:57:37,07:57:45,1.6996731711975948
200,9,07:57:45,07:57:51,1.6996731711975948
200,10,07:57:51,07:57:58,2.165954298846436
200,11,07:57:58,07:58:05,1.6996731711975948
200,12,07:58:05,07:58:12,1.6996731711975948
200,13,07:58:12,07:58:19,2.165954298846436
200,14,07:58:19,07:58:25,1.6996731711975948
200,15,07:58:25,07:58:32,1.6996731711975948
200,16,07:58:32,07:58:39,1.6996731711975948
200,17,07:58:39,07:58:45,1.6996731711975948
200,18,07:58:45,07:58:52,1.6583123951777
200,19,07:58:52,07:58:59,1.6996731711975948
200,20,07:58:59,07:59:06,2.165954298846436
300,1,07:59:06,07:59:16,1.6996731711975948
300,2,07:59:16,07:59:26,2.165954298846436
300,3,07:59:26,07:59:36,1.6996731711975948
300,4,07:59:36,07:59:46,1.6996731711975948
300,5,07:59:46,07:59:56,1.6996731711975948
300,6,07:59:56,08:00:06,1.6996731711975948
300,7,08:00:06,08:00:16,2.165954298846436
300,8,08:00:16,08:00:26,1.6996731711975948
300,9,08:00:26,08:00:36,2.165954298846436
300,10,08:00:36,08:00:46,1.6996731711975948
300,11,08:00:46,08:00:56,2.165954298846436
300,12,08:00:56,08:01:06,1.6996731711975948
300,13,08:01:06,08:01:16,2.165954298846436
300,14,08:01:16,08:01:26,1.6996731711975948
300,15,08:01:26,08:01:36,1.6996731711975948
300,16,08:01:36,08:01:47,1.6996731711975948
300,17,08:01:47,08:01:57,2.165954298846436
300,18,08:01:57,08:02:07,2.165954298846436
300,19,08:02:07,08:02:17,2.165954298846436
300,20,08:02:17,08:02:27,2.165954298846436
400,1,08:02:27,08:02:40,1.6996731711975948
400,2,08:02:40,08:02:54,1.6996731711975948
400,3,08:02:54,08:03:07,1.6996731711975948
400,4,08:03:07,08:03:21,2.165954298846436
400,5,08:03:21,08:03:35,1.6996731711975948
400,6,08:03:35,08:03:48,1.6996731711975948
400,7,08:03:48,08:04:02,2.165954298846436
400,8,08:04:02,08:04:15,1.6996731711975948
400,9,08:04:15,08:04:29,1.6996731711975948
400,10,08:04:29,08:04:42,1.6996731711975948
400,11,08:04:42,08:04:55,1.6996731711975948
400,12,08:04:55,08:05:09,1.6996731711975948
400,13,08:05:09,08:05:23,1.6996731711975948
400,14,08:05:23,08:05:36,1.6996731711975948
400,15,08:05:36,08:05:50,1.6996731711975948
400,16,08:05:50,08:06:03,1.6996731711975948
400,17,08:06:03,08:06:17,1.6996731711975948
400,18,08:06:17,08:06:31,1.6996731711975948
400,19,08:06:31,08:06:44,1.6996731711975948
400,20,08:06:44,08:06:57,1.6996731711975948
500,1,08:06:57,08:07:14,1.6996731711975948
500,2,08:07:14,08:07:30,2.165954298846436
500,3,08:07:30,08:07:47,1.6996731711975948
500,4,08:07:47,08:08:04,1.6996731711975948
500,5,08:08:04,08:08:21,2.165954298846436
500,6,08:08:21,08:08:37,1.6996731711975948
500,7,08:08:37,08:08:54,2.165954298846436
500,8,08:08:54,08:09:11,2.165954298846436
500,9,08:09:11,08:09:28,2.165954298846436
500,10,08:09:28,08:09:44,1.6996731711975948
500,11,08:09:44,08:10:01,1.6996731711975948
500,12,08:10:01,08:10:18,1.6996731711975948
500,13,08:10:18,08:10:35,1.6996731711975948
500,14,08:10:35,08:10:52,2.165954298846436
500,15,08:10:52,08:11:08,1.6996731711975948
500,16,08:11:08,08:11:25,1.6996731711975948
500,17,08:11:25,08:11:42,1.6996731711975948
500,18,08:11:42,08:11:59,1.6996731711975948
500,19,08:11:59,08:12:15,1.6996731711975948
500,20,08:12:15,08:12:32,1.6996731711975948
600,1,08:12:32,08:12:52,2.165954298846436
600,2,08:12:52,08:13:13,1.6996731711975948
600,3,08:13:13,08:13:33,1.6996731711975948
600,4,08:13:33,08:13:53,2.165954298846436
600,5,08:13:53,08:14:13,2.165954298846436
600,6,08:14:13,08:14:33,1.6996731711975948
600,7,08:14:33,08:14:53,2.165954298846436
600,8,08:14:53,08:15:13,1.6996731711975948
600,9,08:15:13,08:15:34,2.165954298846436
600,10,08:15:34,08:15:54,1.6996731711975948
600,11,08:15:54,08:16:15,2.165954298846436
600,12,08:16:15,08:16:36,2.165954298846436
600,13,08:16:36,08:16:56,2.165954298846436
600,14,08:16:56,08:17:17,1.6996731711975948
600,15,08:17:17,08:17:38,1.6996731711975948
600,16,08:17:38,08:17:59,1.6996731711975948
600,17,08:17:59,08:18:19,1.6996731711975948
600,18,08:18:19,08:18:39,1.6996731711975948
600,19,08:18:39,08:18:59,1.6996731711975948
600,20,08:18:59,08:19:20,1.6996731711975948
700,1,08:19:20,08:19:44,1.6996731711975948
700,2,08:19:44,08:20:09,1.6996731711975948
700,3,08:20:09,08:20:34,1.6996731711975948
700,4,08:20:34,08:20:58,1.6996731711975948
700,5,08:20:58,08:21:23,1.6996731711975948
700,6,08:21:23,08:21:47,2.165954298846436
700,7,08:21:47,08:22:11,1.6996731711975948
700,8,08:22:11,08:22:36,1.6996731711975948
700,9,08:22:36,08:23:01,1.6996731711975948
700,10,08:23:01,08:23:25,1.6996731711975948
700,11,08:23:25,08:23:50,2.165954298846436
700,12,08:23:50,08:24:14,1.6996731711975948
700,13,08:24:14,08:24:39,2.165954298846436
700,14,08:24:39,08:25:03,2.165954298846436
700,15,08:25:03,08:25:28,1.6996731711975948
700,16,08:25:28,08:25:52,1.6996731711975948
700,17,08:25:52,08:26:17,1.6996731711975948
700,18,08:26:17,08:26:41,1.6996731711975948
700,19,08:26:41,08:27:06,2.165954298846436
700,20,08:27:06,08:27:30,2.165954298846436
800,1,08:27:30,08:27:58,1.6996731711975948
800,2,08:27:58,08:28:26,1.6996731711975948
800,3,08:28:26,08:28:54,2.165954298846436
800,4,08:28:54,08:29:22,2.165954298846436
800,5,08:29:22,08:29:50,2.165954298846436
800,6,08:29:50,08:30:18,1.6996731711975948
800,7,08:30:18,08:30:46,1.6996731711975948
800,8,08:30:46,08:31:15,1.6996731711975948
800,9,08:31:15,08:31:43,1.6996731711975948
800,10,08:31:43,08:32:11,1.6996731711975948
800,11,08:32:11,08:32:37,1.6996731711975948
800,12,08:32:37,08:33:05,1.6996731711975948
800,13,08:33:05,08:33:33,2.165954298846436
800,14,08:33:33,08:33:59,1.6996731711975948
800,15,08:33:59,08:34:26,2.165954298846436
800,16,08:34:26,08:34:53,1.6996731711975948
800,17,08:34:53,08:35:20,1.6996731711975948
800,18,08:35:20,08:35:47,2.165954298846436
800,19,08:35:47,08:36:13,2.165954298846436
800,20,08:36:13,08:36:40,2.165954298846436
900,1,08:36:40,08:37:11,1.6996731711975948
900,2,08:37:11,08:37:41,1.6996731711975948
900,3,08:37:41,08:38:11,1.6996731711975948
900,4,08:38:11,08:38:42,2.165954298846436
900,5,08:38:42,08:39:12,2.165954298846436
900,6,08:39:12,08:39:43,1.6996731711975948
900,7,08:39:43,08:40:14,2.165954298846436
900,8,08:40:14,08:40:44,1.6996731711975948
900,9,08:40:44,08:41:15,1.6996731711975948
900,10,08:41:15,08:41:45,1.6996731711975948
900,11,08:41:45,08:42:15,1.6996731711975948
900,12,08:42:15,08:42:46,1.6996731711975948
900,13,08:42:46,08:43:16,1.6996731711975948
900,14,08:43:16,08:43:48,1.6996731711975948
900,15,08:43:48,08:44:19,1.6996731711975948
900,16,08:44:19,08:44:49,1.6996731711975948
900,17,08:44:49,08:45:21,1.6996731711975948
900,18,08:45:21,08:45:52,1.6996731711975948
900,19,08:45:52,08:46:24,1.6996731711975948
900,20,08:46:24,08:46:54,2.165954298846436
1000,1,08:46:54,08:47:28,1.6996731711975948
1000,2,08:47:28,08:48:03,2.165954298846436
1000,3,08:48:03,08:48:38,2.165954298846436
1000,4,08:48:38,08:49:13,2.165954298846436
1000,5,08:49:13,08:49:49,1.6996731711975948
1000,6,08:49:49,08:50:23,1.6996731711975948
1000,7,08:50:23,08:50:57,1.6996731711975948
1000,8,08:50:57,08:51:31,2.165954298846436
1000,9,08:51:31,08:52:04,2.165954298846436
1000,10,08:52:04,08:52:38,1.6996731711975948
1000,11,08:52:38,08:53:12,1.6996731711975948
1000,12,08:53:12,08:53:46,1.6996731711975948
1000,13,08:53:46,08:54:19,1.6996731711975948
1000,14,08:54:19,08:54:52,1.6996731711975948
1000,15,08:54:52,08:55:26,1.6996731711975948
1000,16,08:55:26,08:55:59,1.6996731711975948
1000,17,08:55:59,08:56:34,1.6996731711975948
1000,18,08:56:34,08:57:09,2.165954298846436
1000,19,08:57:09,08:57:44,2.165954298846436
1000,20,08:57:44,08:58:18,1.6996731711975948
100,1,11:09:35,11:09:38,1.6996731711975948
100,2,11:09:38,11:09:42,1.6996731711975948
100,3,11:09:42,11:09:45,2.165954298846436
100,4,11:09:45,11:09:48,2.165954298846436
100,5,11:09:48,11:09:51,2.165954298846436
100,6,11:09:51,11:09:55,1.6996731711975948
100,7,11:09:55,11:09:58,1.6996731711975948
100,8,11:09:58,11:10:01,2.165954298846436
100,9,11:10:01,11:10:05,1.6996731711975948
100,10,11:10:05,11:10:08,1.6996731711975948
100,11,11:10:08,11:10:11,1.6996731711975948
100,12,11:10:11,11:10:15,1.6996731711975948
100,13,11:10:15,11:10:18,2.165954298846436
100,14,11:10:18,11:10:21,2.165954298846436
100,15,11:10:21,11:10:24,2.165954298846436
100,16,11:10:24,11:10:28,1.6996731711975948
100,17,11:10:28,11:10:31,2.165954298846436
100,18,11:10:31,11:10:35,2.165954298846436
100,19,11:10:35,11:10:38,1.6996731711975948
100,20,11:10:38,11:10:42,1.6996731711975948
200,1,11:10:42,11:10:48,1.6996731711975948
200,2,11:10:48,11:10:54,1.6996731711975948
200,3,11:10:54,11:11:01,2.165954298846436
200,4,11:11:01,11:11:08,2.165954298846436
200,5,11:11:08,11:11:15,1.6996731711975948
200,6,11:11:15,11:11:21,2.165954298846436
200,7,11:11:21,11:11:27,1.6996731711975948
200,8,11:11:27,11:11:35,2.165954298846436
200,9,11:11:35,11:11:41,1.6996731711975948
200,10,11:11:41,11:11:48,1.6996731711975948
200,11,11:11:48,11:11:54,1.6996731711975948
200,12,11:11:54,11:12:01,2.165954298846436
200,13,11:12:01,11:12:08,2.165954298846436
200,14,11:12:08,11:12:14,1.6996731711975948
200,15,11:12:14,11:12:21,1.6996731711975948
200,16,11:12:21,11:12:27,1.6996731711975948
200,17,11:12:27,11:12:35,2.165954298846436
200,18,11:12:35,11:12:41,1.6996731711975948
200,19,11:12:41,11:12:47,1.6996731711975948
200,20,11:12:47,11:12:54,1.6996731711975948
300,1,11:12:54,11:13:04,1.6996731711975948
300,2,11:13:04,11:13:14,1.6996731711975948
300,3,11:13:14,11:13:24,1.6996731711975948
300,4,11:13:24,11:13:34,1.6996731711975948
300,5,11:13:34,11:13:45,1.6996731711975948
300,6,11:13:45,11:13:55,1.6996731711975948
300,7,11:13:55,11:14:05,1.6996731711975948
300,8,11:14:05,11:14:15,1.6996731711975948
300,9,11:14:15,11:14:25,1.6996731711975948
300,10,11:14:25,11:14:35,1.6996731711975948
300,11,11:14:35,11:14:45,1.6996731711975948
300,12,11:14:45,11:14:55,2.165954298846436
300,13,11:14:55,11:15:05,2.165954298846436
300,14,11:15:05,11:15:16,1.6996731711975948
300,15,11:15:16,11:15:26,1.6996731711975948
300,16,11:15:26,11:15:37,1.8540496217739157
300,17,11:15:37,11:15:47,2.165954298846436
300,18,11:15:47,11:15:57,1.6996731711975948
300,19,11:15:57,11:16:08,1.6996731711975948
300,20,11:16:08,11:16:19,2.165954298846436
400,1,11:16:19,11:16:32,1.6996731711975948
400,2,11:16:32,11:16:46,1.6996731711975948
400,3,11:16:46,11:16:59,1.6996731711975948
400,4,11:16:59,11:17:12,1.6996731711975948
400,5,11:17:12,11:17:26,1.6996731711975948
400,6,11:17:26,11:17:39,1.6996731711975948
400,7,11:17:39,11:17:52,1.6996731711975948
400,8,11:17:52,11:18:05,1.6996731711975948
400,9,11:18:05,11:18:19,2.165954298846436
400,10,11:18:19,11:18:32,1.6996731711975948
400,11,11:18:32,11:18:45,1.6996731711975948
400,12,11:18:45,11:18:59,1.6996731711975948
400,13,11:18:59,11:19:12,2.165954298846436
400,14,11:19:12,11:19:25,1.6996731711975948
400,15,11:19:25,11:19:38,2.165954298846436
400,16,11:19:38,11:19:52,1.6996731711975948
400,17,11:19:52,11:20:05,2.165954298846436
400,18,11:20:05,11:20:19,1.6996731711975948
400,19,11:20:19,11:20:32,2.165954298846436
400,20,11:20:32,11:20:45,2.165954298846436
500,1,11:20:45,11:21:01,2.165954298846436
500,2,11:21:01,11:21:18,2.165954298846436
500,3,11:21:18,11:21:35,1.6996731711975948
500,4,11:21:35,11:21:52,1.6996731711975948
500,5,11:21:52,11:22:08,2.165954298846436
500,6,11:22:08,11:22:26,2.165954298846436
500,7,11:22:26,11:22:43,2.165954298846436
500,8,11:22:43,11:23:01,1.6996731711975948
500,9,11:23:01,11:23:18,1.6996731711975948
500,10,11:23:18,11:23:36,1.6996731711975948
500,11,11:23:36,11:23:54,1.6996731711975948
500,12,11:23:54,11:24:11,1.6996731711975948
500,13,11:24:11,11:24:29,1.6996731711975948
500,14,11:24:29,11:24:45,1.6996731711975948
500,15,11:24:45,11:25:02,1.6996731711975948
500,16,11:25:02,11:25:18,1.6996731711975948
500,17,11:25:18,11:25:35,1.6996731711975948
500,18,11:25:35,11:25:52,1.6996731711975948
500,19,11:25:52,11:26:09,1.6996731711975948
500,20,11:26:09,11:26:25,1.6996731711975948
600,1,11:26:25,11:26:45,1.6996731711975948
600,2,11:26:45,11:27:06,1.6996731711975948
600,3,11:27:06,11:27:25,1.6996731711975948
600,4,11:27:25,11:27:46,2.165954298846436
600,5,11:27:46,11:28:07,2.165954298846436
600,6,11:28:07,11:28:27,1.6996731711975948
600,7,11:28:27,11:28:48,1.6996731711975948
600,8,11:28:48,11:29:10,1.6996731711975948
600,9,11:29:10,11:29:30,2.165954298846436
600,10,11:29:30,11:29:51,1.6996731711975948
600,11,11:29:51,11:30:12,1.6996731711975948
600,12,11:30:12,11:30:32,1.6996731711975948
600,13,11:30:32,11:30:53,2.165954298846436
600,14,11:30:53,11:31:12,2.165954298846436
600,15,11:31:12,11:31:33,1.6996731711975948
600,16,11:31:33,11:31:53,2.165954298846436
600,17,11:31:53,11:32:13,2.165954298846436
600,18,11:32:13,11:32:33,1.6996731711975948
600,19,11:32:33,11:32:53,1.6996731711975948
600,20,11:32:53,11:33:13,1.6996731711975948
700,1,11:33:13,11:33:36,1.6996731711975948
700,2,11:33:36,11:34:00,1.6996731711975948
700,3,11:34:00,11:34:25,1.6996731711975948
700,4,11:34:25,11:34:48,1.6996731711975948
700,5,11:34:48,11:35:13,2.165954298846436
700,6,11:35:13,11:35:38,2.165954298846436
700,7,11:35:38,11:36:02,1.6996731711975948
700,8,11:36:02,11:36:26,2.165954298846436
700,9,11:36:26,11:36:50,2.165954298846436
700,10,11:36:50,11:37:15,1.6996731711975948
700,11,11:37:15,11:37:40,1.6996731711975948
700,12,11:37:40,11:38:03,1.6996731711975948
700,13,11:38:03,11:38:27,1.6996731711975948
700,14,11:38:27,11:38:52,1.6996731711975948
700,15,11:38:52,11:39:16,1.6996731711975948
700,16,11:39:16,11:39:41,1.6996731711975948
700,17,11:39:41,11:40:04,1.6996731711975948
700,18,11:40:04,11:40:29,1.6996731711975948
700,19,11:40:29,11:40:53,2.165954298846436
700,20,11:40:53,11:41:17,1.6996731711975948
800,1,11:41:17,11:41:44,1.6996731711975948
800,2,11:41:44,11:42:12,2.165954298846436
800,3,11:42:12,11:42:40,1.6996731711975948
800,4,11:42:40,11:43:08,1.6996731711975948
800,5,11:43:08,11:43:36,1.6996731711975948
800,6,11:43:36,11:44:04,2.165954298846436
800,7,11:44:04,11:44:32,2.165954298846436
800,8,11:44:32,11:44:59,1.6996731711975948
800,9,11:44:59,11:45:27,1.6996731711975948
800,10,11:45:27,11:45:54,2.165954298846436
800,11,11:45:54,11:46:23,1.6996731711975948
800,12,11:46:23,11:46:51,2.165954298846436
800,13,11:46:51,11:47:19,1.6996731711975948
800,14,11:47:19,11:47:47,1.6996731711975948
800,15,11:47:47,11:48:15,2.165954298846436
800,16,11:48:15,11:48:43,1.6996731711975948
800,17,11:48:43,11:49:11,2.165954298846436
800,18,11:49:11,11:49:39,1.6996731711975948
800,19,11:49:39,11:50:07,2.165954298846436
800,20,11:50:07,11:50:35,2.165954298846436
900,1,11:50:35,11:51:05,1.6996731711975948
900,2,11:51:05,11:51:36,1.6996731711975948
900,3,11:51:36,11:52:08,1.6996731711975948
900,4,11:52:08,11:52:39,1.6996731711975948
900,5,11:52:39,11:53:10,2.165954298846436
900,6,11:53:10,11:53:41,2.165954298846436
900,7,11:53:41,11:54:13,1.6996731711975948
900,8,11:54:13,11:54:43,1.6996731711975948
900,9,11:54:43,11:55:13,2.165954298846436
900,10,11:55:13,11:55:43,1.6996731711975948
900,11,11:55:43,11:56:13,2.165954298846436
900,12,11:56:13,11:56:43,1.6996731711975948
900,13,11:56:43,11:57:14,1.6996731711975948
900,14,11:57:14,11:57:46,1.6996731711975948
900,15,11:57:46,11:58:17,1.6996731711975948
900,16,11:58:17,11:58:48,1.6996731711975948
900,17,11:58:48,11:59:20,1.6996731711975948
900,18,11:59:20,11:59:51,1.6996731711975948
900,19,11:59:51,12:00:23,2.165954298846436
900,20,12:00:23,12:00:54,1.6996731711975948
1000,1,12:00:54,12:01:28,1.6996731711975948
1000,2,12:01:28,12:02:03,1.6996731711975948
1000,3,12:02:03,12:02:38,2.165954298846436
1000,4,12:02:38,12:03:13,2.165954298846436
1000,5,12:03:13,12:03:48,2.165954298846436
1000,6,12:03:48,12:04:22,1.6996731711975948
1000,7,12:04:22,12:04:57,1.6996731711975948
1000,8,12:04:57,12:05:32,1.6996731711975948
1000,9,12:05:32,12:06:07,1.6996731711975948
1000,10,12:06:07,12:06:42,2.165954298846436
1000,11,12:06:42,12:07:17,2.165954298846436
1000,12,12:07:17,12:07:52,2.165954298846436
1000,13,12:07:52,12:08:27,2.165954298846436
1000,14,12:08:27,12:09:02,1.6996731711975948
1000,15,12:09:02,12:09:35,1.6996731711975948
1000,16,12:09:35,12:10:09,1.6996731711975948
1000,17,12:10:09,12:10:42,1.6996731711975948
1000,18,12:10:42,12:11:15,1.6996731711975948
1000,19,12:11:15,12:11:49,1.6996731711975948
1000,20,12:11:49,12:12:22,1.6996731711975948
100,1,14:23:30,14:23:33,1.6996731711975948
100,2,14:23:33,14:23:36,1.6996731711975948
100,3,14:23:36,14:23:39,1.6996731711975948
100,4,14:23:39,14:23:42,1.6996731711975948
100,5,14:23:42,14:23:45,1.6996731711975948
100,6,14:23:45,14:23:50,2.165954298846436
100,7,14:23:50,14:23:53,1.6996731711975948
100,8,14:23:53,14:23:56,2.165954298846436
100,9,14:23:56,14:23:59,1.6996731711975948
100,10,14:23:59,14:24:03,1.6996731711975948
100,11,14:24:03,14:24:06,2.165954298846436
100,12,14:24:06,14:24:09,2.165954298846436
100,13,14:24:09,14:24:12,2.165954298846436
100,14,14:24:12,14:24:15,1.6996731711975948
100,15,14:24:15,14:24:19,1.6996731711975948
100,16,14:24:19,14:24:22,1.6996731711975948
100,17,14:24:22,14:24:25,1.6996731711975948
100,18,14:24:25,14:24:29,1.6996731711975948
100,19,14:24:29,14:24:33,1.6996731711975948
100,20,14:24:33,14:24:36,2.165954298846436
200,1,14:24:36,14:24:42,1.6996731711975948
200,2,14:24:42,14:24:49,1.6996731711975948
200,3,14:24:49,14:24:55,2.165954298846436
200,4,14:24:55,14:25:02,2.165954298846436
200,5,14:25:02,14:25:09,1.6996731711975948
200,6,14:25:09,14:25:16,2.2603926650031405
200,7,14:25:16,14:25:22,2.165954298846436
200,8,14:25:22,14:25:28,1.6996731711975948
200,9,14:25:28,14:25:35,2.165954298846436
200,10,14:25:35,14:25:41,2.165954298846436
200,11,14:25:41,14:25:49,1.6996731711975948
200,12,14:25:49,14:25:55,2.165954298846436
200,13,14:25:55,14:26:02,1.6996731711975948
200,14,14:26:02,14:26:08,2.165954298846436
200,15,14:26:08,14:26:15,2.165954298846436
200,16,14:26:15,14:26:21,1.6996731711975948
200,17,14:26:21,14:26:29,1.6996731711975948
200,18,14:26:29,14:26:35,1.6996731711975948
200,19,14:26:35,14:26:41,1.6996731711975948
200,20,14:26:41,14:26:47,1.6996731711975948
300,1,14:26:47,14:26:57,1.6996731711975948
300,2,14:26:57,14:27:08,2.165954298846436
300,3,14:27:08,14:27:17,1.6996731711975948
300,4,14:27:17,14:27:27,1.6996731711975948
300,5,14:27:27,14:27:36,2.165954298846436
300,6,14:27:36,14:27:46,1.6996731711975948
300,7,14:27:46,14:27:57,1.6996731711975948
300,8,14:27:57,14:28:07,1.6996731711975948
300,9,14:28:07,14:28:16,2.165954298846436
300,10,14:28:16,14:28:26,1.6996731711975948
300,11,14:28:26,14:28:36,2.165954298846436
300,12,14:28:36,14:28:46,1.6996731711975948
300,13,14:28:46,14:28:55,1.6996731711975948
300,14,14:28:55,14:29:05,2.165954298846436
300,15,14:29:05,14:29:16,1.6996731711975948
300,16,14:29:16,14:29:26,1.6996731711975948
300,17,14:29:26,14:29:35,1.6996731711975948
300,18,14:29:35,14:29:45,1.6996731711975948
300,19,14:29:45,14:29:56,1.6996731711975948
300,20,14:29:56,14:30:05,2.165954298846436
400,1,14:30:05,14:30:18,1.79843682124227
400,2,14:30:18,14:30:32,2.165954298846436
400,3,14:30:32,14:30:45,1.6996731711975948
400,4,14:30:45,14:30:57,1.6996731711975948
400,5,14:30:57,14:31:12,1.6996731711975948
400,6,14:31:12,14:31:24,1.6996731711975948
400,7,14:31:24,14:31:37,1.6996731711975948
400,8,14:31:37,14:31:51,1.6996731711975948
400,9,14:31:51,14:32:04,2.165954298846436
400,10,14:32:04,14:32:17,2.165954298846436
400,11,14:32:17,14:32:29,1.6996731711975948
400,12,14:32:29,14:32:43,1.6996731711975948
400,13,14:32:43,14:32:56,1.6996731711975948
400,14,14:32:56,14:33:09,2.165954298846436
400,15,14:33:09,14:33:23,1.6996731711975948
400,16,14:33:23,14:33:36,2.165954298846436
400,17,14:33:36,14:33:49,1.6996731711975948
400,18,14:33:49,14:34:03,1.6996731711975948
400,19,14:34:03,14:34:16,1.6996731711975948
400,20,14:34:16,14:34:29,1.6996731711975948
500,1,14:34:29,14:34:46,1.6996731711975948
500,2,14:34:46,14:35:02,1.6996731711975948
500,3,14:35:02,14:35:19,2.165954298846436
500,4,14:35:19,14:35:35,1.6996731711975948
500,5,14:35:35,14:35:51,2.165954298846436
500,6,14:35:51,14:36:08,2.165954298846436
500,7,14:36:08,14:36:24,1.6996731711975948
500,8,14:36:24,14:36:41,1.6996731711975948
500,9,14:36:41,14:36:57,1.6996731711975948
500,10,14:36:57,14:37:14,2.165954298846436
500,11,14:37:14,14:37:30,1.6996731711975948
500,12,14:37:30,14:37:47,1.6996731711975948
500,13,14:37:47,14:38:04,2.165954298846436
500,14,14:38:04,14:38:20,1.6996731711975948
500,15,14:38:20,14:38:38,1.6996731711975948
500,16,14:38:38,14:38:54,2.165954298846436
500,17,14:38:54,14:39:10,2.165954298846436
500,18,14:39:10,14:39:27,2.165954298846436
500,19,14:39:27,14:39:43,1.6996731711975948
500,20,14:39:43,14:40:00,2.165954298846436
600,1,14:40:00,14:40:19,2.165954298846436
600,2,14:40:19,14:40:39,1.6996731711975948
600,3,14:40:39,14:40:59,2.165954298846436
600,4,14:40:59,14:41:20,2.165954298846436
600,5,14:41:20,14:41:39,2.165954298846436
600,6,14:41:39,14:41:59,1.6996731711975948
600,7,14:41:59,14:42:20,1.6996731711975948
600,8,14:42:20,14:42:39,1.6996731711975948
600,9,14:42:39,14:42:59,1.6996731711975948
600,10,14:42:59,14:43:19,1.6996731711975948
600,11,14:43:19,14:43:39,2.165954298846436
600,12,14:43:39,14:43:59,1.6996731711975948
600,13,14:43:59,14:44:19,1.6996731711975948
600,14,14:44:19,14:44:39,1.6996731711975948
600,15,14:44:39,14:44:59,1.6996731711975948
600,16,14:44:59,14:45:18,2.1189138534559038
600,17,14:45:18,14:45:38,1.6996731711975948
600,18,14:45:38,14:45:57,1.6996731711975948
600,19,14:45:57,14:46:18,2.165954298846436
600,20,14:46:18,14:46:38,1.6996731711975948
700,1,14:46:38,14:47:01,2.165954298846436
700,2,14:47:01,14:47:24,1.6996731711975948
700,3,14:47:24,14:47:48,1.6996731711975948
700,4,14:47:48,14:48:10,2.165954298846436
700,5,14:48:10,14:48:34,2.165954298846436
700,6,14:48:34,14:48:58,1.6996731711975948
700,7,14:48:58,14:49:21,2.165954298846436
700,8,14:49:21,14:49:44,1.6996731711975948
700,9,14:49:44,14:50:07,1.6996731711975948
700,10,14:50:07,14:50:31,1.6996731711975948
700,11,14:50:31,14:50:55,2.165954298846436
700,12,14:50:55,14:51:17,2.165954298846436
700,13,14:51:17,14:51:42,1.6996731711975948
700,14,14:51:42,14:52:05,1.6996731711975948
700,15,14:52:05,14:52:28,1.6996731711975948
700,16,14:52:28,14:52:51,2.165954298846436
700,17,14:52:51,14:53:15,1.6996731711975948
700,18,14:53:15,14:53:38,2.165954298846436
700,19,14:53:38,14:54:05,1.6996731711975948
700,20,14:54:05,14:54:33,1.6996731711975948
800,1,14:54:33,14:55:02,1.6996731711975948
800,2,14:55:02,14:55:29,1.6996731711975948
800,3,14:55:29,14:55:56,1.6996731711975948
800,4,14:55:56,14:56:22,2.165954298846436
800,5,14:56:22,14:56:49,2.165954298846436
800,6,14:56:49,14:57:16,2.165954298846436
800,7,14:57:16,14:57:41,1.6996731711975948
800,8,14:57:41,14:58:08,1.6996731711975948
800,9,14:58:08,14:58:34,1.6996731711975948
800,10,14:58:34,14:59:01,1.6996731711975948
800,11,14:59:01,14:59:28,1.6996731711975948
800,12,14:59:28,14:59:55,1.6996731711975948
800,13,14:59:55,15:00:24,1.6996731711975948
800,14,15:00:24,15:00:53,2.165954298846436
800,15,15:00:53,15:01:21,2.165954298846436
800,16,15:01:21,15:01:51,2.165954298846436
800,17,15:01:51,15:02:20,1.6996731711975948
800,18,15:02:20,15:02:47,2.165954298846436
800,19,15:02:47,15:03:16,2.165954298846436
800,20,15:03:16,15:03:45,2.165954298846436
900,1,15:03:45,15:04:16,1.6996731711975948
900,2,15:04:16,15:04:48,1.6996731711975948
900,3,15:04:48,15:05:20,1.6996731711975948
900,4,15:05:20,15:05:52,2.165954298846436
900,5,15:05:52,15:06:24,1.6996731711975948
900,6,15:06:24,15:06:56,1.6996731711975948
900,7,15:06:56,15:07:29,2.165954298846436
900,8,15:07:29,15:08:00,2.165954298846436
900,9,15:08:00,15:08:32,1.4989708403591155
900,10,15:08:32,15:09:06,1.6996731711975948
900,11,15:09:06,15:09:39,2.165954298846436
900,12,15:09:39,15:10:10,1.6996731711975948
900,13,15:10:10,15:10:42,1.6996731711975948
900,14,15:10:42,15:11:14,2.165954298846436
900,15,15:11:14,15:11:45,1.6996731711975948
900,16,15:11:45,15:12:17,1.6996731711975948
900,17,15:12:17,15:12:49,2.165954298846436
900,18,15:12:49,15:13:21,1.6996731711975948
900,19,15:13:21,15:13:53,1.6996731711975948
900,20,15:13:53,15:14:24,1.6996731711975948
1000,1,15:14:24,15:15:00,1.6996731711975948
1000,2,15:15:00,15:15:35,2.165954298846436
1000,3,15:15:35,15:16:10,2.165954298846436
1000,4,15:16:10,15:16:44,1.6996731711975948
1000,5,15:16:44,15:17:20,1.6996731711975948
1000,6,15:17:20,15:17:55,1.6996731711975948
1000,7,15:17:55,15:18:30,1.6996731711975948
1000,8,15:18:30,15:19:05,2.165954298846436
1000,9,15:19:05,15:19:39,2.165954298846436
1000,10,15:19:39,15:20:15,2.165954298846436
1000,11,15:20:15,15:20:50,1.6996731711975948
1000,12,15:20:50,15:21:25,1.6996731711975948
1000,13,15:21:25,15:22:01,1.6996731711975948
1000,14,15:22:01,15:22:36,2.165954298846436
1000,15,15:22:36,15:23:11,1.6996731711975948
1000,16,15:23:11,15:23:47,1.6996731711975948
1000,17,15:23:47,15:24:22,2.165954298846436
1000,18,15:24:22,15:24:57,2.165954298846436
1000,19,15:24:57,15:25:33,1.6996731711975948
1000,20,15:25:33,15:26:07,2.165954298846436
100,1,17:35:39,17:35:43,2.165954298846436
100,2,17:35:43,17:35:46,1.6996731711975948
100,3,17:35:46,17:35:49,1.6996731711975948
100,4,17:35:49,17:35:53,1.6996731711975948
100,5,17:35:53,17:35:56,1.6996731711975948
100,6,17:35:56,17:35:59,2.165954298846436
100,7,17:35:59,17:36:02,2.165954298846436
100,8,17:36:02,17:36:07,1.6996731711975948
100,9,17:36:07,17:36:10,1.6996731711975948
100,10,17:36:10,17:36:13,1.6996731711975948
100,11,17:36:13,17:36:16,1.6996731711975948
100,12,17:36:16,17:36:20,1.6996731711975948
100,13,17:36:20,17:36:23,1.6996731711975948
100,14,17:36:23,17:36:26,2.165954298846436
100,15,17:36:26,17:36:29,2.165954298846436
100,16,17:36:29,17:36:32,2.165954298846436
100,17,17:36:32,17:36:36,2.165954298846436
100,18,17:36:36,17:36:39,1.6996731711975948
100,19,17:36:39,17:36:42,1.6996731711975948
100,20,17:36:42,17:36:45,2.165954298846436
200,1,17:36:45,17:36:52,1.6996731711975948
200,2,17:36:52,17:36:59,1.6996731711975948
200,3,17:36:59,17:37:06,2.165954298846436
200,4,17:37:06,17:37:12,1.6996731711975948
200,5,17:37:12,17:37:19,1.6996731711975948
200,6,17:37:19,17:37:25,2.165954298846436
200,7,17:37:25,17:37:32,1.6996731711975948
200,8,17:37:32,17:37:38,1.6996731711975948
200,9,17:37:38,17:37:44,2.165954298846436
200,10,17:37:44,17:37:52,2.165954298846436
200,11,17:37:52,17:37:59,1.6996731711975948
200,12,17:37:59,17:38:05,1.6996731711975948
200,13,17:38:05,17:38:11,2.165954298846436
200,14,17:38:11,17:38:18,2.165954298846436
200,15,17:38:18,17:38:24,1.6996731711975948
200,16,17:38:24,17:38:30,1.6996731711975948
200,17,17:38:30,17:38:37,2.165954298846436
200,18,17:38:37,17:38:45,2.165954298846436
200,19,17:38:45,17:38:51,2.165954298846436
200,20,17:38:51,17:38:57,1.6996731711975948
300,1,17:38:57,17:39:07,2.165954298846436
300,2,17:39:07,17:39:16,1.6996731711975948
300,3,17:39:16,17:39:26,2.165954298846436
300,4,17:39:26,17:39:37,1.6996731711975948
300,5,17:39:37,17:39:47,2.165954298846436
300,6,17:39:47,17:39:56,2.165954298846436
300,7,17:39:56,17:40:06,1.6996731711975948
300,8,17:40:06,17:40:15,1.6996731711975948
300,9,17:40:15,17:40:26,2.165954298846436
300,10,17:40:26,17:40:36,2.165954298846436
300,11,17:40:36,17:40:46,1.6996731711975948
300,12,17:40:46,17:40:55,2.165954298846436
300,13,17:40:55,17:41:05,1.6996731711975948
300,14,17:41:05,17:41:16,1.6996731711975948
300,15,17:41:16,17:41:26,2.165954298846436
300,16,17:41:26,17:41:35,1.6996731711975948
300,17,17:41:35,17:41:45,1.6996731711975948
300,18,17:41:45,17:41:54,2.165954298846436
300,19,17:41:54,17:42:04,1.6996731711975948
300,20,17:42:04,17:42:15,1.6996731711975948
400,1,17:42:15,17:42:28,1.6996731711975948
400,2,17:42:28,17:42:41,1.6996731711975948
400,3,17:42:41,17:42:53,1.6996731711975948
400,4,17:42:53,17:43:08,2.165954298846436
400,5,17:43:08,17:43:21,1.6996731711975948
400,6,17:43:21,17:43:33,1.6996731711975948
400,7,17:43:33,17:43:46,1.6996731711975948
400,8,17:43:46,17:44:00,2.165954298846436
400,9,17:44:00,17:44:13,2.165954298846436
400,10,17:44:13,17:44:26,1.6996731711975948
400,11,17:44:26,17:44:39,1.6996731711975948
400,12,17:44:39,17:44:53,1.6996731711975948
400,13,17:44:53,17:45:05,2.165954298846436
400,14,17:45:05,17:45:18,2.165954298846436
400,15,17:45:18,17:45:31,1.6996731711975948
400,16,17:45:31,17:45:45,1.6996731711975948
400,17,17:45:45,17:45:58,1.6996731711975948
400,18,17:45:58,17:46:11,1.6996731711975948
400,19,17:46:11,17:46:27,1.6996731711975948
400,20,17:46:27,17:46:43,1.6996731711975948
500,1,17:46:43,17:47:02,2.165954298846436
500,2,17:47:02,17:47:19,2.165954298846436
500,3,17:47:19,17:47:38,2.165954298846436
500,4,17:47:38,17:47:55,1.6996731711975948
500,5,17:47:55,17:48:13,2.165954298846436
500,6,17:48:13,17:48:32,1.6996731711975948
500,7,17:48:32,17:48:50,2.165954298846436
500,8,17:48:50,17:49:07,1.6996731711975948
500,9,17:49:07,17:49:25,1.6996731711975948
500,10,17:49:25,17:49:42,2.165954298846436
500,11,17:49:42,17:49:59,2.165954298846436
500,12,17:49:59,17:50:16,1.6996731711975948
500,13,17:50:16,17:50:35,2.165954298846436
500,14,17:50:35,17:50:52,1.6996731711975948
500,15,17:50:52,17:51:09,1.6996731711975948
500,16,17:51:09,17:51:28,2.165954298846436
500,17,17:51:28,17:51:45,1.6996731711975948
500,18,17:51:45,17:52:02,2.165954298846436
500,19,17:52:02,17:52:20,1.6996731711975948
500,20,17:52:20,17:52:38,1.6996731711975948
600,1,17:52:38,17:52:58,2.165954298846436
600,2,17:52:58,17:53:20,1.6996731711975948
600,3,17:53:20,17:53:41,1.6996731711975948
600,4,17:53:41,17:54:03,1.6996731711975948
600,5,17:54:03,17:54:24,2.165954298846436
600,6,17:54:24,17:54:44,2.165954298846436
600,7,17:54:44,17:55:06,1.6996731711975948
600,8,17:55:06,17:55:27,1.6996731711975948
600,9,17:55:27,17:55:47,1.6996731711975948
600,10,17:55:47,17:56:09,1.6996731711975948
600,11,17:56:09,17:56:30,1.6996731711975948
600,12,17:56:30,17:56:52,2.165954298846436
600,13,17:56:52,17:57:12,2.165954298846436
600,14,17:57:12,17:57:32,1.6996731711975948
600,15,17:57:32,17:57:54,2.2603926650031405
600,16,17:57:54,17:58:15,1.6996731711975948
600,17,17:58:15,17:58:35,1.6996731711975948
600,18,17:58:35,17:58:57,1.6996731711975948
600,19,17:58:57,17:59:18,1.6996731711975948
600,20,17:59:18,17:59:40,1.6996731711975948
700,1,17:59:40,18:00:03,1.6996731711975948
700,2,18:00:03,18:00:27,2.165954298846436
700,3,18:00:27,18:00:53,2.165954298846436
700,4,18:00:53,18:01:16,2.165954298846436
700,5,18:01:16,18:01:43,1.6996731711975948
700,6,18:01:43,18:02:07,1.6996731711975948
700,7,18:02:07,18:02:32,2.165954298846436
700,8,18:02:32,18:02:56,1.6996731711975948
700,9,18:02:56,18:03:22,1.6996731711975948
700,10,18:03:22,18:03:46,1.6996731711975948
700,11,18:03:46,18:04:10,1.6996731711975948
700,12,18:04:10,18:04:35,2.165954298846436
700,13,18:04:35,18:04:59,1.6996731711975948
700,14,18:04:59,18:05:24,2.165954298846436
700,15,18:05:24,18:05:48,2.165954298846436
700,16,18:05:48,18:06:13,1.6996731711975948
700,17,18:06:13,18:06:37,1.6996731711975948
700,18,18:06:37,18:07:02,1.6996731711975948
700,19,18:07:02,18:07:26,2.165954298846436
700,20,18:07:26,18:07:49,1.6996731711975948
800,1,18:07:49,18:08:18,2.165954298846436
800,2,18:08:18,18:08:45,1.6996731711975948
800,3,18:08:45,18:09:14,2.165954298846436
800,4,18:09:14,18:09:41,1.6996731711975948
800,5,18:09:41,18:10:10,1.6996731711975948
800,6,18:10:10,18:10:37,1.6996731711975948
800,7,18:10:37,18:11:06,2.165954298846436
800,8,18:11:06,18:11:33,1.6996731711975948
800,9,18:11:33,18:12:03,2.165954298846436
800,10,18:12:03,18:12:30,1.6996731711975948
800,11,18:12:30,18:12:59,1.6996731711975948
800,12,18:12:59,18:13:26,1.6996731711975948
800,13,18:13:26,18:13:55,2.165954298846436
800,14,18:13:55,18:14:22,2.165954298846436
800,15,18:14:22,18:14:51,1.6996731711975948
800,16,18:14:51,18:15:18,1.6996731711975948
800,17,18:15:18,18:15:47,2.165954298846436
800,18,18:15:47,18:16:14,1.6996731711975948
800,19,18:16:14,18:16:43,1.6996731711975948
800,20,18:16:43,18:17:10,1.6996731711975948
900,1,18:17:10,18:17:43,1.6996731711975948
900,2,18:17:43,18:18:15,1.6996731711975948
900,3,18:18:15,18:18:46,1.6996731711975948
900,4,18:18:46,18:19:18,1.6996731711975948
900,5,18:19:18,18:19:48,1.6996731711975948
900,6,18:19:48,18:20:20,1.6996731711975948
900,7,18:20:20,18:20:51,1.6996731711975948
900,8,18:20:51,18:21:23,2.165954298846436
900,9,18:21:23,18:21:53,1.6996731711975948
900,10,18:21:53,18:22:26,1.6996731711975948
900,11,18:22:26,18:22:59,1.6996731711975948
900,12,18:22:59,18:23:29,2.165954298846436
900,13,18:23:29,18:24:02,1.6996731711975948
900,14,18:24:02,18:24:32,1.6996731711975948
900,15,18:24:32,18:25:04,1.6996731711975948
900,16,18:25:04,18:25:35,2.165954298846436
900,17,18:25:35,18:26:07,1.6996731711975948
900,18,18:26:07,18:26:39,1.6996731711975948
900,19,18:26:39,18:27:10,2.165954298846436
900,20,18:27:10,18:27:43,1.6996731711975948
1000,1,18:27:43,18:28:16,2.165954298846436
1000,2,18:28:16,18:28:52,1.6996731711975948
1000,3,18:28:52,18:29:27,1.6996731711975948
1000,4,18:29:27,18:30:01,1.6996731711975948
1000,5,18:30:01,18:30:41,1.6996731711975948
1000,6,18:30:41,18:31:19,1.6996731711975948
1000,7,18:31:19,18:31:53,1.6996731711975948
1000,8,18:31:53,18:32:29,1.6996731711975948
1000,9,18:32:29,18:33:02,2.165954298846436
1000,10,18:33:02,18:33:38,1.6996731711975948
1000,11,18:33:38,18:34:13,1.6996731711975948
1000,12,18:34:13,18:34:47,1.6996731711975948
1000,13,18:34:47,18:35:23,1.6996731711975948
1000,14,18:35:23,18:35:58,1.6996731711975948
1000,15,18:35:58,18:36:34,1.6996731711975948
1000,16,18:36:34,18:37:09,2.165954298846436
1000,17,18:37:09,18:37:43,1.6996731711975948
1000,18,18:37:43,18:38:19,2.165954298846436
1000,19,18:38:19,18:38:55,1.6996731711975948
1000,20,18:38:55,18:39:29,1.6996731711975948
100,1,20:50:17,20:50:21,1.6996731711975948
100,2,20:50:21,20:50:24,2.165954298846436
100,3,20:50:24,20:50:29,2.165954298846436
100,4,20:50:29,20:50:32,1.6996731711975948
100,5,20:50:32,20:50:36,2.165954298846436
100,6,20:50:36,20:50:39,2.165954298846436
100,7,20:50:39,20:50:42,1.6996731711975948
100,8,20:50:42,20:50:45,1.6996731711975948
100,9,20:50:45,20:50:49,1.6996731711975948
100,10,20:50:49,20:50:52,1.6996731711975948
100,11,20:50:52,20:50:55,1.6996731711975948
100,12,20:50:55,20:50:59,1.6996731711975948
100,13,20:50:59,20:51:02,2.165954298846436
100,14,20:51:02,20:51:06,1.6996731711975948
100,15,20:51:06,20:51:09,2.165954298846436
100,16,20:51:09,20:51:13,2.165954298846436
100,17,20:51:13,20:51:16,2.165954298846436
100,18,20:51:16,20:51:20,1.6996731711975948
100,19,20:51:20,20:51:23,1.6996731711975948
100,20,20:51:23,20:51:26,2.165954298846436
200,1,20:51:26,20:51:35,1.6996731711975948
200,2,20:51:35,20:51:43,2.165954298846436
200,3,20:51:43,20:51:50,1.6996731711975948
200,4,20:51:50,20:51:57,1.6996731711975948
200,5,20:51:57,20:52:04,1.6996731711975948
200,6,20:52:04,20:52:11,1.6996731711975948
200,7,20:52:11,20:52:18,2.165954298846436
200,8,20:52:18,20:52:24,1.6996731711975948
200,9,20:52:24,20:52:31,2.165954298846436
200,10,20:52:31,20:52:38,1.6996731711975948
200,11,20:52:38,20:52:48,2.165954298846436
200,12,20:52:48,20:52:55,1.6996731711975948
200,13,20:52:55,20:53:02,2.165954298846436
200,14,20:53:02,20:53:09,1.6996731711975948
200,15,20:53:09,20:53:15,1.6996731711975948
200,16,20:53:15,20:53:22,1.6996731711975948
200,17,20:53:22,20:53:29,1.6996731711975948
200,18,20:53:29,20:53:35,2.165954298846436
200,19,20:53:35,20:53:42,2.165954298846436
200,20,20:53:42,20:53:48,1.6996731711975948
300,1,20:53:48,20:54:00,2.165954298846436
300,2,20:54:00,20:54:10,1.6996731711975948
300,3,20:54:10,20:54:20,2.165954298846436
300,4,20:54:20,20:54:29,2.165954298846436
300,5,20:54:29,20:54:39,2.165954298846436
300,6,20:54:39,20:54:49,1.6996731711975948
300,7,20:54:49,20:55:01,1.6996731711975948
300,8,20:55:01,20:55:11,1.6996731711975948
300,9,20:55:11,20:55:20,2.165954298846436
300,10,20:55:20,20:55:30,1.6996731711975948
300,11,20:55:30,20:55:40,2.165954298846436
300,12,20:55:40,20:55:50,1.6996731711975948
300,13,20:55:50,20:56:00,1.6996731711975948
300,14,20:56:00,20:56:12,1.6996731711975948
300,15,20:56:12,20:56:22,2.165954298846436
300,16,20:56:22,20:56:31,1.6996731711975948
300,17,20:56:31,20:56:42,1.6996731711975948
300,18,20:56:42,20:56:52,1.899835519196333
300,19,20:56:52,20:57:01,1.6996731711975948
300,20,20:57:01,20:57:13,1.6996731711975948
400,1,20:57:13,20:57:26,1.6996731711975948
400,2,20:57:26,20:57:40,1.6996731711975948
400,3,20:57:40,20:57:53,1.6996731711975948
400,4,20:57:53,20:58:06,1.6996731711975948
400,5,20:58:06,20:58:19,1.6996731711975948
400,6,20:58:19,20:58:34,1.6996731711975948
400,7,20:58:34,20:58:47,1.6996731711975948
400,8,20:58:47,20:59:00,1.6996731711975948
400,9,20:59:00,20:59:13,1.6996731711975948
400,10,20:59:13,20:59:26,1.6996731711975948
400,11,20:59:26,20:59:42,2.165954298846436
400,12,20:59:42,20:59:55,2.165954298846436
400,13,20:59:55,21:00:08,1.6996731711975948
400,14,21:00:08,21:00:21,1.4086784586980805
400,15,21:00:21,21:00:36,1.6996731711975948
400,16,21:00:36,21:00:49,2.165954298846436
400,17,21:00:49,21:01:02,1.6996731711975948
400,18,21:01:02,21:01:15,1.6996731711975948
400,19,21:01:15,21:01:28,2.165954298846436
400,20,21:01:28,21:01:42,1.6996731711975948
500,1,21:01:42,21:02:00,1.6996731711975948
500,2,21:02:00,21:02:17,1.6996731711975948
500,3,21:02:17,21:02:34,1.4947825928876748
500,4,21:02:34,21:02:53,2.165954298846436
500,5,21:02:53,21:03:10,1.6996731711975948
500,6,21:03:10,21:03:28,1.6996731711975948
500,7,21:03:28,21:03:45,2.165954298846436
500,8,21:03:45,21:04:01,1.6996731711975948
500,9,21:04:01,21:04:20,1.6996731711975948
500,10,21:04:20,21:04:36,1.6996731711975948
500,11,21:04:36,21:04:52,1.6996731711975948
500,12,21:04:52,21:05:10,2.165954298846436
500,13,21:05:10,21:05:27,1.6996731711975948
500,14,21:05:27,21:05:44,1.6996731711975948
500,15,21:05:44,21:06:01,1.6996731711975948
500,16,21:06:01,21:06:21,2.165954298846436
500,17,21:06:21,21:06:38,1.6996731711975948
500,18,21:06:38,21:06:55,2.165954298846436
500,19,21:06:55,21:07:12,1.6996731711975948
500,20,21:07:12,21:07:31,1.6996731711975948
600,1,21:07:31,21:07:52,2.165954298846436
600,2,21:07:52,21:08:13,1.6996731711975948
600,3,21:08:13,21:08:33,1.6996731711975948
600,4,21:08:33,21:08:55,2.165954298846436
600,5,21:08:55,21:09:16,2.165954298846436
600,6,21:09:16,21:09:37,2.165954298846436
600,7,21:09:37,21:10:00,1.6996731711975948
600,8,21:10:00,21:10:21,1.6996731711975948
600,9,21:10:21,21:10:42,2.165954298846436
600,10,21:10:42,21:11:04,1.6996731711975948
600,11,21:11:04,21:11:25,2.2603926650031405
600,12,21:11:25,21:11:45,1.6996731711975948
600,13,21:11:45,21:12:06,1.6996731711975948
600,14,21:12:06,21:12:29,1.6996731711975948
600,15,21:12:29,21:12:50,2.165954298846436
600,16,21:12:50,21:13:10,1.6996731711975948
600,17,21:13:10,21:13:37,2.165954298846436
600,18,21:13:37,21:13:57,1.6996731711975948
600,19,21:13:57,21:14:17,1.6996731711975948
600,20,21:14:17,21:14:39,1.6996731711975948
700,1,21:14:39,21:15:03,1.6996731711975948
700,2,21:15:03,21:15:28,1.6996731711975948
700,3,21:15:28,21:15:54,1.6996731711975948
700,4,21:15:54,21:16:19,1.6996731711975948
700,5,21:16:19,21:16:43,1.6996731711975948
700,6,21:16:43,21:17:09,1.6996731711975948
700,7,21:17:09,21:17:33,1.6996731711975948
700,8,21:17:33,21:17:57,1.6996731711975948
700,9,21:17:57,21:18:23,1.6996731711975948
700,10,21:18:23,21:18:47,1.6996731711975948
700,11,21:18:47,21:19:10,2.165954298846436
700,12,21:19:10,21:19:35,1.6996731711975948
700,13,21:19:35,21:19:58,1.6996731711975948
700,14,21:19:58,21:20:21,1.6996731711975948
700,15,21:20:21,21:20:45,1.6996731711975948
700,16,21:20:45,21:21:08,2.165954298846436
700,17,21:21:08,21:21:33,2.165954298846436
700,18,21:21:33,21:21:56,1.6996731711975948
700,19,21:21:56,21:22:19,1.6996731711975948
700,20,21:22:19,21:22:45,1.6996731711975948
800,1,21:22:45,21:23:11,1.6996731711975948
800,2,21:23:11,21:23:37,1.6996731711975948
800,3,21:23:37,21:24:06,1.6996731711975948
800,4,21:24:06,21:24:32,2.165954298846436
800,5,21:24:32,21:25:01,2.165954298846436
800,6,21:25:01,21:25:27,2.165954298846436
800,7,21:25:27,21:25:54,1.6996731711975948
800,8,21:25:54,21:26:22,2.165954298846436
800,9,21:26:22,21:26:48,2.165954298846436
800,10,21:26:48,21:27:17,1.6996731711975948
800,11,21:27:17,21:27:43,1.6996731711975948
800,12,21:27:43,21:28:10,1.6996731711975948
800,13,21:28:10,21:28:39,1.6996731711975948
800,14,21:28:39,21:29:05,1.6996731711975948
800,15,21:29:05,21:29:34,2.165954298846436
800,16,21:29:34,21:29:59,2.165954298846436
800,17,21:29:59,21:30:26,1.6996731711975948
800,18,21:30:26,21:30:55,1.6996731711975948
800,19,21:30:55,21:31:23,1.6996731711975948
800,20,21:31:23,21:31:52,1.6996731711975948
900,1,21:31:52,21:32:23,2.165954298846436
900,2,21:32:23,21:32:54,1.6996731711975948
900,3,21:32:54,21:33:27,1.6996731711975948
900,4,21:33:27,21:33:58,2.165954298846436
900,5,21:33:58,21:34:31,1.6996731711975948
900,6,21:34:31,21:35:02,1.6996731711975948
900,7,21:35:02,21:35:36,1.6996731711975948
900,8,21:35:36,21:36:07,1.5811388300841898
900,9,21:36:07,21:36:40,2.165954298846436
900,10,21:36:40,21:37:11,1.6996731711975948
900,11,21:37:11,21:37:42,1.6996731711975948
900,12,21:37:42,21:38:14,1.6996731711975948
900,13,21:38:14,21:38:44,1.6996731711975948
900,14,21:38:44,21:39:15,2.165954298846436
900,15,21:39:15,21:39:45,1.6996731711975948
900,16,21:39:45,21:40:16,1.6996731711975948
900,17,21:40:16,21:40:46,1.6996731711975948
900,18,21:40:46,21:41:17,2.165954298846436
900,19,21:41:17,21:41:46,1.6996731711975948
900,20,21:41:46,21:42:18,2.165954298846436
1000,1,21:42:18,21:42:51,1.6996731711975948
1000,2,21:42:51,21:43:25,2.165954298846436
1000,3,21:43:25,21:43:58,1.6996731711975948
1000,4,21:43:58,21:44:33,1.6996731711975948
1000,5,21:44:33,21:45:06,1.6996731711975948
1000,6,21:45:06,21:45:40,1.6996731711975948
1000,7,21:45:40,21:46:13,2.165954298846436
1000,8,21:46:13,21:46:47,1.6996731711975948
1000,9,21:46:47,21:47:20,1.6996731711975948
1000,10,21:47:20,21:47:52,1.6996731711975948
1000,11,21:47:52,21:48:27,1.6996731711975948
1000,12,21:48:27,21:48:59,2.165954298846436
1000,13,21:48:59,21:49:34,1.6996731711975948
1000,14,21:49:34,21:50:07,1.6996731711975948
1000,15,21:50:07,21:50:41,2.165954298846436
1000,16,21:50:41,21:51:14,2.165954298846436
1000,17,21:51:14,21:51:50,1.6996731711975948
1000,18,21:51:50,21:52:25,2.165954298846436
1000,19,21:52:25,21:53:01,1.6996731711975948
1000,20,21:53:01,21:53:35,1.6996731711975948
