100,1,15:03:39,15:03:40,2.0463381929681126
100,2,15:03:40,15:03:41,2.2325713874364688
100,3,15:03:41,15:03:42,1.6909686573085854
100,4,15:03:42,15:03:43,2.7838821814150108
100,5,15:03:43,15:03:44,1.224744871391589
100,6,15:03:44,15:03:45,1.899835519196333
100,7,15:03:45,15:03:45,2.1065374432940898
100,8,15:03:45,15:03:46,2.2325713874364688
100,9,15:03:46,15:03:47,2.4206145913796355
100,10,15:03:47,15:03:48,2.027159342528357
100,11,15:03:48,15:03:49,1.8328597873268975
100,12,15:03:49,15:03:50,3.1399641717701177
100,13,15:03:50,15:03:51,1.5
100,14,15:03:51,15:03:52,2.2878756522153907
100,15,15:03:52,15:03:52,2.222048604328897
100,16,15:03:52,15:03:53,2.277608394786075
100,17,15:03:53,15:03:54,1.899835519196333
100,18,15:03:54,15:03:55,2.436698586202241
100,19,15:03:55,15:03:56,2.7810744326608736
100,20,15:03:56,15:03:57,1.6583123951777
200,1,15:03:57,15:03:59,2.7838821814150108
200,2,15:03:59,15:04:00,1.4947825928876748
200,3,15:04:00,15:04:02,2.7271780286589284
200,4,15:04:02,15:04:04,1.920286436967152
200,5,15:04:04,15:04:05,2.394655507583502
200,6,15:04:05,15:04:07,2.0463381929681126
200,7,15:04:07,15:04:09,1.6393596310755
200,8,15:04:09,15:04:11,1.8708286933869707
200,9,15:04:11,15:04:12,2.0879116360612584
200,10,15:04:12,15:04:14,2.2603926650031405
200,11,15:04:14,15:04:16,2.231499907401901
200,12,15:04:16,15:04:18,3.0388114452858046
200,13,15:04:18,15:04:19,1.8324913891634047
200,14,15:04:19,15:04:21,1.996089927833914
200,15,15:04:21,15:04:23,2.602981022612657
200,16,15:04:23,15:04:25,2.7726341266023544
200,17,15:04:25,15:04:26,1.9324531042175384
200,18,15:04:26,15:04:28,2.8034576865007255
200,19,15:04:28,15:04:30,2.0608041101101566
200,20,15:04:30,15:04:32,2.2325713874364688
300,1,15:04:32,15:04:34,1.7275343701356567
300,2,15:04:34,15:04:37,2.3306863292670035
300,3,15:04:37,15:04:39,2.384848003542364
300,4,15:04:39,15:04:42,1.3169567191065923
300,5,15:04:42,15:04:45,2.8722813232690143
300,6,15:04:45,15:04:47,1.3635890143294642
300,7,15:04:47,15:04:50,1.8328597873268975
300,8,15:04:50,15:04:53,2.2043990110685496
300,9,15:04:53,15:04:55,3.24037034920393
300,10,15:04:55,15:04:58,2.3211538298959886
300,11,15:04:58,15:05:01,2.5
300,12,15:05:01,15:05:03,2.5495097567963922
300,13,15:05:03,15:05:06,1.4142135623730951
300,14,15:05:06,15:05:09,2.4206145913796355
300,15,15:05:09,15:05:11,2.5
300,16,15:05:11,15:05:14,2.0463381929681126
300,17,15:05:14,15:05:16,2.179449471770337
300,18,15:05:16,15:05:19,2.6190408549696205
300,19,15:05:19,15:05:22,2.2043990110685496
300,20,15:05:22,15:05:24,2.9047375096555625
400,1,15:05:24,15:05:28,2.2603926650031405
400,2,15:05:28,15:05:31,1.9364916731037085
400,3,15:05:31,15:05:35,1.3635890143294642
400,4,15:05:35,15:05:38,2.165063509461097
400,5,15:05:38,15:05:41,3.2015621187164243
400,6,15:05:42,15:05:45,1.653594569415369
400,7,15:05:45,15:05:49,3.1426968052735447
400,8,15:05:49,15:05:52,1.1110243021644486
400,9,15:05:52,15:05:56,2.315032397181517
400,10,15:05:56,15:05:59,2.341874249399399
400,11,15:05:59,15:06:02,2.1081851067789197
400,12,15:06:02,15:06:06,1.299038105676658
400,13,15:06:06,15:06:12,2.4717149916606487
400,14,15:06:12,15:06:15,1.8027756377319946
400,15,15:06:15,15:06:19,2.692582403567252
400,16,15:06:19,15:06:22,2.260776661041756
400,17,15:06:22,15:06:26,2.309401076758503
400,18,15:06:26,15:06:29,2.057759704144291
400,19,15:06:29,15:06:33,2.23606797749979
400,20,15:06:33,15:06:36,2.1213203435596424
500,1,15:06:36,15:06:41,1.8027756377319946
500,2,15:06:41,15:06:45,2.2603926650031405
500,3,15:06:45,15:06:49,2.5860201081971503
500,4,15:06:49,15:06:54,2.4206145913796355
500,5,15:06:54,15:06:58,2.912795049432761
500,6,15:06:58,15:07:02,2.384848003542364
500,7,15:07:02,15:07:07,1.6393596310755
500,8,15:07:07,15:07:11,2.494438257849294
500,9,15:07:11,15:07:15,1.4086784586980805
500,10,15:07:15,15:07:20,2.680951323690902
500,11,15:07:20,15:07:24,2.5708704751503917
500,12,15:07:24,15:07:28,1.9309052441091963
500,13,15:07:28,15:07:33,2.436698586202241
500,14,15:07:33,15:07:37,1.899835519196333
500,15,15:07:37,15:07:42,1.9364916731037085
500,16,15:07:42,15:07:46,2.5495097567963922
500,17,15:07:46,15:07:51,1.0897247358851685
500,18,15:07:51,15:07:55,1.996089927833914
500,19,15:07:55,15:07:59,2.496873044429772
500,20,15:07:59,15:08:04,1.9116278371205837
600,1,15:08:04,15:08:09,2.165063509461097
600,2,15:08:09,15:08:14,2.1946130708196026
600,3,15:08:14,15:08:19,1.7853571071357126
600,4,15:08:19,15:08:25,3.2691742076555053
600,5,15:08:25,15:08:30,3.07967124868873
600,6,15:08:30,15:08:35,2.6190408549696205
600,7,15:08:35,15:08:40,1.6583123951777
600,8,15:08:40,15:08:46,1.713913650100261
600,9,15:08:46,15:08:51,2.408831487630978
600,10,15:08:51,15:08:56,1.8540496217739157
600,11,15:08:56,15:09:02,2.29128784747792
600,12,15:09:02,15:09:07,2.3979157616563596
600,13,15:09:07,15:09:13,2.0879116360612584
600,14,15:09:13,15:09:18,2.4717149916606487
600,15,15:09:18,15:09:23,1.899835519196333
600,16,15:09:23,15:09:29,2.331844763272204
600,17,15:09:29,15:09:34,2.436698586202241
600,18,15:09:34,15:09:39,2.394655507583502
600,19,15:09:39,15:09:45,1.7320508075688772
600,20,15:09:45,15:09:50,2.6339134382131846
700,1,15:09:50,15:09:56,1.5612494995995996
700,2,15:09:56,15:10:02,2.331844763272204
700,3,15:10:02,15:10:09,1.2686114456365274
700,4,15:10:09,15:10:15,1.3425606637327303
700,5,15:10:15,15:10:21,2.4206145913796355
700,6,15:10:21,15:10:27,1.996089927833914
700,7,15:10:27,15:10:34,2.1469455046647083
700,8,15:10:34,15:10:40,3.119995993587171
700,9,15:10:40,15:10:47,1.5761900266148114
700,10,15:10:47,15:10:53,2.2603926650031405
700,11,15:10:53,15:10:59,1.8540496217739157
700,12,15:10:59,15:11:05,2.9764702249476644
700,13,15:11:05,15:11:11,2.331844763272204
700,14,15:11:11,15:11:18,1.9324531042175384
700,15,15:11:18,15:11:24,2.666341125962693
700,16,15:11:24,15:11:30,1.118033988749895
700,17,15:11:30,15:11:36,1.6153559979150107
700,18,15:11:36,15:11:42,2.54644359843292
700,19,15:11:42,15:11:48,2.9355210696939786
700,20,15:11:48,15:11:54,2.48746859276655
800,1,15:11:54,15:12:01,2.4393887111222385
800,2,15:12:01,15:12:08,3.2691742076555053
800,3,15:12:08,15:12:15,2.341874249399399
800,4,15:12:15,15:12:22,2.282515398241571
800,5,15:12:22,15:12:29,1.984313483298443
800,6,15:12:29,15:12:35,2.390457218668787
800,7,15:12:35,15:12:42,2.9154759474226504
800,8,15:12:42,15:12:49,2.341874249399399
800,9,15:12:49,15:12:55,2.0
800,10,15:12:55,15:13:02,1.1989578808281798
800,11,15:13:02,15:13:08,1.9324531042175384
800,12,15:13:08,15:13:15,2.496873044429772
800,13,15:13:15,15:13:22,1.3169567191065923
800,14,15:13:22,15:13:28,1.8328597873268975
800,15,15:13:28,15:13:35,2.8284271247461903
800,16,15:13:35,15:13:41,1.4086784586980805
800,17,15:13:41,15:13:48,2.8695600708122493
800,18,15:13:48,15:13:55,2.0615528128088303
800,19,15:13:55,15:14:02,3.179524335494226
800,20,15:14:02,15:14:08,2.7810744326608736
900,1,15:14:08,15:14:16,2.537222891273055
900,2,15:14:16,15:14:23,1.920286436967152
900,3,15:14:23,15:14:31,2.6427968139832467
900,4,15:14:31,15:14:38,2.057759704144291
900,5,15:14:38,15:14:46,2.394655507583502
900,6,15:14:46,15:14:53,2.54644359843292
900,7,15:14:53,15:15:01,2.368411915187052
900,8,15:15:01,15:15:08,3.0998991919093113
900,9,15:15:08,15:15:16,2.6896793489187516
900,10,15:15:16,15:15:24,3.0413812651491097
900,11,15:15:24,15:15:31,2.7810744326608736
900,12,15:15:31,15:15:39,2.601044424604361
900,13,15:15:39,15:15:46,1.5360257159305635
900,14,15:15:46,15:15:53,3.0998991919093113
900,15,15:15:53,15:16:01,1.996089927833914
900,16,15:16:01,15:16:09,1.7633419974582356
900,17,15:16:09,15:16:16,2.537222891273055
900,18,15:16:16,15:16:24,2.165063509461097
900,19,15:16:24,15:16:32,2.537222891273055
900,20,15:16:32,15:16:40,1.964529205687714
1000,1,15:16:40,15:16:49,3.112474899497183
1000,2,15:16:49,15:16:57,1.6909686573085854
1000,3,15:16:57,15:17:06,1.3169567191065923
1000,4,15:17:06,15:17:14,2.394655507583502
1000,5,15:17:14,15:17:23,1.7633419974582356
1000,6,15:17:23,15:17:31,2.543449587168799
1000,7,15:17:31,15:17:39,2.277608394786075
1000,8,15:17:39,15:17:50,2.315032397181517
1000,9,15:17:50,15:17:58,1.0999438818457403
1000,10,15:17:58,15:18:07,2.9553976043842223
1000,11,15:18:07,15:18:15,2.6186146828319083
1000,12,15:18:15,15:18:24,2.29128784747792
1000,13,15:18:24,15:18:32,1.118033988749895
1000,14,15:18:32,15:18:41,2.5860201081971503
1000,15,15:18:41,15:18:49,1.964529205687714
1000,16,15:18:49,15:18:57,1.984313483298443
1000,17,15:18:57,15:19:06,2.6457513110645907
1000,18,15:19:06,15:19:14,2.598076211353316
1000,19,15:19:14,15:19:23,2.057759704144291
1000,20,15:19:23,15:19:31,1.7320508075688772
100,1,17:52:11,17:52:12,2.4206145913796355
100,2,17:52:12,17:52:13,1.920286436967152
100,3,17:52:13,17:52:13,2.595067436503337
100,4,17:52:13,17:52:14,1.8708286933869707
100,5,17:52:14,17:52:15,3.119995993587171
100,6,17:52:15,17:52:16,1.479019945774904
100,7,17:52:16,17:52:17,1.920286436967152
100,8,17:52:17,17:52:18,1.5
100,9,17:52:18,17:52:18,2.436698586202241
100,10,17:52:18,17:52:19,1.8708286933869707
100,11,17:52:19,17:52:20,2.179449471770337
100,12,17:52:20,17:52:21,2.384848003542364
100,13,17:52:21,17:52:22,2.9047375096555625
100,14,17:52:22,17:52:23,1.479019945774904
100,15,17:52:23,17:52:23,1.8540496217739157
100,16,17:52:23,17:52:24,2.8476964374736293
100,17,17:52:24,17:52:25,2.165063509461097
100,18,17:52:25,17:52:26,2.23330569358242
100,19,17:52:26,17:52:27,2.331844763272204
100,20,17:52:27,17:52:28,1.7853571071357126
200,1,17:52:28,17:52:29,1.6393596310755
200,2,17:52:29,17:52:31,1.8540496217739157
200,3,17:52:31,17:52:32,2.9764702249476644
200,4,17:52:32,17:52:34,1.984313483298443
200,5,17:52:34,17:52:36,2.7357585785299112
200,6,17:52:36,17:52:37,1.653594569415369
200,7,17:52:37,17:52:39,2.496873044429772
200,8,17:52:39,17:52:40,2.747912008810192
200,9,17:52:40,17:52:42,1.2570787221094177
200,10,17:52:42,17:52:44,2.7838821814150108
200,11,17:52:44,17:52:45,2.0
200,12,17:52:45,17:52:47,2.057759704144291
200,13,17:52:47,17:52:49,2.345207879911715
200,14,17:52:49,17:52:50,2.23606797749979
200,15,17:52:50,17:52:52,2.4393887111222385
200,16,17:52:52,17:52:54,2.8284271247461903
200,17,17:52:54,17:52:55,2.48746859276655
200,18,17:52:55,17:52:57,1.8708286933869707
200,19,17:52:57,17:52:58,2.7726341266023544
200,20,17:52:58,17:53:00,3.418698582794336
300,1,17:53:00,17:53:03,2.2325713874364688
300,2,17:53:03,17:53:05,2.8695600708122493
300,3,17:53:05,17:53:07,2.436698586202241
300,4,17:53:07,17:53:10,2.4206145913796355
300,5,17:53:10,17:53:12,2.179449471770337
300,6,17:53:12,17:53:15,2.277608394786075
300,7,17:53:15,17:53:17,2.368411915187052
300,8,17:53:17,17:53:20,2.179449471770337
300,9,17:53:20,17:53:22,3.059309562630104
300,10,17:53:22,17:53:24,3.2572035551988456
300,11,17:53:24,17:53:27,2.9047375096555625
300,12,17:53:27,17:53:29,3.122498999199199
300,13,17:53:29,17:53:32,2.817356917396161
300,14,17:53:32,17:53:34,2.6896793489187516
300,15,17:53:34,17:53:37,2.3979157616563596
300,16,17:53:37,17:53:39,2.165063509461097
300,17,17:53:39,17:53:41,2.23606797749979
300,18,17:53:41,17:53:44,1.713913650100261
300,19,17:53:44,17:53:46,2.4241582476968255
300,20,17:53:46,17:53:49,2.4206145913796355
400,1,17:53:49,17:53:52,2.5495097567963922
400,2,17:53:52,17:53:55,1.6413036132965795
400,3,17:53:55,17:53:58,2.598076211353316
400,4,17:53:58,17:54:02,1.5
400,5,17:54:02,17:54:05,1.6393596310755
400,6,17:54:05,17:54:08,2.222048604328897
400,7,17:54:08,17:54:12,2.2043990110685496
400,8,17:54:12,17:54:15,2.7386127875258306
400,9,17:54:15,17:54:18,2.5819888974716116
400,10,17:54:18,17:54:21,1.8257418583505538
400,11,17:54:21,17:54:24,2.521780125229002
400,12,17:54:24,17:54:28,3.4354721852756236
400,13,17:54:28,17:54:31,2.449489742783178
400,14,17:54:31,17:54:34,2.4206145913796355
400,15,17:54:34,17:54:37,2.0615528128088303
400,16,17:54:37,17:54:41,1.9364916731037085
400,17,17:54:41,17:54:44,1.653594569415369
400,18,17:54:44,17:54:47,2.7357585785299112
400,19,17:54:47,17:54:50,1.3919410907075054
400,20,17:54:50,17:54:54,2.4462982238476156
500,1,17:54:54,17:54:58,2.496873044429772
500,2,17:54:58,17:55:02,1.8666480653835098
500,3,17:55:02,17:55:06,1.0532687216470449
500,4,17:55:06,17:55:10,1.5811388300841898
500,5,17:55:10,17:55:14,3.2015621187164243
500,6,17:55:14,17:55:18,1.9364916731037085
500,7,17:55:18,17:55:22,1.7916128329552332
500,8,17:55:22,17:55:26,1.1989578808281798
500,9,17:55:26,17:55:30,2.0
500,10,17:55:30,17:55:34,1.920286436967152
500,11,17:55:34,17:55:38,2.277608394786075
500,12,17:55:38,17:55:42,2.4717149916606487
500,13,17:55:42,17:55:46,3.0413812651491097
500,14,17:55:46,17:55:50,2.496873044429772
500,15,17:55:50,17:55:54,2.368411915187052
500,16,17:55:54,17:55:58,2.2043990110685496
500,17,17:55:58,17:56:02,2.598076211353316
500,18,17:56:02,17:56:06,1.920286436967152
500,19,17:56:06,17:56:10,2.1213203435596424
500,20,17:56:10,17:56:14,2.449489742783178
600,1,17:56:14,17:56:19,1.9324531042175384
600,2,17:56:19,17:56:24,1.5761900266148114
600,3,17:56:24,17:56:29,1.299038105676658
600,4,17:56:29,17:56:34,2.1469455046647083
600,5,17:56:34,17:56:39,2.182986967154278
600,6,17:56:39,17:56:44,1.996089927833914
600,7,17:56:44,17:56:48,2.277608394786075
600,8,17:56:48,17:56:53,2.394655507583502
600,9,17:56:53,17:56:58,2.1213203435596424
600,10,17:56:58,17:57:03,2.357022603955158
600,11,17:57:03,17:57:08,2.8034576865007255
600,12,17:57:08,17:57:13,1.964529205687714
600,13,17:57:13,17:57:17,2.4845199749997664
600,14,17:57:17,17:57:22,1.7708197167232476
600,15,17:57:22,17:57:27,2.315032397181517
600,16,17:57:27,17:57:32,1.6329931618554518
600,17,17:57:32,17:57:37,1.3635890143294642
600,18,17:57:37,17:57:42,3.4977671449083054
600,19,17:57:42,17:57:47,3.191786333700926
600,20,17:57:47,17:57:52,1.8328597873268975
700,1,17:57:52,17:57:57,1.5360257159305635
700,2,17:57:57,17:58:03,2.4462982238476156
700,3,17:58:03,17:58:09,2.537222891273055
700,4,17:58:09,17:58:15,1.7284832429004493
700,5,17:58:15,17:58:21,1.7320508075688772
700,6,17:58:21,17:58:27,1.964529205687714
700,7,17:58:27,17:58:32,2.4206145913796355
700,8,17:58:32,17:58:38,2.1065374432940898
700,9,17:58:38,17:58:44,2.4717149916606487
700,10,17:58:44,17:58:49,2.1213203435596424
700,11,17:58:49,17:58:55,2.666341125962693
700,12,17:58:55,17:59:01,2.277608394786075
700,13,17:59:01,17:59:06,1.920286436967152
700,14,17:59:06,17:59:12,2.7726341266023544
700,15,17:59:12,17:59:17,3.018174116912409
700,16,17:59:17,17:59:23,1.9688939051854832
700,17,17:59:23,17:59:29,2.48746859276655
700,18,17:59:29,17:59:35,2.394655507583502
700,19,17:59:35,17:59:40,2.521780125229002
700,20,17:59:40,17:59:46,2.394655507583502
800,1,17:59:46,17:59:52,2.1065374432940898
800,2,17:59:52,17:59:59,1.7853571071357126
800,3,17:59:59,18:00:05,2.277608394786075
800,4,18:00:05,18:00:12,2.277608394786075
800,5,18:00:12,18:00:18,1.7275343701356567
800,6,18:00:18,18:00:25,2.1314806770278754
800,7,18:00:25,18:00:31,1.5
800,8,18:00:31,18:00:38,2.9047375096555625
800,9,18:00:38,18:00:44,1.7320508075688772
800,10,18:00:44,18:00:51,2.057759704144291
800,11,18:00:51,18:00:57,1.1989578808281798
800,12,18:00:57,18:01:04,2.23606797749979
800,13,18:01:04,18:01:10,2.48746859276655
800,14,18:01:10,18:01:17,2.753224820747526
800,15,18:01:17,18:01:23,2.331844763272204
800,16,18:01:23,18:01:29,2.179449471770337
800,17,18:01:29,18:01:36,2.469567863432541
800,18,18:01:36,18:01:42,2.277608394786075
800,19,18:01:42,18:01:49,2.096440251568134
800,20,18:01:49,18:01:55,2.5708704751503917
900,1,18:01:55,18:02:03,1.299038105676658
900,2,18:02:03,18:02:10,2.027159342528357
900,3,18:02:10,18:02:17,2.1065374432940898
900,4,18:02:17,18:02:25,1.713913650100261
900,5,18:02:25,18:02:32,2.2603926650031405
900,6,18:02:32,18:02:39,2.277608394786075
900,7,18:02:39,18:02:46,1.713913650100261
900,8,18:02:46,18:02:54,2.345207879911715
900,9,18:02:54,18:03:01,2.5708704751503917
900,10,18:03:01,18:03:09,2.1081851067789197
900,11,18:03:09,18:03:16,2.8912583765550943
900,12,18:03:16,18:03:24,2.027159342528357
900,13,18:03:24,18:03:32,2.666341125962693
900,14,18:03:32,18:03:39,1.5360257159305635
900,15,18:03:39,18:03:46,2.912795049432761
900,16,18:03:46,18:03:54,2.449489742783178
900,17,18:03:54,18:04:01,1.6629588385661962
900,18,18:04:01,18:04:08,1.7275343701356567
900,19,18:04:08,18:04:15,2.7271780286589284
900,20,18:04:15,18:04:23,1.920286436967152
1000,1,18:04:23,18:04:31,2.9154759474226504
1000,2,18:04:31,18:04:39,2.282515398241571
1000,3,18:04:39,18:04:47,2.7128168017763383
1000,4,18:04:47,18:04:55,2.165063509461097
1000,5,18:04:55,18:05:03,2.165063509461097
1000,6,18:05:03,18:05:11,2.5860201081971503
1000,7,18:05:11,18:05:19,2.23606797749979
1000,8,18:05:19,18:05:27,2.117634293262177
1000,9,18:05:27,18:05:35,2.436698586202241
1000,10,18:05:35,18:05:43,2.5
1000,11,18:05:43,18:05:51,2.6896793489187516
1000,12,18:05:51,18:06:00,2.341874249399399
1000,13,18:06:00,18:06:08,2.8613807855648994
1000,14,18:06:08,18:06:16,1.9999999999999998
1000,15,18:06:16,18:06:24,2.5555062599997598
1000,16,18:06:24,18:06:32,1.8666480653835098
1000,17,18:06:32,18:06:40,2.5
1000,18,18:06:40,18:06:48,2.315032397181517
1000,19,18:06:48,18:06:56,2.8256636388643286
1000,20,18:06:56,18:07:05,2.595067436503337
100,1,20:59:53,20:59:53,2.165063509461097
100,2,20:59:53,20:59:54,1.8328597873268975
100,3,20:59:54,20:59:55,2.598076211353316
100,4,20:59:55,20:59:56,3.2241373618993125
100,5,20:59:56,20:59:57,2.165063509461097
100,6,20:59:57,20:59:58,1.713913650100261
100,7,20:59:58,20:59:58,2.1758618981911515
100,8,20:59:58,20:59:59,1.9324531042175384
100,9,20:59:59,21:00:00,2.5860201081971503
100,10,21:00:00,21:00:01,2.384848003542364
100,11,21:00:01,21:00:02,1.7633419974582356
100,12,21:00:02,21:00:03,2.817356917396161
100,13,21:00:03,21:00:03,2.7128168017763383
100,14,21:00:03,21:00:04,1.6909686573085854
100,15,21:00:04,21:00:05,1.7633419974582356
100,16,21:00:05,21:00:06,2.408831487630978
100,17,21:00:06,21:00:07,1.984313483298443
100,18,21:00:07,21:00:08,2.3979157616563596
100,19,21:00:08,21:00:08,1.7275343701356567
100,20,21:00:08,21:00:09,1.996089927833914
200,1,21:00:09,21:00:11,2.4206145913796355
200,2,21:00:11,21:00:12,2.692582403567252
200,3,21:00:12,21:00:14,2.5
200,4,21:00:14,21:00:16,1.8708286933869707
200,5,21:00:16,21:00:18,1.5761900266148114
200,6,21:00:18,21:00:19,2.8695600708122493
200,7,21:00:19,21:00:21,2.5385910352879693
200,8,21:00:21,21:00:22,2.1065374432940898
200,9,21:00:22,21:00:24,1.9688939051854832
200,10,21:00:24,21:00:26,1.3966450099973928
200,11,21:00:26,21:00:27,2.6427968139832467
200,12,21:00:27,21:00:29,2.1213203435596424
200,13,21:00:29,21:00:31,2.5071326821120348
200,14,21:00:31,21:00:32,1.8328597873268975
200,15,21:00:32,21:00:34,2.368411915187052
200,16,21:00:34,21:00:36,2.0
200,17,21:00:36,21:00:37,3.0998991919093113
200,18,21:00:37,21:00:39,2.6190408549696205
200,19,21:00:39,21:00:40,2.5
200,20,21:00:40,21:00:42,2.598076211353316
300,1,21:00:42,21:00:45,2.54644359843292
300,2,21:00:45,21:00:47,2.4088314876309775
300,3,21:00:47,21:00:49,1.4086784586980805
300,4,21:00:49,21:00:52,1.7320508075688772
300,5,21:00:52,21:00:54,2.0463381929681126
300,6,21:00:54,21:00:57,2.341874249399399
300,7,21:00:57,21:00:59,2.8034576865007255
300,8,21:00:59,21:01:02,1.7633419974582356
300,9,21:01:02,21:01:04,2.384848003542364
300,10,21:01:04,21:01:07,1.6909686573085854
300,11,21:01:07,21:01:09,1.4907119849998598
300,12,21:01:09,21:01:11,2.260776661041756
300,13,21:01:11,21:01:14,2.368411915187052
300,14,21:01:14,21:01:16,2.368411915187052
300,15,21:01:16,21:01:19,3.2185982973959333
300,16,21:01:19,21:01:21,2.394655507583502
300,17,21:01:21,21:01:24,2.48746859276655
300,18,21:01:24,21:01:26,2.179449471770337
300,19,21:01:26,21:01:29,1.9364916731037085
300,20,21:01:29,21:01:31,2.8613807855648994
400,1,21:01:31,21:01:34,2.7726341266023544
400,2,21:01:34,21:01:38,1.920286436967152
400,3,21:01:38,21:01:41,1.165922381636102
400,4,21:01:41,21:01:44,1.6153559979150107
400,5,21:01:44,21:01:47,2.0
400,6,21:01:47,21:01:51,1.8027756377319946
400,7,21:01:51,21:01:54,2.496873044429772
400,8,21:01:54,21:01:57,2.521780125229002
400,9,21:01:57,21:02:00,2.1081851067789197
400,10,21:02:00,21:02:04,1.385051387833237
400,11,21:02:04,21:02:07,2.3570226039551585
400,12,21:02:07,21:02:10,2.6457513110645907
400,13,21:02:10,21:02:14,2.7532248207475263
400,14,21:02:14,21:02:17,2.4717149916606487
400,15,21:02:17,21:02:20,3.1598061649411346
400,16,21:02:20,21:02:23,2.179449471770337
400,17,21:02:23,21:02:27,1.4086784586980805
400,18,21:02:27,21:02:30,1.964529205687714
400,19,21:02:30,21:02:33,1.964529205687714
400,20,21:02:33,21:02:36,2.1285234893930487
500,1,21:02:36,21:02:41,2.6457513110645907
500,2,21:02:41,21:02:45,2.6427968139832467
500,3,21:02:45,21:02:49,2.394655507583502
500,4,21:02:49,21:02:53,2.7838821814150108
500,5,21:02:53,21:02:57,1.8027756377319946
500,6,21:02:57,21:03:01,2.1065374432940898
500,7,21:03:01,21:03:05,1.984313483298443
500,8,21:03:05,21:03:09,2.29128784747792
500,9,21:03:09,21:03:13,2.598076211353316
500,10,21:03:13,21:03:17,1.9324531042175384
500,11,21:03:17,21:03:21,2.23330569358242
500,12,21:03:21,21:03:25,2.5860201081971503
500,13,21:03:25,21:03:29,2.4088314876309775
500,14,21:03:29,21:03:34,2.027159342528357
500,15,21:03:34,21:03:38,1.996089927833914
500,16,21:03:38,21:03:42,2.7357585785299112
500,17,21:03:42,21:03:46,2.29128784747792
500,18,21:03:46,21:03:50,2.817356917396161
500,19,21:03:50,21:03:54,2.2603926650031405
500,20,21:03:54,21:03:58,3.276335605520289
600,1,21:03:58,21:04:03,2.222048604328897
600,2,21:04:03,21:04:08,2.9137254363387344
600,3,21:04:08,21:04:12,2.29128784747792
600,4,21:04:12,21:04:17,1.9364916731037085
600,5,21:04:17,21:04:22,2.537222891273055
600,6,21:04:22,21:04:27,2.4206145913796355
600,7,21:04:27,21:04:32,2.2878756522153907
600,8,21:04:32,21:04:37,2.027159342528357
600,9,21:04:37,21:04:42,2.027159342528357
600,10,21:04:42,21:04:47,1.5612494995995996
600,11,21:04:47,21:04:51,2.9047375096555625
600,12,21:04:51,21:04:56,2.331844763272204
600,13,21:04:56,21:05:01,2.48746859276655
600,14,21:05:01,21:05:06,1.8324913891634047
600,15,21:05:06,21:05:11,1.6413036132965795
600,16,21:05:11,21:05:16,2.1602468994692865
600,17,21:05:16,21:05:21,2.6434171674156266
600,18,21:05:21,21:05:26,2.277608394786075
600,19,21:05:26,21:05:30,2.2325713874364688
600,20,21:05:30,21:05:35,2.1758618981911515
700,1,21:05:35,21:05:41,1.964529205687714
700,2,21:05:41,21:05:47,1.920286436967152
700,3,21:05:47,21:05:52,2.7357585785299112
700,4,21:05:52,21:05:58,2.9047375096555625
700,5,21:05:58,21:06:04,1.8027756377319946
700,6,21:06:04,21:06:09,2.2603926650031405
700,7,21:06:09,21:06:15,2.277608394786075
700,8,21:06:15,21:06:21,2.2603926650031405
700,9,21:06:21,21:06:26,2.7128168017763383
700,10,21:06:26,21:06:32,1.6393596310755
700,11,21:06:32,21:06:38,2.027159342528357
700,12,21:06:38,21:06:43,1.8708286933869707
700,13,21:06:43,21:06:49,1.2686114456365274
700,14,21:06:49,21:06:55,1.3169567191065923
700,15,21:06:55,21:07:01,1.6153559979150107
700,16,21:07:01,21:07:06,1.7633419974582356
700,17,21:07:06,21:07:12,2.7128168017763383
700,18,21:07:12,21:07:17,1.9324531042175384
700,19,21:07:17,21:07:23,1.5
700,20,21:07:23,21:07:29,2.179449471770337
800,1,21:07:29,21:07:35,2.23606797749979
800,2,21:07:35,21:07:42,2.315032397181517
800,3,21:07:42,21:07:48,2.394655507583502
800,4,21:07:48,21:07:55,1.8027756377319946
800,5,21:07:55,21:08:01,2.027159342528357
800,6,21:08:01,21:08:08,1.964529205687714
800,7,21:08:08,21:08:14,2.6427968139832467
800,8,21:08:14,21:08:20,1.964529205687714
800,9,21:08:20,21:08:27,1.4947825928876748
800,10,21:08:27,21:08:33,1.4142135623730951
800,11,21:08:33,21:08:40,2.1758618981911515
800,12,21:08:40,21:08:46,3.122498999199199
800,13,21:08:46,21:08:53,2.521780125229002
800,14,21:08:53,21:08:59,2.4206145913796355
800,15,21:08:59,21:09:06,2.6427968139832467
800,16,21:09:06,21:09:12,1.8328597873268975
800,17,21:09:12,21:09:18,2.521780125229002
800,18,21:09:18,21:09:25,2.0245407953653998
800,19,21:09:25,21:09:32,1.899835519196333
800,20,21:09:32,21:09:38,2.496873044429772
900,1,21:09:38,21:09:45,1.3919410907075054
900,2,21:09:45,21:09:52,2.6896793489187516
900,3,21:09:52,21:10:00,2.2325713874364688
900,4,21:10:00,21:10:07,1.7638342073763935
900,5,21:10:07,21:10:15,1.6393596310755
900,6,21:10:15,21:10:22,1.7320508075688772
900,7,21:10:22,21:10:29,1.8708286933869707
900,8,21:10:29,21:10:36,2.165063509461097
900,9,21:10:36,21:10:44,2.680951323690902
900,10,21:10:44,21:10:51,2.6427968139832467
900,11,21:10:51,21:10:58,3.640054944640259
900,12,21:10:58,21:11:06,2.496873044429772
900,13,21:11:06,21:11:13,1.653594569415369
900,14,21:11:13,21:11:20,2.0463381929681126
900,15,21:11:20,21:11:27,3.119995993587171
900,16,21:11:27,21:11:35,2.8974232912011773
900,17,21:11:35,21:11:42,2.4717149916606487
900,18,21:11:42,21:11:49,2.4944382578492945
900,19,21:11:49,21:11:56,2.368411915187052
900,20,21:11:56,21:12:04,2.057759704144291
1000,1,21:12:04,21:12:12,2.331844763272204
1000,2,21:12:12,21:12:20,2.1469455046647083
1000,3,21:12:20,21:12:28,2.027159342528357
1000,4,21:12:28,21:12:36,2.315032397181517
1000,5,21:12:36,21:12:44,1.3228756555322954
1000,6,21:12:44,21:12:53,2.368411915187052
1000,7,21:12:53,21:13:01,1.4523687548277813
1000,8,21:13:01,21:13:09,1.6909686573085854
1000,9,21:13:09,21:13:17,2.1829869671542776
1000,10,21:13:17,21:13:25,2.817356917396161
1000,11,21:13:25,21:13:33,3.031088913245535
1000,12,21:13:33,21:13:41,2.23606797749979
1000,13,21:13:41,21:13:49,1.8708286933869707
1000,14,21:13:49,21:13:57,2.8476964374736293
1000,15,21:13:57,21:14:05,1.653594569415369
1000,16,21:14:05,21:14:13,2.0615528128088303
1000,17,21:14:13,21:14:21,2.8613807855648994
1000,18,21:14:21,21:14:29,2.006163342807532
1000,19,21:14:29,21:14:37,1.6393596310755
1000,20,21:14:37,21:14:46,2.1213203435596424
100,1,00:11:50,00:11:51,1.8540496217739157
100,2,00:11:51,00:11:52,2.9895651857753496
100,3,00:11:52,00:11:53,1.9364916731037085
100,4,00:11:53,00:11:53,2.331844763272204
100,5,00:11:53,00:11:54,2.1213203435596424
100,6,00:11:54,00:11:55,2.368411915187052
100,7,00:11:55,00:11:56,2.0
100,8,00:11:56,00:11:57,1.4947825928876748
100,9,00:11:57,00:11:58,2.692582403567252
100,10,00:11:58,00:11:59,2.680951323690902
100,11,00:11:59,00:12:00,3.2185982973959333
100,12,00:12:00,00:12:00,2.449489742783178
100,13,00:12:00,00:12:01,2.1758618981911515
100,14,00:12:01,00:12:02,2.1758618981911515
100,15,00:12:02,00:12:03,1.653594569415369
100,16,00:12:03,00:12:04,1.7275343701356567
100,17,00:12:04,00:12:05,3.0469576001782417
100,18,00:12:05,00:12:06,1.5360257159305635
100,19,00:12:06,00:12:07,2.165063509461097
100,20,00:12:07,00:12:07,2.4462982238476156
200,1,00:12:07,00:12:09,2.7726341266023544
200,2,00:12:09,00:12:11,1.5612494995995996
200,3,00:12:11,00:12:13,2.368411915187052
200,4,00:12:13,00:12:14,2.494438257849294
200,5,00:12:14,00:12:16,1.899835519196333
200,6,00:12:16,00:12:18,2.1213203435596424
200,7,00:12:18,00:12:19,2.6010444246043614
200,8,00:12:19,00:12:21,1.7708197167232476
200,9,00:12:21,00:12:23,2.537222891273055
200,10,00:12:23,00:12:25,2.315032397181517
200,11,00:12:25,00:12:26,2.4462982238476156
200,12,00:12:26,00:12:28,3.515590277606308
200,13,00:12:28,00:12:30,3.018174116912409
200,14,00:12:30,00:12:31,1.8856180831641267
200,15,00:12:31,00:12:33,1.8027756377319946
200,16,00:12:33,00:12:35,2.341874249399399
200,17,00:12:35,00:12:37,2.5708704751503917
200,18,00:12:37,00:12:38,1.0897247358851685
200,19,00:12:38,00:12:40,1.920286436967152
200,20,00:12:40,00:12:42,2.1469455046647083
300,1,00:12:42,00:12:44,2.3979157616563596
300,2,00:12:44,00:12:47,2.7810744326608736
300,3,00:12:47,00:12:49,2.496873044429772
300,4,00:12:49,00:12:52,2.2603926650031405
300,5,00:12:52,00:12:54,1.5612494995995996
300,6,00:12:54,00:12:57,2.666341125962693
300,7,00:12:57,00:13:00,1.3228756555322954
300,8,00:13:00,00:13:02,2.680951323690902
300,9,00:13:02,00:13:05,2.595067436503337
300,10,00:13:05,00:13:07,2.5860201081971503
300,11,00:13:07,00:13:10,1.79843682124227
300,12,00:13:10,00:13:12,1.8328597873268975
300,13,00:13:12,00:13:15,2.1469455046647083
300,14,00:13:15,00:13:17,2.449489742783178
300,15,00:13:17,00:13:20,2.449489742783178
300,16,00:13:20,00:13:23,2.6457513110645907
300,17,00:13:23,00:13:25,2.7585095613392387
300,18,00:13:25,00:13:28,2.3979157616563596
300,19,00:13:28,00:13:30,2.4206145913796355
300,20,00:13:30,00:13:33,2.027159342528357
400,1,00:13:33,00:13:36,2.436698586202241
400,2,00:13:36,00:13:40,1.996089927833914
400,3,00:13:40,00:13:43,3.0388114452858046
400,4,00:13:43,00:13:46,2.1469455046647083
400,5,00:13:46,00:13:50,2.7726341266023544
400,6,00:13:50,00:13:53,2.345207879911715
400,7,00:13:53,00:13:56,2.48746859276655
400,8,00:13:56,00:13:59,2.3570226039551585
400,9,00:13:59,00:14:03,2.0
400,10,00:14:03,00:14:06,2.537222891273055
400,11,00:14:06,00:14:09,1.653594569415369
400,12,00:14:09,00:14:13,1.6393596310755
400,13,00:14:13,00:14:16,1.0532687216470449
400,14,00:14:16,00:14:19,2.2878756522153907
400,15,00:14:19,00:14:23,2.7261875880856214
400,16,00:14:23,00:14:26,1.964529205687714
400,17,00:14:26,00:14:30,2.2325713874364688
400,18,00:14:30,00:14:33,2.521780125229002
400,19,00:14:33,00:14:36,2.266230894930126
400,20,00:14:36,00:14:40,2.341874249399399
500,1,00:14:40,00:14:44,2.1065374432940898
500,2,00:14:44,00:14:48,2.23606797749979
500,3,00:14:48,00:14:52,3.0
500,4,00:14:52,00:14:57,2.260776661041756
500,5,00:14:57,00:15:01,2.29128784747792
500,6,00:15:01,00:15:05,2.521780125229002
500,7,00:15:05,00:15:09,1.7275343701356567
500,8,00:15:09,00:15:14,2.726187588085622
500,9,00:15:14,00:15:18,1.7275343701356567
500,10,00:15:18,00:15:22,2.23606797749979
500,11,00:15:22,00:15:27,1.6393596310755
500,12,00:15:27,00:15:31,2.2043990110685496
500,13,00:15:31,00:15:35,1.4523687548277813
500,14,00:15:35,00:15:39,2.748737083745107
500,15,00:15:39,00:15:43,2.817356917396161
500,16,00:15:43,00:15:48,1.79843682124227
500,17,00:15:48,00:15:52,2.6851213274654606
500,18,00:15:52,00:15:56,1.286204100310025
500,19,00:15:56,00:16:00,2.277608394786075
500,20,00:16:00,00:16:04,2.057759704144291
600,1,00:16:04,00:16:09,1.9364916731037085
600,2,00:16:09,00:16:14,2.0245407953653998
600,3,00:16:14,00:16:19,2.8284271247461903
600,4,00:16:19,00:16:25,1.984313483298443
600,5,00:16:25,00:16:30,1.8666480653835098
600,6,00:16:30,00:16:35,2.179449471770337
600,7,00:16:35,00:16:40,1.0657403385139377
600,8,00:16:40,00:16:45,1.7275343701356567
600,9,00:16:45,00:16:50,2.0615528128088303
600,10,00:16:50,00:16:55,2.7810744326608736
600,11,00:16:55,00:17:00,2.739739556875101
600,12,00:17:00,00:17:05,2.5495097567963922
600,13,00:17:05,00:17:10,2.8256636388643286
600,14,00:17:10,00:17:15,2.0879116360612584
600,15,00:17:15,00:17:20,1.8027756377319946
600,16,00:17:20,00:17:25,2.4206145913796355
600,17,00:17:25,00:17:30,1.964529205687714
600,18,00:17:30,00:17:35,1.6909686573085854
600,19,00:17:35,00:17:41,2.5
600,20,00:17:41,00:17:46,1.6153559979150107
700,1,00:17:46,00:17:51,1.6178021976178931
700,2,00:17:51,00:17:57,2.5
700,3,00:17:57,00:18:03,2.6246692913372702
700,4,00:18:03,00:18:08,1.7275343701356567
700,5,00:18:08,00:18:14,2.680951323690902
700,6,00:18:14,00:18:20,1.8027756377319946
700,7,00:18:20,00:18:26,1.3635890143294642
700,8,00:18:26,00:18:31,2.1065374432940898
700,9,00:18:31,00:18:37,1.5
700,10,00:18:37,00:18:43,2.7838821814150108
700,11,00:18:43,00:18:48,2.449489742783178
700,12,00:18:48,00:18:54,2.1469455046647083
700,13,00:18:54,00:19:00,1.6996731711975948
700,14,00:19:00,00:19:06,2.537222891273055
700,15,00:19:06,00:19:11,1.2862041003100249
700,16,00:19:11,00:19:17,1.8540496217739157
700,17,00:19:17,00:19:23,1.5360257159305635
700,18,00:19:23,00:19:29,2.394655507583502
700,19,00:19:29,00:19:34,2.494438257849294
700,20,00:19:34,00:19:40,1.8540496217739157
800,1,00:19:40,00:19:47,1.5612494995995996
800,2,00:19:47,00:19:54,1.7320508075688772
800,3,00:19:54,00:20:00,2.6190408549696205
800,4,00:20:00,00:20:07,2.9764702249476644
800,5,00:20:07,00:20:14,2.341874249399399
800,6,00:20:14,00:20:21,2.7810744326608736
800,7,00:20:21,00:20:27,2.117634293262177
800,8,00:20:27,00:20:34,1.920286436967152
800,9,00:20:34,00:20:41,1.8027756377319946
800,10,00:20:41,00:20:48,2.8695600708122493
800,11,00:20:48,00:20:54,1.964529205687714
800,12,00:20:54,00:21:01,2.9047375096555625
800,13,00:21:01,00:21:08,2.3979157616563596
800,14,00:21:08,00:21:14,2.277608394786075
800,15,00:21:14,00:21:21,1.6583123951777
800,16,00:21:21,00:21:28,2.23606797749979
800,17,00:21:28,00:21:34,2.14878662286819
800,18,00:21:34,00:21:41,1.7320508075688772
800,19,00:21:41,00:21:48,1.7284832429004493
800,20,00:21:48,00:21:54,1.5360257159305635
900,1,00:21:54,00:22:02,2.4717149916606487
900,2,00:22:02,00:22:10,1.3228756555322954
900,3,00:22:10,00:22:17,2.9973947020704497
900,4,00:22:17,00:22:24,1.6909686573085854
900,5,00:22:24,00:22:32,1.5811388300841898
900,6,00:22:32,00:22:40,3.0413812651491097
900,7,00:22:40,00:22:47,1.8708286933869707
900,8,00:22:47,00:22:55,1.3228756555322954
900,9,00:22:55,00:23:02,2.29128784747792
900,10,00:23:02,00:23:10,1.9364916731037085
900,11,00:23:10,00:23:18,2.521780125229002
900,12,00:23:18,00:23:25,2.436698586202241
900,13,00:23:25,00:23:33,2.2498285257018424
900,14,00:23:33,00:23:41,1.964529205687714
900,15,00:23:41,00:23:48,2.680951323690902
900,16,00:23:48,00:23:55,1.8724777273725242
900,17,00:23:55,00:24:03,1.7633419974582356
900,18,00:24:03,00:24:10,2.179449471770337
900,19,00:24:10,00:24:18,1.964529205687714
900,20,00:24:18,00:24:25,2.449489742783178
1000,1,00:24:25,00:24:33,1.996089927833914
1000,2,00:24:33,00:24:42,2.0245407953653998
1000,3,00:24:42,00:24:50,2.496873044429772
1000,4,00:24:50,00:24:58,1.8540496217739157
1000,5,00:24:58,00:25:06,2.211083193570267
1000,6,00:25:06,00:25:15,2.5860201081971503
1000,7,00:25:15,00:25:23,1.9116278371205837
1000,8,00:25:23,00:25:31,1.8708286933869707
1000,9,00:25:31,00:25:40,2.4206145913796355
1000,10,00:25:40,00:25:48,1.8257418583505536
1000,11,00:25:48,00:25:57,2.692582403567252
1000,12,00:25:57,00:26:05,1.8708286933869707
1000,13,00:26:05,00:26:14,2.3979157616563596
1000,14,00:26:14,00:26:22,2.454524670486058
1000,15,00:26:22,00:26:30,1.7853571071357126
1000,16,00:26:30,00:26:39,2.179449471770337
1000,17,00:26:39,00:26:47,2.537222891273055
1000,18,00:26:47,00:26:56,2.8256636388643286
1000,19,00:26:56,00:27:04,2.4717149916606487
1000,20,00:27:04,00:27:13,2.8256636388643286
100,1,03:24:28,03:24:28,2.7357585785299112
100,2,03:24:28,03:24:29,2.4462982238476156
100,3,03:24:29,03:24:30,2.9973947020704497
100,4,03:24:30,03:24:31,2.6427968139832467
100,5,03:24:31,03:24:32,2.222048604328897
100,6,03:24:32,03:24:33,2.0
100,7,03:24:33,03:24:34,3.0413812651491097
100,8,03:24:34,03:24:34,2.315032397181517
100,9,03:24:34,03:24:35,2.1065374432940898
100,10,03:24:35,03:24:36,2.6427968139832467
100,11,03:24:36,03:24:37,1.9324531042175384
100,12,03:24:37,03:24:38,1.7853571071357126
100,13,03:24:38,03:24:39,2.0615528128088303
100,14,03:24:39,03:24:39,1.9324531042175384
100,15,03:24:39,03:24:40,2.1758618981911515
100,16,03:24:40,03:24:41,1.5811388300841898
100,17,03:24:41,03:24:42,2.9341736485763756
100,18,03:24:42,03:24:43,2.666341125962693
100,19,03:24:43,03:24:44,2.692582403567252
100,20,03:24:44,03:24:45,2.384848003542364
200,1,03:24:45,03:24:46,2.8476964374736293
200,2,03:24:46,03:24:48,2.8912583765550943
200,3,03:24:48,03:24:50,2.521780125229002
200,4,03:24:50,03:24:51,1.9324531042175384
200,5,03:24:51,03:24:53,2.6896793489187516
200,6,03:24:53,03:24:55,2.2325713874364688
200,7,03:24:55,03:24:56,2.165063509461097
200,8,03:24:56,03:24:58,2.748737083745107
200,9,03:24:58,03:25:00,2.5
200,10,03:25:00,03:25:01,1.5612494995995996
200,11,03:25:01,03:25:03,2.356060357495806
200,12,03:25:03,03:25:05,2.8034576865007255
200,13,03:25:05,03:25:07,2.2878756522153907
200,14,03:25:07,03:25:08,1.7633419974582356
200,15,03:25:08,03:25:10,2.117634293262177
200,16,03:25:10,03:25:12,1.4142135623730951
200,17,03:25:12,03:25:13,3.018174116912409
200,18,03:25:13,03:25:15,2.23606797749979
200,19,03:25:15,03:25:16,2.595067436503337
200,20,03:25:16,03:25:18,2.5
300,1,03:25:18,03:25:21,2.384848003542364
300,2,03:25:21,03:25:23,2.4907993963089563
300,3,03:25:23,03:25:26,2.179449471770337
300,4,03:25:26,03:25:28,2.315032397181517
300,5,03:25:28,03:25:31,1.8027756377319946
300,6,03:25:31,03:25:33,2.341874249399399
300,7,03:25:33,03:25:36,1.8328597873268975
300,8,03:25:36,03:25:38,2.0879116360612584
300,9,03:25:38,03:25:41,2.0463381929681126
300,10,03:25:41,03:25:44,1.984313483298443
300,11,03:25:44,03:25:46,2.5
300,12,03:25:46,03:25:49,1.79843682124227
300,13,03:25:49,03:25:51,1.5761900266148114
300,14,03:25:51,03:25:54,1.479019945774904
300,15,03:25:54,03:25:56,2.595067436503337
300,16,03:25:56,03:25:58,2.4717149916606487
300,17,03:25:58,03:26:01,2.48746859276655
300,18,03:26:01,03:26:04,2.6457513110645907
300,19,03:26:04,03:26:06,3.072051431861127
300,20,03:26:06,03:26:09,2.48746859276655
400,1,03:26:09,03:26:12,3.191786333700926
400,2,03:26:12,03:26:15,2.29128784747792
400,3,03:26:15,03:26:19,2.0
400,4,03:26:19,03:26:22,2.496873044429772
400,5,03:26:22,03:26:25,2.7838821814150108
400,6,03:26:25,03:26:29,3.0998991919093113
400,7,03:26:29,03:26:32,1.3966450099973928
400,8,03:26:32,03:26:36,2.23606797749979
400,9,03:26:36,03:26:39,2.3979157616563596
400,10,03:26:39,03:26:42,1.899835519196333
400,11,03:26:42,03:26:46,2.394655507583502
400,12,03:26:46,03:26:49,2.29128784747792
400,13,03:26:49,03:26:52,2.9764702249476644
400,14,03:26:52,03:26:56,2.2946254863155726
400,15,03:26:56,03:26:59,2.8476964374736293
400,16,03:26:59,03:27:02,1.0897247358851685
400,17,03:27:02,03:27:06,2.54644359843292
400,18,03:27:06,03:27:09,1.4086784586980805
400,19,03:27:09,03:27:12,2.7271780286589284
400,20,03:27:12,03:27:16,2.2878756522153907
500,1,03:27:16,03:27:20,2.0615528128088303
500,2,03:27:20,03:27:24,2.0615528128088303
500,3,03:27:24,03:27:28,2.179449471770337
500,4,03:27:28,03:27:32,2.057759704144291
500,5,03:27:32,03:27:37,2.2043990110685496
500,6,03:27:37,03:27:41,2.7726341266023544
500,7,03:27:41,03:27:45,1.9364916731037085
500,8,03:27:45,03:27:49,2.6190408549696205
500,9,03:27:49,03:27:54,2.6896793489187516
500,10,03:27:54,03:27:58,2.449489742783178
500,11,03:27:58,03:28:02,2.4717149916606487
500,12,03:28:02,03:28:07,1.2183492931011204
500,13,03:28:07,03:28:11,2.1758618981911515
500,14,03:28:11,03:28:15,2.394655507583502
500,15,03:28:15,03:28:19,1.996089927833914
500,16,03:28:19,03:28:24,1.5811388300841898
500,17,03:28:24,03:28:28,2.0
500,18,03:28:28,03:28:32,2.48746859276655
500,19,03:28:32,03:28:37,2.0245407953653998
500,20,03:28:37,03:28:41,2.277608394786075
600,1,03:28:41,03:28:46,2.3979157616563596
600,2,03:28:46,03:28:51,2.2878756522153907
600,3,03:28:51,03:28:56,1.7633419974582356
600,4,03:28:56,03:29:01,2.48746859276655
600,5,03:29:01,03:29:06,2.0608041101101566
600,6,03:29:06,03:29:11,2.7585095613392387
600,7,03:29:11,03:29:16,2.8256636388643286
600,8,03:29:16,03:29:21,2.8476964374736293
600,9,03:29:21,03:29:26,2.666341125962693
600,10,03:29:26,03:29:31,1.3635890143294642
600,11,03:29:31,03:29:36,2.277608394786075
600,12,03:29:36,03:29:41,2.8695600708122493
600,13,03:29:41,03:29:46,2.484519974999766
600,14,03:29:46,03:29:51,1.8708286933869707
600,15,03:29:51,03:29:56,1.8540496217739157
600,16,03:29:56,03:30:01,2.249828525701843
600,17,03:30:01,03:30:06,3.0
600,18,03:30:06,03:30:11,1.3919410907075054
600,19,03:30:11,03:30:16,2.6190408549696205
600,20,03:30:16,03:30:21,2.3979157616563596
700,1,03:30:21,03:30:27,2.7357585785299112
700,2,03:30:27,03:30:33,2.6190408549696205
700,3,03:30:33,03:30:39,2.6190408549696205
700,4,03:30:39,03:30:44,2.042752923427804
700,5,03:30:44,03:30:50,1.79843682124227
700,6,03:30:50,03:30:56,2.4206145913796355
700,7,03:30:56,03:31:02,2.521780125229002
700,8,03:31:02,03:31:08,2.436698586202241
700,9,03:31:08,03:31:14,2.449489742783178
700,10,03:31:14,03:31:20,1.7320508075688772
700,11,03:31:20,03:31:26,2.006163342807532
700,12,03:31:26,03:31:31,2.449489742783178
700,13,03:31:31,03:31:37,2.23606797749979
700,14,03:31:37,03:31:43,2.331844763272204
700,15,03:31:43,03:31:49,2.179449471770337
700,16,03:31:49,03:31:55,2.277608394786075
700,17,03:31:55,03:32:01,2.222048604328897
700,18,03:32:01,03:32:07,2.48746859276655
700,19,03:32:07,03:32:13,2.7585095613392387
700,20,03:32:13,03:32:19,2.7838821814150108
800,1,03:32:19,03:32:26,2.7810744326608736
800,2,03:32:26,03:32:33,1.6393596310755
800,3,03:32:33,03:32:39,2.282515398241571
800,4,03:32:39,03:32:46,2.48746859276655
800,5,03:32:46,03:32:53,2.9764702249476644
800,6,03:32:53,03:33:00,1.653594569415369
800,7,03:33:00,03:33:07,2.5
800,8,03:33:07,03:33:13,2.1213203435596424
800,9,03:33:13,03:33:20,1.299038105676658
800,10,03:33:20,03:33:27,2.0615528128088303
800,11,03:33:27,03:33:33,2.0615528128088303
800,12,03:33:33,03:33:40,2.4717149916606487
800,13,03:33:40,03:33:47,1.3919410907075054
800,14,03:33:47,03:33:53,1.79843682124227
800,15,03:33:53,03:34:00,2.117634293262177
800,16,03:34:00,03:34:06,2.1065374432940898
800,17,03:34:06,03:34:13,2.1758618981911515
800,18,03:34:13,03:34:20,1.3919410907075054
800,19,03:34:20,03:34:26,2.331844763272204
800,20,03:34:26,03:34:33,2.2878756522153907
900,1,03:34:33,03:34:41,1.118033988749895
900,2,03:34:41,03:34:48,2.277608394786075
900,3,03:34:48,03:34:56,1.9324531042175384
900,4,03:34:56,03:35:03,2.8034576865007255
900,5,03:35:03,03:35:11,1.920286436967152
900,6,03:35:11,03:35:18,2.4717149916606487
900,7,03:35:18,03:35:25,2.0463381929681126
900,8,03:35:25,03:35:33,1.964529205687714
900,9,03:35:33,03:35:40,2.6427968139832467
900,10,03:35:40,03:35:47,2.8034576865007255
900,11,03:35:47,03:35:55,2.0879116360612584
900,12,03:35:55,03:36:03,2.7810744326608736
900,13,03:36:03,03:36:10,3.6721077053920954
900,14,03:36:10,03:36:18,1.5360257159305635
900,15,03:36:18,03:36:25,1.617802197617893
900,16,03:36:25,03:36:32,2.595067436503337
900,17,03:36:32,03:36:40,2.666341125962693
900,18,03:36:40,03:36:47,1.7275343701356567
900,19,03:36:47,03:36:55,1.4947825928876748
900,20,03:36:55,03:37:02,2.0879116360612584
1000,1,03:37:02,03:37:10,2.1758618981911515
1000,2,03:37:10,03:37:19,1.791612832955233
1000,3,03:37:19,03:37:27,1.7320508075688772
1000,4,03:37:27,03:37:35,2.537222891273055
1000,5,03:37:35,03:37:44,1.2570787221094177
1000,6,03:37:44,03:37:52,1.7633419974582356
1000,7,03:37:52,03:38:00,1.8708286933869707
1000,8,03:38:00,03:38:08,1.899835519196333
1000,9,03:38:08,03:38:17,2.5860201081971503
1000,10,03:38:17,03:38:25,2.368411915187052
1000,11,03:38:25,03:38:33,2.7726341266023544
1000,12,03:38:33,03:38:42,2.496873044429772
1000,13,03:38:42,03:38:50,2.54644359843292
1000,14,03:38:50,03:38:58,1.8328597873268975
1000,15,03:38:58,03:39:07,3.07967124868873
1000,16,03:39:07,03:39:16,1.964529205687714
1000,17,03:39:16,03:39:24,2.5860201081971503
1000,18,03:39:24,03:39:32,2.436698586202241
1000,19,03:39:32,03:39:41,2.1213203435596424
1000,20,03:39:41,03:39:49,2.8695600708122493
100,1,06:38:01,06:38:02,2.345207879911715
100,2,06:38:02,06:38:03,2.2603926650031405
100,3,06:38:03,06:38:04,2.2603926650031405
100,4,06:38:04,06:38:05,2.9895651857753496
100,5,06:38:05,06:38:06,2.5708704751503917
100,6,06:38:06,06:38:07,2.598076211353316
100,7,06:38:07,06:38:08,1.7853571071357126
100,8,06:38:08,06:38:08,2.345207879911715
100,9,06:38:08,06:38:09,2.5708704751503917
100,10,06:38:09,06:38:10,1.5612494995995996
100,11,06:38:10,06:38:11,2.8695600708122493
100,12,06:38:11,06:38:12,2.341874249399399
100,13,06:38:12,06:38:13,2.9814239699997196
100,14,06:38:13,06:38:14,2.057759704144291
100,15,06:38:14,06:38:14,1.3635890143294642
100,16,06:38:14,06:38:15,2.9895651857753496
100,17,06:38:15,06:38:16,1.4947825928876748
100,18,06:38:16,06:38:17,1.79843682124227
100,19,06:38:17,06:38:18,1.5612494995995996
100,20,06:38:18,06:38:18,2.3979157616563596
200,1,06:38:18,06:38:20,1.5761900266148114
200,2,06:38:20,06:38:22,2.346523564660319
200,3,06:38:22,06:38:23,2.29128784747792
200,4,06:38:23,06:38:26,2.5495097567963922
200,5,06:38:26,06:38:27,1.5360257159305635
200,6,06:38:27,06:38:29,2.6434171674156266
200,7,06:38:29,06:38:31,1.7708197167232476
200,8,06:38:31,06:38:32,2.537222891273055
200,9,06:38:32,06:38:34,2.23606797749979
200,10,06:38:34,06:38:36,2.7810744326608736
200,11,06:38:36,06:38:37,2.4206145913796355
200,12,06:38:37,06:38:39,2.2878756522153907
200,13,06:38:39,06:38:41,1.9324531042175384
200,14,06:38:41,06:38:42,2.666341125962693
200,15,06:38:42,06:38:44,2.7357585785299112
200,16,06:38:44,06:38:46,2.23606797749979
200,17,06:38:46,06:38:48,1.996089927833914
200,18,06:38:48,06:38:49,2.1213203435596424
200,19,06:38:49,06:38:51,1.984313483298443
200,20,06:38:51,06:38:53,2.598076211353316
300,1,06:38:53,06:38:55,3.307189138830738
300,2,06:38:55,06:38:58,2.5708704751503917
300,3,06:38:58,06:39:00,2.48746859276655
300,4,06:39:00,06:39:02,2.0463381929681126
300,5,06:39:02,06:39:05,2.0463381929681126
300,6,06:39:05,06:39:08,1.4523687548277813
300,7,06:39:08,06:39:10,3.0
300,8,06:39:10,06:39:13,1.0897247358851685
300,9,06:39:13,06:39:15,2.0879116360612584
300,10,06:39:15,06:39:17,1.964529205687714
300,11,06:39:17,06:39:20,2.5860201081971503
300,12,06:39:20,06:39:22,2.9895651857753496
300,13,06:39:22,06:39:25,2.54644359843292
300,14,06:39:25,06:39:28,2.5708704751503917
300,15,06:39:28,06:39:30,1.4523687548277813
300,16,06:39:30,06:39:33,2.331844763272204
300,17,06:39:33,06:39:35,2.8476964374736293
300,18,06:39:35,06:39:37,2.496873044429772
300,19,06:39:37,06:39:40,1.9324531042175384
300,20,06:39:40,06:39:42,1.1110243021644486
400,1,06:39:42,06:39:45,2.2043990110685496
400,2,06:39:45,06:39:49,2.436698586202241
400,3,06:39:49,06:39:52,2.498979383505129
400,4,06:39:52,06:39:56,1.1989578808281798
400,5,06:39:56,06:39:59,2.8695600708122493
400,6,06:39:59,06:40:02,2.5860201081971503
400,7,06:40:02,06:40:05,1.3919410907075054
400,8,06:40:05,06:40:09,2.165063509461097
400,9,06:40:09,06:40:12,2.6427968139832467
400,10,06:40:12,06:40:16,2.2043990110685496
400,11,06:40:16,06:40:19,2.680951323690902
400,12,06:40:19,06:40:22,1.479019945774904
400,13,06:40:22,06:40:26,2.7357585785299112
400,14,06:40:26,06:40:29,2.2878756522153907
400,15,06:40:29,06:40:33,1.9116278371205837
400,16,06:40:33,06:40:36,2.436698586202241
400,17,06:40:36,06:40:40,3.1991209730174317
400,18,06:40:40,06:40:43,1.996089927833914
400,19,06:40:43,06:40:46,3.344772040064913
400,20,06:40:46,06:40:50,2.027159342528357
500,1,06:40:50,06:40:54,2.3979157616563596
500,2,06:40:54,06:40:59,2.3934065809486684
500,3,06:40:59,06:41:03,1.5761900266148114
500,4,06:41:03,06:41:07,3.0101867865293537
500,5,06:41:07,06:41:11,2.384848003542364
500,6,06:41:11,06:41:15,2.277608394786075
500,7,06:41:15,06:41:20,1.9324531042175384
500,8,06:41:20,06:41:24,1.964529205687714
500,9,06:41:24,06:41:29,1.8708286933869707
500,10,06:41:29,06:41:33,1.8666480653835098
500,11,06:41:33,06:41:37,2.277608394786075
500,12,06:41:37,06:41:42,2.341874249399399
500,13,06:41:42,06:41:46,2.8613807855648994
500,14,06:41:46,06:41:50,2.2043990110685496
500,15,06:41:50,06:41:55,2.315032397181517
500,16,06:41:55,06:41:59,2.027159342528357
500,17,06:41:59,06:42:04,2.528845928164676
500,18,06:42:04,06:42:08,1.927248223318863
500,19,06:42:08,06:42:12,2.331844763272204
500,20,06:42:12,06:42:16,2.2986845406196887
600,1,06:42:16,06:42:22,1.899835519196333
600,2,06:42:22,06:42:27,2.449489742783178
600,3,06:42:27,06:42:32,1.5811388300841898
600,4,06:42:32,06:42:38,2.29128784747792
600,5,06:42:38,06:42:43,1.964529205687714
600,6,06:42:43,06:42:48,1.7069212773041353
600,7,06:42:48,06:42:53,2.309401076758503
600,8,06:42:53,06:42:58,1.899835519196333
600,9,06:42:58,06:43:04,3.6550478793033614
600,10,06:43:04,06:43:09,1.996089927833914
600,11,06:43:09,06:43:14,1.7320508075688772
600,12,06:43:14,06:43:19,2.436698586202241
600,13,06:43:19,06:43:25,2.6851213274654606
600,14,06:43:25,06:43:30,1.8666480653835098
600,15,06:43:30,06:43:35,3.0347778408328137
600,16,06:43:35,06:43:40,2.057759704144291
600,17,06:43:40,06:43:46,2.726187588085622
600,18,06:43:46,06:43:51,2.6427968139832467
600,19,06:43:51,06:43:56,1.547598697464902
600,20,06:43:56,06:44:01,2.958039891549808
700,1,06:44:01,06:44:07,2.5579698740491867
700,2,06:44:07,06:44:13,1.299038105676658
700,3,06:44:13,06:44:19,2.7128168017763383
700,4,06:44:19,06:44:25,1.6393596310755
700,5,06:44:25,06:44:31,2.7838821814150108
700,6,06:44:31,06:44:36,2.2325713874364688
700,7,06:44:36,06:44:42,2.5495097567963922
700,8,06:44:42,06:44:49,2.2878756522153907
700,9,06:44:49,06:44:54,2.0879116360612584
700,10,06:44:54,06:45:00,2.54644359843292
700,11,06:45:00,06:45:07,1.3333333333333333
700,12,06:45:07,06:45:13,1.996089927833914
700,13,06:45:13,06:45:19,2.2603926650031405
700,14,06:45:19,06:45:24,2.595067436503337
700,15,06:45:24,06:45:31,1.8666480653835098
700,16,06:45:31,06:45:37,2.4206145913796355
700,17,06:45:37,06:45:42,2.9154759474226504
700,18,06:45:42,06:45:48,2.947456530637899
700,19,06:45:48,06:45:54,1.8856180831641267
700,20,06:45:54,06:46:00,2.436698586202241
800,1,06:46:00,06:46:06,2.666341125962693
800,2,06:46:06,06:46:13,2.165063509461097
800,3,06:46:13,06:46:20,1.8540496217739157
800,4,06:46:20,06:46:27,1.653594569415369
800,5,06:46:27,06:46:33,2.1469455046647083
800,6,06:46:33,06:46:40,2.70801280154532
800,7,06:46:40,06:46:47,1.9436506316151
800,8,06:46:47,06:46:53,3.112474899497183
800,9,06:46:53,06:47:00,2.368411915187052
800,10,06:47:00,06:47:07,2.9047375096555625
800,11,06:47:07,06:47:13,2.521780125229002
800,12,06:47:13,06:47:20,1.7320508075688772
800,13,06:47:20,06:47:27,1.5761900266148114
800,14,06:47:27,06:47:33,2.4462982238476156
800,15,06:47:33,06:47:40,1.7853571071357126
800,16,06:47:40,06:47:47,2.4393887111222385
800,17,06:47:47,06:47:53,2.0879116360612584
800,18,06:47:53,06:48:00,2.598076211353316
800,19,06:48:00,06:48:07,2.5
800,20,06:48:07,06:48:13,2.496873044429772
900,1,06:48:13,06:48:21,2.2325713874364688
900,2,06:48:21,06:48:29,2.1213203435596424
900,3,06:48:29,06:48:36,1.5612494995995996
900,4,06:48:36,06:48:43,2.897423291201177
900,5,06:48:43,06:48:51,2.331844763272204
900,6,06:48:51,06:48:58,1.5360257159305635
900,7,06:48:58,06:49:06,3.119995993587171
900,8,06:49:06,06:49:13,1.8027756377319946
900,9,06:49:13,06:49:21,2.496873044429772
900,10,06:49:21,06:49:28,1.984313483298443
900,11,06:49:28,06:49:36,3.0998991919093113
900,12,06:49:36,06:49:43,2.2603926650031405
900,13,06:49:43,06:49:50,1.79843682124227
900,14,06:49:50,06:49:58,1.5761900266148114
900,15,06:49:58,06:50:05,1.7261494247992248
900,16,06:50:05,06:50:13,2.1469455046647083
900,17,06:50:13,06:50:21,1.984313483298443
900,18,06:50:21,06:50:28,2.1487866228681907
900,19,06:50:28,06:50:35,2.368411915187052
900,20,06:50:35,06:50:43,2.117634293262177
1000,1,06:50:43,06:50:51,2.666341125962693
1000,2,06:50:51,06:50:59,2.0463381929681126
1000,3,06:50:59,06:51:08,2.384848003542364
1000,4,06:51:08,06:51:16,2.6427968139832467
1000,5,06:51:16,06:51:24,2.680951323690902
1000,6,06:51:24,06:51:33,2.449489742783178
1000,7,06:51:33,06:51:41,2.6339134382131846
1000,8,06:51:41,06:51:50,2.595067436503337
1000,9,06:51:50,06:51:58,2.331844763272204
1000,10,06:51:58,06:52:06,1.8540496217739157
1000,11,06:52:06,06:52:15,2.5860201081971503
1000,12,06:52:15,06:52:23,1.8666480653835098
1000,13,06:52:23,06:52:31,1.8328597873268975
1000,14,06:52:31,06:52:39,2.5708704751503917
1000,15,06:52:39,06:52:47,1.9364916731037085
1000,16,06:52:47,06:52:56,2.0879116360612584
1000,17,06:52:56,06:53:04,2.9154759474226504
1000,18,06:53:04,06:53:12,3.119995993587171
1000,19,06:53:12,06:53:21,2.5860201081971503
1000,20,06:53:21,06:53:29,2.0615528128088303
100,1,09:51:16,09:51:17,2.277608394786075
100,2,09:51:17,09:51:18,2.0879116360612584
100,3,09:51:18,09:51:19,2.1469455046647083
100,4,09:51:19,09:51:19,2.2587697572631282
100,5,09:51:19,09:51:20,2.2043990110685496
100,6,09:51:20,09:51:21,2.3147407395555177
100,7,09:51:21,09:51:22,2.0
100,8,09:51:22,09:51:23,2.912795049432761
100,9,09:51:23,09:51:24,2.23606797749979
100,10,09:51:24,09:51:24,2.6457513110645907
100,11,09:51:24,09:51:25,2.1065374432940898
100,12,09:51:25,09:51:26,2.692582403567252
100,13,09:51:26,09:51:28,2.70801280154532
100,14,09:51:28,09:51:28,2.7726341266023544
100,15,09:51:28,09:51:29,2.3934065809486684
100,16,09:51:29,09:51:30,2.0548046676563256
100,17,09:51:30,09:51:31,2.0
100,18,09:51:31,09:51:32,1.9324531042175384
100,19,09:51:32,09:51:33,2.277608394786075
100,20,09:51:33,09:51:34,2.5708704751503917
200,1,09:51:34,09:51:35,1.653594569415369
200,2,09:51:35,09:51:37,2.29128784747792
200,3,09:51:37,09:51:39,2.698879511442471
200,4,09:51:39,09:51:40,1.8708286933869707
200,5,09:51:40,09:51:42,2.8912583765550943
200,6,09:51:42,09:51:44,2.528845928164676
200,7,09:51:44,09:51:45,2.0463381929681126
200,8,09:51:45,09:51:47,2.595067436503337
200,9,09:51:47,09:51:49,1.6393596310755
200,10,09:51:49,09:51:50,1.984313483298443
200,11,09:51:50,09:51:52,1.6583123951777
200,12,09:51:52,09:51:54,1.5612494995995996
200,13,09:51:54,09:51:55,1.4142135623730951
200,14,09:51:55,09:51:58,3.0413812651491097
200,15,09:51:58,09:51:59,2.29128784747792
200,16,09:51:59,09:52:01,2.680951323690902
200,17,09:52:01,09:52:03,2.0879116360612584
200,18,09:52:03,09:52:05,1.6393596310755
200,19,09:52:05,09:52:06,2.2325713874364688
200,20,09:52:06,09:52:08,2.8912583765550943
300,1,09:52:08,09:52:10,2.1213203435596424
300,2,09:52:10,09:52:13,2.6851213274654606
300,3,09:52:13,09:52:16,2.394655507583502
300,4,09:52:16,09:52:18,1.7275343701356567
300,5,09:52:18,09:52:21,2.9047375096555625
300,6,09:52:21,09:52:23,3.0413812651491097
300,7,09:52:23,09:52:25,1.6393596310755
300,8,09:52:25,09:52:29,2.436698586202241
300,9,09:52:29,09:52:31,2.054804667656325
300,10,09:52:31,09:52:33,1.9436506316151
300,11,09:52:33,09:52:36,1.5811388300841898
300,12,09:52:36,09:52:38,2.8613807855648994
300,13,09:52:38,09:52:41,2.23606797749979
300,14,09:52:41,09:52:43,2.2325713874364688
300,15,09:52:43,09:52:46,2.341874249399399
300,16,09:52:46,09:52:48,1.984313483298443
300,17,09:52:48,09:52:51,2.98142396999972
300,18,09:52:51,09:52:53,2.23606797749979
300,19,09:52:53,09:52:56,2.958039891549808
300,20,09:52:56,09:52:58,1.3169567191065923
400,1,09:52:58,09:53:02,1.2686114456365274
400,2,09:53:02,09:53:05,2.8034576865007255
400,3,09:53:05,09:53:09,2.8722813232690143
400,4,09:53:09,09:53:12,2.7810744326608736
400,5,09:53:12,09:53:15,2.595067436503337
400,6,09:53:15,09:53:18,2.331844763272204
400,7,09:53:18,09:53:22,1.8027756377319946
400,8,09:53:22,09:53:25,1.9364916731037085
400,9,09:53:25,09:53:28,1.653594569415369
400,10,09:53:28,09:53:32,1.7633419974582356
400,11,09:53:32,09:53:36,2.1469455046647083
400,12,09:53:36,09:53:39,3.0388114452858046
400,13,09:53:39,09:53:42,1.5761900266148114
400,14,09:53:42,09:53:45,1.713913650100261
400,15,09:53:45,09:53:49,2.29128784747792
400,16,09:53:49,09:53:52,2.0615528128088303
400,17,09:53:52,09:53:55,1.9364916731037085
400,18,09:53:55,09:53:58,1.2686114456365274
400,19,09:53:58,09:54:03,2.4206145913796355
400,20,09:54:03,09:54:06,2.0
500,1,09:54:06,09:54:10,1.9324531042175384
500,2,09:54:10,09:54:14,2.4206145913796355
500,3,09:54:14,09:54:18,1.6393596310755
500,4,09:54:18,09:54:22,2.0879116360612584
500,5,09:54:22,09:54:26,1.7853571071357126
500,6,09:54:26,09:54:30,2.341874249399399
500,7,09:54:30,09:54:35,2.117634293262177
500,8,09:54:35,09:54:39,1.8324913891634047
500,9,09:54:39,09:54:43,2.0879116360612584
500,10,09:54:43,09:54:47,1.9324531042175384
500,11,09:54:47,09:54:52,2.0463381929681126
500,12,09:54:52,09:54:56,1.5
500,13,09:54:56,09:55:00,2.179449471770337
500,14,09:55:00,09:55:04,1.5761900266148114
500,15,09:55:04,09:55:09,2.345207879911715
500,16,09:55:09,09:55:13,1.7275343701356567
500,17,09:55:13,09:55:17,2.6339134382131846
500,18,09:55:17,09:55:22,3.39934634239519
500,19,09:55:22,09:55:26,1.6329931618554518
500,20,09:55:26,09:55:30,2.2043990110685496
600,1,09:55:30,09:55:35,2.8034576865007255
600,2,09:55:35,09:55:41,1.5761900266148114
600,3,09:55:41,09:55:45,1.8666480653835098
600,4,09:55:45,09:55:50,2.48746859276655
600,5,09:55:50,09:55:55,3.1598061649411346
600,6,09:55:55,09:56:00,2.454524670486058
600,7,09:56:00,09:56:05,2.726187588085622
600,8,09:56:05,09:56:11,2.2677868380553634
600,9,09:56:11,09:56:16,1.7633419974582356
600,10,09:56:16,09:56:21,2.394655507583502
600,11,09:56:21,09:56:26,2.6427968139832467
600,12,09:56:26,09:56:31,2.54644359843292
600,13,09:56:31,09:56:36,2.29128784747792
600,14,09:56:36,09:56:41,2.0463381929681126
600,15,09:56:41,09:56:47,2.2878756522153907
600,16,09:56:47,09:56:52,2.9764702249476644
600,17,09:56:52,09:56:57,2.629368792488718
600,18,09:56:57,09:57:02,1.79843682124227
600,19,09:57:02,09:57:07,1.8257418583505536
600,20,09:57:07,09:57:12,1.1110243021644486
700,1,09:57:12,09:57:18,2.6190408549696205
700,2,09:57:18,09:57:24,1.9364916731037085
700,3,09:57:24,09:57:29,2.8695600708122493
700,4,09:57:29,09:57:35,2.5
700,5,09:57:35,09:57:41,2.7397395568751004
700,6,09:57:41,09:57:47,2.2038926600773587
700,7,09:57:47,09:57:53,2.680951323690902
700,8,09:57:53,09:57:58,2.23606797749979
700,9,09:57:58,09:58:04,2.1469455046647083
700,10,09:58:04,09:58:10,1.3169567191065923
700,11,09:58:10,09:58:16,1.3228756555322954
700,12,09:58:16,09:58:22,2.341874249399399
700,13,09:58:22,09:58:27,3.2691742076555053
700,14,09:58:27,09:58:33,1.547598697464902
700,15,09:58:33,09:58:39,2.0879116360612584
700,16,09:58:39,09:58:45,2.9764702249476644
700,17,09:58:45,09:58:51,3.314268395890713
700,18,09:58:51,09:58:57,3.0998991919093113
700,19,09:58:57,09:59:02,1.6583123951777
700,20,09:59:02,09:59:08,3.031088913245535
800,1,09:59:08,09:59:15,2.817356917396161
800,2,09:59:15,09:59:22,2.2043990110685496
800,3,09:59:22,09:59:29,1.964529205687714
800,4,09:59:29,09:59:35,2.384848003542364
800,5,09:59:35,09:59:42,2.449489742783178
800,6,09:59:42,09:59:48,2.0
800,7,09:59:48,09:59:55,2.0879116360612584
800,8,09:59:55,10:00:02,2.29128784747792
800,9,10:00:02,10:00:08,2.345207879911715
800,10,10:00:08,10:00:15,1.479019945774904
800,11,10:00:15,10:00:21,2.4717149916606487
800,12,10:00:21,10:00:29,1.5811388300841898
800,13,10:00:29,10:00:35,1.2183492931011204
800,14,10:00:35,10:00:41,1.9324531042175384
800,15,10:00:42,10:00:48,1.479019945774904
800,16,10:00:48,10:00:55,1.8540496217739157
800,17,10:00:55,10:01:02,1.8666480653835098
800,18,10:01:02,10:01:08,2.7585095613392387
800,19,10:01:08,10:01:15,2.1758618981911515
800,20,10:01:15,10:01:21,2.912795049432761
900,1,10:01:21,10:01:29,2.222048604328897
900,2,10:01:29,10:01:37,2.958039891549808
900,3,10:01:37,10:01:44,3.276335605520289
900,4,10:01:44,10:01:51,1.899835519196333
900,5,10:01:51,10:01:59,2.23606797749979
900,6,10:01:59,10:02:07,3.0413812651491097
900,7,10:02:07,10:02:14,2.165954298846436
900,8,10:02:14,10:02:21,1.414213562373095
900,9,10:02:21,10:02:29,2.537222891273055
900,10,10:02:29,10:02:37,1.984313483298443
900,11,10:02:37,10:02:44,2.1065374432940898
900,12,10:02:44,10:02:51,2.469567863432541
900,13,10:02:51,10:02:59,2.222048604328897
900,14,10:02:59,10:03:07,2.165063509461097
900,15,10:03:07,10:03:14,2.5708704751503917
900,16,10:03:14,10:03:22,2.1213203435596424
900,17,10:03:22,10:03:29,2.394655507583502
900,18,10:03:29,10:03:37,2.6666666666666665
900,19,10:03:37,10:03:44,2.165063509461097
900,20,10:03:44,10:03:52,2.449489742783178
1000,1,10:03:52,10:04:00,1.7497795275581804
1000,2,10:04:00,10:04:09,2.1213203435596424
1000,3,10:04:09,10:04:17,2.222048604328897
1000,4,10:04:17,10:04:25,2.7838821814150108
1000,5,10:04:25,10:04:33,2.3979157616563596
1000,6,10:04:33,10:04:42,2.331844763272204
1000,7,10:04:42,10:04:51,2.7726341266023544
1000,8,10:04:51,10:04:59,2.4462982238476156
1000,9,10:04:59,10:05:07,2.8034576865007255
1000,10,10:05:07,10:05:16,1.3228756555322954
1000,11,10:05:16,10:05:24,2.598076211353316
1000,12,10:05:24,10:05:32,1.6583123951777
1000,13,10:05:32,10:05:41,2.1469455046647083
1000,14,10:05:41,10:05:50,2.610809554642438
1000,15,10:05:50,10:05:58,2.3979157616563596
1000,16,10:05:58,10:06:07,2.1189138534559038
1000,17,10:06:07,10:06:15,1.6909686573085854
1000,18,10:06:15,10:06:24,3.1598061649411346
1000,19,10:06:24,10:06:33,2.0615528128088303
1000,20,10:06:33,10:06:41,1.8027756377319946
100,1,13:05:32,13:05:33,1.4086784586980805
100,2,13:05:33,13:05:33,2.309401076758503
100,3,13:05:33,13:05:34,2.211083193570267
100,4,13:05:34,13:05:35,2.222048604328897
100,5,13:05:35,13:05:36,1.5761900266148114
100,6,13:05:36,13:05:37,2.496873044429772
100,7,13:05:37,13:05:37,1.0532687216470449
100,8,13:05:37,13:05:38,2.345207879911715
100,9,13:05:38,13:05:39,2.6190408549696205
100,10,13:05:39,13:05:40,1.8328597873268975
100,11,13:05:40,13:05:41,2.0
100,12,13:05:41,13:05:42,2.0
100,13,13:05:42,13:05:43,2.2325713874364688
100,14,13:05:43,13:05:43,2.2043990110685496
100,15,13:05:43,13:05:44,2.315032397181517
100,16,13:05:44,13:05:46,2.1758618981911515
100,17,13:05:46,13:05:47,2.0
100,18,13:05:47,13:05:48,3.119995993587171
100,19,13:05:48,13:05:49,2.331844763272204
100,20,13:05:49,13:05:49,1.964529205687714
200,1,13:05:49,13:05:51,2.7810744326608736
200,2,13:05:51,13:05:53,2.8674417556808756
200,3,13:05:53,13:05:54,2.54644359843292
200,4,13:05:54,13:05:56,2.496873044429772
200,5,13:05:56,13:05:58,1.920286436967152
200,6,13:05:58,13:05:59,2.2603926650031405
200,7,13:05:59,13:06:01,2.7726341266023544
200,8,13:06:01,13:06:03,2.4462982238476156
200,9,13:06:03,13:06:05,1.6909686573085854
200,10,13:06:05,13:06:06,2.8034576865007255
200,11,13:06:06,13:06:08,2.394655507583502
200,12,13:06:08,13:06:10,2.23606797749979
200,13,13:06:10,13:06:11,1.8540496217739157
200,14,13:06:11,13:06:13,1.6329931618554518
200,15,13:06:13,13:06:15,2.315032397181517
200,16,13:06:15,13:06:16,2.449489742783178
200,17,13:06:16,13:06:18,2.7357585785299112
200,18,13:06:18,13:06:20,2.6427968139832467
200,19,13:06:20,13:06:21,2.0879116360612584
200,20,13:06:21,13:06:23,2.7585095613392387
300,1,13:06:23,13:06:25,1.79843682124227
300,2,13:06:25,13:06:29,1.8328597873268975
300,3,13:06:29,13:06:31,1.5360257159305635
300,4,13:06:31,13:06:33,2.598076211353316
300,5,13:06:33,13:06:36,2.6457513110645907
300,6,13:06:36,13:06:38,2.494438257849294
300,7,13:06:38,13:06:41,1.3228756555322954
300,8,13:06:41,13:06:43,2.7810744326608736
300,9,13:06:43,13:06:45,2.8256636388643286
300,10,13:06:45,13:06:48,2.1065374432940898
300,11,13:06:48,13:06:50,2.5708704751503917
300,12,13:06:50,13:06:53,2.5708704751503917
300,13,13:06:53,13:06:56,2.5141574442188355
300,14,13:06:56,13:06:58,1.920286436967152
300,15,13:06:58,13:07:01,2.9154759474226504
300,16,13:07:01,13:07:03,2.384848003542364
300,17,13:07:03,13:07:06,1.5360257159305635
300,18,13:07:06,13:07:09,2.2043990110685496
300,19,13:07:09,13:07:12,2.8613807855648994
300,20,13:07:12,13:07:14,2.0879116360612584
400,1,13:07:14,13:07:18,2.806517986736686
400,2,13:07:18,13:07:21,2.537222891273055
400,3,13:07:21,13:07:24,2.0615528128088303
400,4,13:07:24,13:07:28,2.054804667656325
400,5,13:07:28,13:07:31,2.598076211353316
400,6,13:07:31,13:07:34,2.117634293262177
400,7,13:07:34,13:07:38,2.1213203435596424
400,8,13:07:38,13:07:41,2.3979157616563596
400,9,13:07:41,13:07:44,1.713913650100261
400,10,13:07:44,13:07:48,2.817356917396161
400,11,13:07:48,13:07:51,1.8724777273725242
400,12,13:07:51,13:07:55,2.345207879911715
400,13,13:07:55,13:07:59,1.479019945774904
400,14,13:07:59,13:08:02,2.5
400,15,13:08:02,13:08:05,2.2603926650031405
400,16,13:08:05,13:08:08,1.899835519196333
400,17,13:08:08,13:08:12,2.4462982238476156
400,18,13:08:12,13:08:15,2.449489742783178
400,19,13:08:15,13:08:18,2.057759704144291
400,20,13:08:18,13:08:21,2.0995626366712954
500,1,13:08:21,13:08:25,1.8666480653835098
500,2,13:08:25,13:08:29,2.2166597048066667
500,3,13:08:29,13:08:34,2.958039891549808
500,4,13:08:34,13:08:39,1.899835519196333
500,5,13:08:39,13:08:43,2.345207879911715
500,6,13:08:43,13:08:47,2.3778816176702997
500,7,13:08:47,13:08:52,2.5579698740491863
500,8,13:08:52,13:08:56,2.277608394786075
500,9,13:08:56,13:09:00,2.1213203435596424
500,10,13:09:00,13:09:04,2.5
500,11,13:09:04,13:09:08,2.341874249399399
500,12,13:09:08,13:09:12,2.211083193570267
500,13,13:09:12,13:09:16,1.6153559979150107
500,14,13:09:16,13:09:21,1.4523687548277813
500,15,13:09:21,13:09:25,1.118033988749895
500,16,13:09:25,13:09:29,2.0463381929681126
500,17,13:09:29,13:09:33,2.595067436503337
500,18,13:09:33,13:09:37,2.9341736485763756
500,19,13:09:37,13:09:41,1.5360257159305635
500,20,13:09:41,13:09:45,2.9764702249476644
600,1,13:09:45,13:09:50,2.496873044429772
600,2,13:09:50,13:09:55,2.666341125962693
600,3,13:09:55,13:10:00,2.160246899469287
600,4,13:10:00,13:10:06,2.384848003542364
600,5,13:10:06,13:10:11,2.817356917396161
600,6,13:10:11,13:10:16,2.117634293262177
600,7,13:10:16,13:10:21,2.4717149916606487
600,8,13:10:21,13:10:25,2.8722813232690143
600,9,13:10:25,13:10:30,2.0879116360612584
600,10,13:10:30,13:10:35,1.8121673811444545
600,11,13:10:35,13:10:40,2.54644359843292
600,12,13:10:40,13:10:46,1.6583123951777
600,13,13:10:46,13:10:51,1.8708286933869707
600,14,13:10:51,13:10:56,2.384848003542364
600,15,13:10:56,13:11:01,2.521780125229002
600,16,13:11:01,13:11:06,2.0463381929681126
600,17,13:11:06,13:11:11,2.384848003542364
600,18,13:11:11,13:11:16,2.5475077857324298
600,19,13:11:16,13:11:20,2.027159342528357
600,20,13:11:20,13:11:25,2.2043990110685496
700,1,13:11:25,13:11:32,2.165063509461097
700,2,13:11:32,13:11:38,2.7810744326608736
700,3,13:11:38,13:11:43,2.0879116360612584
700,4,13:11:43,13:11:49,1.8666480653835098
700,5,13:11:49,13:11:54,1.920286436967152
700,6,13:11:54,13:12:01,2.7128168017763383
700,7,13:12:01,13:12:06,2.1469455046647083
700,8,13:12:06,13:12:13,2.2325713874364688
700,9,13:12:13,13:12:19,2.6190408549696205
700,10,13:12:19,13:12:25,2.692582403567252
700,11,13:12:25,13:12:31,2.160246899469287
700,12,13:12:31,13:12:37,2.341874249399399
700,13,13:12:37,13:12:42,2.3979157616563596
700,14,13:12:42,13:12:48,1.7853571071357126
700,15,13:12:48,13:12:54,1.713913650100261
700,16,13:12:54,13:13:01,1.299038105676658
700,17,13:13:01,13:13:07,2.0879116360612584
700,18,13:13:07,13:13:13,2.680951323690902
700,19,13:13:13,13:13:18,1.7853571071357126
700,20,13:13:18,13:13:24,2.1469455046647083
800,1,13:13:24,13:13:31,1.996089927833914
800,2,13:13:31,13:13:37,2.449489742783178
800,3,13:13:37,13:13:45,2.7357585785299112
800,4,13:13:45,13:13:52,1.9324531042175384
800,5,13:13:52,13:13:58,2.817356917396161
800,6,13:13:58,13:14:05,1.8666480653835098
800,7,13:14:05,13:14:12,1.479019945774904
800,8,13:14:12,13:14:18,1.984313483298443
800,9,13:14:18,13:14:26,2.5495097567963922
800,10,13:14:26,13:14:33,1.4907119849998596
800,11,13:14:33,13:14:39,2.2878756522153907
800,12,13:14:39,13:14:46,1.3169567191065923
800,13,13:14:46,13:14:53,1.7708197167232476
800,14,13:14:53,13:14:59,2.165063509461097
800,15,13:14:59,13:15:06,2.5495097567963922
800,16,13:15:06,13:15:14,2.0879116360612584
800,17,13:15:14,13:15:20,1.996089927833914
800,18,13:15:20,13:15:27,2.960647243216495
800,19,13:15:27,13:15:33,2.2043990110685496
800,20,13:15:33,13:15:40,2.1758618981911515
900,1,13:15:40,13:15:48,2.6896793489187516
900,2,13:15:48,13:15:56,2.315032397181517
900,3,13:15:56,13:16:04,2.0615528128088303
900,4,13:16:04,13:16:11,1.8540496217739157
900,5,13:16:11,13:16:19,2.331844763272204
900,6,13:16:19,13:16:26,1.3919410907075054
900,7,13:16:26,13:16:34,2.496873044429772
900,8,13:16:34,13:16:42,2.315032397181517
900,9,13:16:42,13:16:50,1.1110243021644486
900,10,13:16:50,13:16:57,1.8328597873268975
900,11,13:16:57,13:17:05,2.601044424604361
900,12,13:17:05,13:17:12,2.309401076758503
900,13,13:17:12,13:17:20,1.8708286933869707
900,14,13:17:20,13:17:28,3.2185982973959333
900,15,13:17:28,13:17:36,2.165063509461097
900,16,13:17:36,13:17:43,2.368411915187052
900,17,13:17:43,13:17:51,2.7810744326608736
900,18,13:17:51,13:17:58,2.394655507583502
900,19,13:17:58,13:18:06,2.345207879911715
900,20,13:18:06,13:18:14,2.6457513110645907
1000,1,13:18:14,13:18:23,2.4717149916606487
1000,2,13:18:23,13:18:31,1.4947825928876748
1000,3,13:18:31,13:18:39,1.920286436967152
1000,4,13:18:39,13:18:48,1.7320508075688772
1000,5,13:18:48,13:18:57,2.6666666666666665
1000,6,13:18:57,13:19:05,2.341874249399399
1000,7,13:19:05,13:19:13,3.0
1000,8,13:19:13,13:19:22,2.4462982238476156
1000,9,13:19:22,13:19:30,2.1065374432940898
1000,10,13:19:30,13:19:39,2.117634293262177
1000,11,13:19:39,13:19:47,1.713913650100261
1000,12,13:19:47,13:19:56,2.331844763272204
1000,13,13:19:56,13:20:04,2.341874249399399
1000,14,13:20:04,13:20:13,3.0388114452858046
1000,15,13:20:13,13:20:22,2.222048604328897
1000,16,13:20:22,13:20:30,1.5612494995995996
1000,17,13:20:30,13:20:39,2.315032397181517
1000,18,13:20:39,13:20:47,2.394655507583502
1000,19,13:20:47,13:20:55,2.692582403567252
1000,20,13:20:55,13:21:03,2.277608394786075
100,1,16:18:29,16:18:30,2.8034576865007255
100,2,16:18:30,16:18:31,2.309401076758503
100,3,16:18:31,16:18:32,2.1065374432940898
100,4,16:18:32,16:18:32,1.1989578808281798
100,5,16:18:32,16:18:33,2.0
100,6,16:18:33,16:18:34,1.6153559979150107
100,7,16:18:34,16:18:35,2.166535841157586
100,8,16:18:35,16:18:36,2.165063509461097
100,9,16:18:36,16:18:37,2.48746859276655
100,10,16:18:37,16:18:37,1.920286436967152
100,11,16:18:37,16:18:38,1.5612494995995996
100,12,16:18:38,16:18:39,1.9324531042175384
100,13,16:18:39,16:18:40,2.341874249399399
100,14,16:18:40,16:18:41,2.117634293262177
100,15,16:18:41,16:18:42,2.117634293262177
100,16,16:18:42,16:18:43,2.7838821814150108
100,17,16:18:43,16:18:43,2.341874249399399
100,18,16:18:43,16:18:44,2.4037008503093262
100,19,16:18:44,16:18:45,2.0879116360612584
100,20,16:18:45,16:18:46,2.027159342528357
200,1,16:18:46,16:18:48,1.9364916731037085
200,2,16:18:48,16:18:49,2.394655507583502
200,3,16:18:49,16:18:51,2.9341736485763756
200,4,16:18:51,16:18:53,1.224744871391589
200,5,16:18:53,16:18:54,2.7261875880856214
200,6,16:18:54,16:18:56,2.5385910352879697
200,7,16:18:56,16:18:58,2.29128784747792
200,8,16:18:58,16:19:01,2.394655507583502
200,9,16:19:01,16:19:02,2.8034576865007255
200,10,16:19:02,16:19:04,2.666341125962693
200,11,16:19:04,16:19:06,2.6457513110645907
200,12,16:19:06,16:19:07,2.2043990110685496
200,13,16:19:07,16:19:09,2.2878756522153907
200,14,16:19:09,16:19:11,1.9499920860871383
200,15,16:19:11,16:19:13,2.7271780286589284
200,16,16:19:13,16:19:14,2.345207879911715
200,17,16:19:14,16:19:16,2.7357585785299112
200,18,16:19:16,16:19:18,1.6153559979150107
200,19,16:19:18,16:19:19,2.6573912762447547
200,20,16:19:19,16:19:21,2.277608394786075
300,1,16:19:21,16:19:24,2.6427968139832467
300,2,16:19:24,16:19:26,2.7838821814150108
300,3,16:19:26,16:19:29,2.345207879911715
300,4,16:19:29,16:19:31,1.5
300,5,16:19:31,16:19:34,2.6339134382131846
300,6,16:19:34,16:19:36,3.0998991919093113
300,7,16:19:36,16:19:39,2.4462982238476156
300,8,16:19:39,16:19:41,2.23606797749979
300,9,16:19:41,16:19:44,2.8256636388643286
300,10,16:19:44,16:19:47,2.341874249399399
300,11,16:19:47,16:19:49,1.5761900266148114
300,12,16:19:49,16:19:52,2.0463381929681126
300,13,16:19:52,16:19:54,2.1213203435596424
300,14,16:19:54,16:19:58,2.23606797749979
300,15,16:19:58,16:20:01,2.0879116360612584
300,16,16:20:01,16:20:03,1.8666480653835098
300,17,16:20:03,16:20:06,2.368411915187052
300,18,16:20:06,16:20:08,2.7726341266023544
300,19,16:20:08,16:20:11,2.5860201081971503
300,20,16:20:11,16:20:13,2.666341125962693
400,1,16:20:13,16:20:17,2.23606797749979
400,2,16:20:17,16:20:20,2.1758618981911515
400,3,16:20:20,16:20:23,2.5
400,4,16:20:23,16:20:27,1.899835519196333
400,5,16:20:27,16:20:30,2.6190408549696205
400,6,16:20:30,16:20:33,1.5761900266148114
400,7,16:20:33,16:20:37,1.9364916731037085
400,8,16:20:37,16:20:40,2.54644359843292
400,9,16:20:40,16:20:43,2.7726341266023544
400,10,16:20:43,16:20:47,2.0879116360612584
400,11,16:20:47,16:20:50,2.7128168017763383
400,12,16:20:50,16:20:55,2.5579698740491863
400,13,16:20:55,16:20:58,2.753224820747526
400,14,16:20:58,16:21:02,2.1758618981911515
400,15,16:21:02,16:21:05,3.292340531117567
400,16,16:21:05,16:21:09,2.912795049432761
400,17,16:21:09,16:21:12,2.6339134382131846
400,18,16:21:12,16:21:15,1.7320508075688772
400,19,16:21:15,16:21:19,1.6909686573085854
400,20,16:21:19,16:21:22,2.2878756522153907
500,1,16:21:22,16:21:26,1.224744871391589
500,2,16:21:26,16:21:30,2.6896793489187516
500,3,16:21:30,16:21:35,1.5612494995995996
500,4,16:21:35,16:21:39,2.5579698740491867
500,5,16:21:39,16:21:43,2.48746859276655
500,6,16:21:43,16:21:47,2.3979157616563596
500,7,16:21:47,16:21:53,2.598076211353316
500,8,16:21:53,16:21:57,1.7320508075688772
500,9,16:21:57,16:22:01,2.0
500,10,16:22:01,16:22:05,2.0463381929681126
500,11,16:22:05,16:22:09,2.182986967154278
500,12,16:22:09,16:22:14,2.277608394786075
500,13,16:22:14,16:22:18,2.2043990110685496
500,14,16:22:18,16:22:22,2.315032397181517
500,15,16:22:22,16:22:27,2.5495097567963922
500,16,16:22:27,16:22:31,1.9324531042175384
500,17,16:22:31,16:22:35,3.366501646120693
500,18,16:22:35,16:22:39,2.315032397181517
500,19,16:22:39,16:22:43,2.165063509461097
500,20,16:22:43,16:22:49,1.899835519196333
600,1,16:22:49,16:22:54,1.9364916731037085
600,2,16:22:54,16:22:59,3.112474899497183
600,3,16:22:59,16:23:04,2.179449471770337
600,4,16:23:04,16:23:09,2.6339134382131846
600,5,16:23:09,16:23:14,2.222048604328897
600,6,16:23:14,16:23:19,1.984313483298443
600,7,16:23:19,16:23:24,2.277608394786075
600,8,16:23:24,16:23:29,2.595067436503337
600,9,16:23:29,16:23:35,2.0463381929681126
600,10,16:23:35,16:23:40,1.8708286933869707
600,11,16:23:40,16:23:45,1.8540496217739157
600,12,16:23:45,16:23:51,1.118033988749895
600,13,16:23:51,16:23:56,1.7275343701356567
600,14,16:23:56,16:24:01,2.8846122190549264
600,15,16:24:01,16:24:06,2.341874249399399
600,16,16:24:06,16:24:11,1.9116278371205837
600,17,16:24:11,16:24:16,2.2986845406196887
600,18,16:24:16,16:24:21,1.8525924445036739
600,19,16:24:21,16:24:26,1.6583123951777
600,20,16:24:26,16:24:31,2.260776661041756
700,1,16:24:31,16:24:37,2.436698586202241
700,2,16:24:37,16:24:43,2.4462982238476156
700,3,16:24:43,16:24:50,2.0463381929681126
700,4,16:24:50,16:24:56,1.6153559979150107
700,5,16:24:56,16:25:02,2.4462982238476156
700,6,16:25:02,16:25:08,2.368411915187052
700,7,16:25:08,16:25:14,2.4462982238476156
700,8,16:25:14,16:25:19,2.6896793489187516
700,9,16:25:19,16:25:25,1.984313483298443
700,10,16:25:25,16:25:31,2.54644359843292
700,11,16:25:31,16:25:37,2.5495097567963922
700,12,16:25:37,16:25:44,1.8328597873268975
700,13,16:25:44,16:25:50,2.3979157616563596
700,14,16:25:50,16:25:56,2.5819888974716116
700,15,16:25:56,16:26:02,1.5811388300841898
700,16,16:26:02,16:26:08,2.384848003542364
700,17,16:26:08,16:26:14,2.436698586202241
700,18,16:26:14,16:26:20,2.0879116360612584
700,19,16:26:20,16:26:25,2.0
700,20,16:26:25,16:26:31,2.4206145913796355
800,1,16:26:31,16:26:38,3.3166247903554
800,2,16:26:38,16:26:46,2.027159342528357
800,3,16:26:46,16:26:53,1.8328597873268975
800,4,16:26:53,16:27:00,2.0879116360612584
800,5,16:27:00,16:27:06,1.3635890143294642
800,6,16:27:06,16:27:13,1.8294640678379568
800,7,16:27:13,16:27:20,1.6909686573085854
800,8,16:27:20,16:27:27,2.29128784747792
800,9,16:27:27,16:27:34,1.224744871391589
800,10,16:27:34,16:27:42,2.7726341266023544
800,11,16:27:42,16:27:48,1.479019945774904
800,12,16:27:48,16:27:55,1.8540496217739157
800,13,16:27:55,16:28:02,1.920286436967152
800,14,16:28:02,16:28:09,2.4462982238476156
800,15,16:28:09,16:28:15,2.598076211353316
800,16,16:28:15,16:28:22,2.1065374432940898
800,17,16:28:22,16:28:30,2.5708704751503917
800,18,16:28:30,16:28:37,2.222048604328897
800,19,16:28:37,16:28:45,1.899835519196333
800,20,16:28:45,16:28:51,1.9876159799998128
900,1,16:28:51,16:28:59,2.5
900,2,16:28:59,16:29:07,3.082207001484488
900,3,16:29:07,16:29:14,2.117634293262177
900,4,16:29:14,16:29:22,3.122498999199199
900,5,16:29:22,16:29:29,2.117634293262177
900,6,16:29:29,16:29:37,1.5761900266148114
900,7,16:29:37,16:29:46,2.331844763272204
900,8,16:29:46,16:29:53,2.537222891273055
900,9,16:29:53,16:30:01,2.222048604328897
900,10,16:30:01,16:30:08,1.8027756377319946
900,11,16:30:08,16:30:16,1.699673171197595
900,12,16:30:16,16:30:24,2.384848003542364
900,13,16:30:24,16:30:31,2.496873044429772
900,14,16:30:31,16:30:40,1.1989578808281798
900,15,16:30:40,16:30:48,2.8722813232690143
900,16,16:30:48,16:30:55,2.4717149916606487
900,17,16:30:55,16:31:02,3.1622776601683795
900,18,16:31:02,16:31:09,2.117634293262177
900,19,16:31:09,16:31:16,1.5360257159305635
900,20,16:31:16,16:31:24,2.7357585785299112
1000,1,16:31:24,16:31:32,2.394655507583502
1000,2,16:31:32,16:31:41,2.598076211353316
1000,3,16:31:41,16:31:49,1.899835519196333
1000,4,16:31:49,16:31:57,3.0
1000,5,16:31:57,16:32:05,2.384848003542364
1000,6,16:32:05,16:32:13,2.0615528128088303
1000,7,16:32:13,16:32:21,2.48746859276655
1000,8,16:32:21,16:32:29,1.984313483298443
1000,9,16:32:29,16:32:38,2.0
1000,10,16:32:38,16:32:46,1.7275343701356567
1000,11,16:32:46,16:32:54,1.7275343701356567
1000,12,16:32:54,16:33:02,2.341874249399399
1000,13,16:33:02,16:33:10,1.984313483298443
1000,14,16:33:10,16:33:18,1.653594569415369
1000,15,16:33:18,16:33:27,1.852592444503674
1000,16,16:33:27,16:33:35,2.521780125229002
1000,17,16:33:35,16:33:43,2.9154759474226504
1000,18,16:33:43,16:33:52,1.920286436967152
1000,19,16:33:52,16:34:00,1.79843682124227
1000,20,16:34:00,16:34:08,2.2878756522153907
100,1,19:31:24,19:31:25,1.4523687548277813
100,2,19:31:25,19:31:25,2.8476964374736293
100,3,19:31:25,19:31:26,2.2325713874364688
100,4,19:31:26,19:31:27,2.331844763272204
100,5,19:31:27,19:31:28,2.027159342528357
100,6,19:31:28,19:31:29,1.964529205687714
100,7,19:31:29,19:31:29,2.817356917396161
100,8,19:31:29,19:31:30,2.958039891549808
100,9,19:31:30,19:31:31,2.692582403567252
100,10,19:31:31,19:31:32,1.4142135623730951
100,11,19:31:32,19:31:33,2.521780125229002
100,12,19:31:33,19:31:33,2.9341736485763756
100,13,19:31:33,19:31:34,2.537222891273055
100,14,19:31:34,19:31:35,1.920286436967152
100,15,19:31:35,19:31:36,1.713913650100261
100,16,19:31:36,19:31:37,2.496873044429772
100,17,19:31:37,19:31:37,1.3919410907075054
100,18,19:31:37,19:31:38,1.0897247358851685
100,19,19:31:38,19:31:39,2.657391276244755
100,20,19:31:39,19:31:40,3.2379584617471546
200,1,19:31:40,19:31:42,2.1213203435596424
200,2,19:31:42,19:31:43,2.2043990110685496
200,3,19:31:43,19:31:45,1.8708286933869707
200,4,19:31:45,19:31:46,1.7320508075688772
200,5,19:31:46,19:31:48,2.331844763272204
200,6,19:31:48,19:31:50,2.1213203435596424
200,7,19:31:50,19:31:51,1.899835519196333
200,8,19:31:51,19:31:53,2.6427968139832467
200,9,19:31:53,19:31:54,2.179449471770337
200,10,19:31:54,19:31:56,2.027159342528357
200,11,19:31:56,19:31:58,2.494438257849294
200,12,19:31:58,19:31:59,2.7271780286589284
200,13,19:31:59,19:32:01,1.8027756377319946
200,14,19:32:01,19:32:03,2.598076211353316
200,15,19:32:03,19:32:04,2.394655507583502
200,16,19:32:04,19:32:06,2.345207879911715
200,17,19:32:06,19:32:08,2.6457513110645907
200,18,19:32:08,19:32:09,1.5761900266148114
200,19,19:32:09,19:32:11,2.3979157616563596
200,20,19:32:11,19:32:13,1.6393596310755
300,1,19:32:13,19:32:15,2.277608394786075
300,2,19:32:15,19:32:18,2.8588178511708016
300,3,19:32:18,19:32:20,1.7275343701356567
300,4,19:32:20,19:32:24,2.5708704751503917
300,5,19:32:24,19:32:26,1.9116278371205837
300,6,19:32:26,19:32:29,2.958039891549808
300,7,19:32:29,19:32:31,2.165063509461097
300,8,19:32:31,19:32:34,2.1758618981911515
300,9,19:32:34,19:32:36,1.165922381636102
300,10,19:32:36,19:32:38,1.4947825928876748
300,11,19:32:38,19:32:41,2.1469455046647083
300,12,19:32:41,19:32:43,2.1758618981911515
300,13,19:32:43,19:32:45,2.0463381929681126
300,14,19:32:45,19:32:48,1.0532687216470449
300,15,19:32:48,19:32:50,2.8034576865007255
300,16,19:32:50,19:32:53,2.4462982238476156
300,17,19:32:53,19:32:55,2.057759704144291
300,18,19:32:55,19:32:57,1.713913650100261
300,19,19:32:57,19:33:00,1.5475986974649023
300,20,19:33:00,19:33:02,2.8284271247461903
400,1,19:33:02,19:33:05,2.3094010767585034
400,2,19:33:05,19:33:09,1.6583123951777
400,3,19:33:09,19:33:12,2.537222891273055
400,4,19:33:12,19:33:15,2.1758618981911515
400,5,19:33:15,19:33:18,2.29128784747792
400,6,19:33:18,19:33:21,2.29128784747792
400,7,19:33:21,19:33:24,1.5360257159305635
400,8,19:33:24,19:33:28,2.7386127875258306
400,9,19:33:28,19:33:33,2.027159342528357
400,10,19:33:33,19:33:36,1.920286436967152
400,11,19:33:36,19:33:39,1.8724777273725242
400,12,19:33:39,19:33:42,2.7261875880856214
400,13,19:33:42,19:33:46,2.2043990110685496
400,14,19:33:46,19:33:49,2.817356917396161
400,15,19:33:49,19:33:52,2.027159342528357
400,16,19:33:52,19:33:55,1.713913650100261
400,17,19:33:55,19:33:58,2.1758618981911515
400,18,19:33:58,19:34:02,2.2878756522153907
400,19,19:34:02,19:34:05,2.368411915187052
400,20,19:34:05,19:34:08,1.920286436967152
500,1,19:34:08,19:34:12,2.521780125229002
500,2,19:34:12,19:34:16,2.960647243216495
500,3,19:34:16,19:34:20,1.8708286933869707
500,4,19:34:20,19:34:24,2.2325713874364688
500,5,19:34:24,19:34:28,2.222048604328897
500,6,19:34:28,19:34:32,1.996089927833914
500,7,19:34:32,19:34:36,2.29128784747792
500,8,19:34:36,19:34:42,2.8613807855648994
500,9,19:34:42,19:34:46,2.165063509461097
500,10,19:34:46,19:34:50,1.479019945774904
500,11,19:34:50,19:34:54,1.7633419974582356
500,12,19:34:54,19:34:58,2.6427968139832467
500,13,19:34:58,19:35:02,1.79843682124227
500,14,19:35:02,19:35:06,2.2878756522153907
500,15,19:35:06,19:35:10,1.996089927833914
500,16,19:35:10,19:35:14,2.179449471770337
500,17,19:35:14,19:35:18,1.8540496217739157
500,18,19:35:18,19:35:22,2.4717149916606487
500,19,19:35:22,19:35:26,2.160246899469287
500,20,19:35:26,19:35:30,2.057759704144291
600,1,19:35:30,19:35:34,2.0615528128088303
600,2,19:35:34,19:35:39,1.996089927833914
600,3,19:35:39,19:35:44,2.598076211353316
600,4,19:35:44,19:35:49,1.7633419974582356
600,5,19:35:49,19:35:55,2.7585095613392387
600,6,19:35:55,19:36:00,2.4717149916606487
600,7,19:36:00,19:36:05,1.8027756377319946
600,8,19:36:05,19:36:10,2.4206145913796355
600,9,19:36:10,19:36:15,2.3570226039551585
600,10,19:36:15,19:36:20,2.449489742783178
600,11,19:36:20,19:36:24,2.182986967154278
600,12,19:36:24,19:36:29,2.496873044429772
600,13,19:36:29,19:36:34,2.8695600708122493
600,14,19:36:34,19:36:39,2.341874249399399
600,15,19:36:39,19:36:44,2.315032397181517
600,16,19:36:44,19:36:49,2.29128784747792
600,17,19:36:49,19:36:53,2.7125679146074893
600,18,19:36:53,19:36:58,3.418698582794336
600,19,19:36:58,19:37:05,2.165063509461097
600,20,19:37:05,19:37:10,2.2043990110685496
700,1,19:37:10,19:37:15,1.9324531042175384
700,2,19:37:15,19:37:21,2.595067436503337
700,3,19:37:21,19:37:27,2.23606797749979
700,4,19:37:27,19:37:32,2.341874249399399
700,5,19:37:32,19:37:38,2.595067436503337
700,6,19:37:38,19:37:43,2.0615528128088303
700,7,19:37:43,19:37:49,1.8666480653835098
700,8,19:37:49,19:37:54,2.5
700,9,19:37:54,19:38:00,2.947456530637899
700,10,19:38:00,19:38:06,2.9764702249476644
700,11,19:38:06,19:38:13,1.6153559979150107
700,12,19:38:13,19:38:19,1.4947825928876748
700,13,19:38:19,19:38:24,2.9154759474226504
700,14,19:38:24,19:38:30,2.0615528128088303
700,15,19:38:30,19:38:35,2.436698586202241
700,16,19:38:35,19:38:41,2.345207879911715
700,17,19:38:41,19:38:47,2.7271780286589284
700,18,19:38:47,19:38:52,1.5612494995995996
700,19,19:38:52,19:38:58,2.922876986214646
700,20,19:38:58,19:39:03,2.7810744326608736
800,1,19:39:03,19:39:10,2.341874249399399
800,2,19:39:10,19:39:16,2.179449471770337
800,3,19:39:16,19:39:24,2.23606797749979
800,4,19:39:24,19:39:30,2.4993826398226653
800,5,19:39:30,19:39:37,1.8708286933869707
800,6,19:39:37,19:39:43,1.7320508075688772
800,7,19:39:43,19:39:50,1.79843682124227
800,8,19:39:50,19:39:56,2.368411915187052
800,9,19:39:56,19:40:03,2.6457513110645907
800,10,19:40:03,19:40:09,1.8540496217739157
800,11,19:40:09,19:40:16,2.1065374432940898
800,12,19:40:16,19:40:22,2.6851213274654606
800,13,19:40:22,19:40:28,1.920286436967152
800,14,19:40:28,19:40:36,1.5
800,15,19:40:36,19:40:43,2.7585095613392387
800,16,19:40:43,19:40:49,2.096440251568134
800,17,19:40:49,19:40:56,2.8458329944145997
800,18,19:40:56,19:41:02,2.748737083745107
800,19,19:41:02,19:41:08,1.4523687548277813
800,20,19:41:08,19:41:15,1.8708286933869707
900,1,19:41:15,19:41:22,2.4717149916606487
900,2,19:41:22,19:41:29,1.0
900,3,19:41:29,19:41:36,2.9973947020704497
900,4,19:41:36,19:41:45,1.1110243021644486
900,5,19:41:45,19:41:52,1.165922381636102
900,6,19:41:52,19:42:00,1.996089927833914
900,7,19:42:00,19:42:07,2.8034576865007255
900,8,19:42:07,19:42:14,1.996089927833914
900,9,19:42:14,19:42:22,2.368411915187052
900,10,19:42:22,19:42:29,1.479019945774904
900,11,19:42:29,19:42:36,2.629368792488718
900,12,19:42:36,19:42:43,2.9047375096555625
900,13,19:42:43,19:42:51,3.0
900,14,19:42:51,19:43:00,2.1065374432940898
900,15,19:43:00,19:43:07,2.8476964374736293
900,16,19:43:07,19:43:14,2.9895651857753496
900,17,19:43:14,19:43:21,2.29128784747792
900,18,19:43:21,19:43:28,2.7357585785299112
900,19,19:43:28,19:43:35,3.152380053229623
900,20,19:43:35,19:43:43,2.0879116360612584
1000,1,19:43:43,19:43:50,1.479019945774904
1000,2,19:43:50,19:43:58,3.018174116912409
1000,3,19:43:58,19:44:08,0.82915619758885
1000,4,19:44:08,19:44:16,2.521780125229002
1000,5,19:44:16,19:44:24,1.9116278371205837
1000,6,19:44:24,19:44:32,3.119995993587171
1000,7,19:44:32,19:44:40,2.537222891273055
1000,8,19:44:40,19:44:48,1.5360257159305635
1000,9,19:44:48,19:44:56,1.964529205687714
1000,10,19:44:56,19:45:04,2.1469455046647083
1000,11,19:45:04,19:45:12,2.6190408549696205
1000,12,19:45:12,19:45:21,1.8027756377319946
1000,13,19:45:21,19:45:29,1.920286436967152
1000,14,19:45:29,19:45:37,2.315032397181517
1000,15,19:45:37,19:45:45,2.48746859276655
1000,16,19:45:45,19:45:53,2.436698586202241
1000,17,19:45:53,19:46:01,2.1314806770278754
1000,18,19:46:01,19:46:09,1.5811388300841898
1000,19,19:46:09,19:46:17,2.5495097567963922
1000,20,19:46:17,19:46:25,2.23606797749979
