100,1,14:32:30,14:32:31,1.4523687548277813
100,2,14:32:31,14:32:32,1.6393596310755
100,3,14:32:32,14:32:32,1.4142135623730951
100,4,14:32:32,14:32:33,0.9270248108869579
100,5,14:32:33,14:32:34,0.8660254037844386
100,6,14:32:34,14:32:35,0.7806247497997998
100,7,14:32:35,14:32:35,1.2183492931011204
100,8,14:32:35,14:32:36,1.4947825928876748
100,9,14:32:36,14:32:37,1.6909686573085854
100,10,14:32:37,14:32:37,1.3919410907075054
100,11,14:32:37,14:32:38,0.8660254037844386
100,12,14:32:38,14:32:39,0.9270248108869579
100,13,14:32:39,14:32:40,1.165922381636102
100,14,14:32:40,14:32:41,1.1989578808281798
100,15,14:32:41,14:32:41,1.1110243021644486
100,16,14:32:41,14:32:42,1.0897247358851685
100,17,14:32:42,14:32:43,1.479019945774904
100,18,14:32:43,14:32:44,1.4086784586980805
100,19,14:32:44,14:32:44,0.9270248108869579
100,20,14:32:44,14:32:45,1.0
200,1,14:32:45,14:32:47,1.2183492931011204
200,2,14:32:47,14:32:48,1.165922381636102
200,3,14:32:48,14:32:50,1.79843682124227
200,4,14:32:50,14:32:51,0.9921567416492215
200,5,14:32:51,14:32:53,0.9270248108869579
200,6,14:32:53,14:32:54,1.299038105676658
200,7,14:32:54,14:32:55,1.5360257159305635
200,8,14:32:55,14:32:57,0.8660254037844386
200,9,14:32:57,14:32:58,0.9270248108869579
200,10,14:32:58,14:33:00,0.816496580927726
200,11,14:33:00,14:33:01,1.2183492931011204
200,12,14:33:01,14:33:03,1.0897247358851685
200,13,14:33:03,14:33:04,0.8569568250501305
200,14,14:33:04,14:33:06,0.5994789404140899
200,15,14:33:06,14:33:07,1.2686114456365274
200,16,14:33:07,14:33:09,1.224744871391589
200,17,14:33:09,14:33:10,1.3919410907075054
200,18,14:33:10,14:33:12,0.9938079899999065
200,19,14:33:12,14:33:13,1.1110243021644486
200,20,14:33:13,14:33:14,1.0532687216470449
300,1,14:33:14,14:33:16,1.0690449676496976
300,2,14:33:16,14:33:18,0.9270248108869579
300,3,14:33:18,14:33:21,1.9324531042175384
300,4,14:33:21,14:33:24,0.82915619758885
300,5,14:33:24,14:33:27,1.0532687216470449
300,6,14:33:27,14:33:29,0.9921567416492215
300,7,14:33:29,14:33:31,0.8660254037844386
300,8,14:33:31,14:33:33,1.0
300,9,14:33:33,14:33:35,1.1653431646335017
300,10,14:33:35,14:33:37,1.2183492931011204
300,11,14:33:37,14:33:40,0.82915619758885
300,12,14:33:40,14:33:42,0.8569568250501305
300,13,14:33:42,14:33:44,1.0897247358851685
300,14,14:33:44,14:33:46,1.4086784586980805
300,15,14:33:46,14:33:48,1.1989578808281798
300,16,14:33:48,14:33:50,1.299038105676658
300,17,14:33:50,14:33:53,0.9270248108869579
300,18,14:33:53,14:33:55,0.8660254037844386
300,19,14:33:55,14:33:57,1.1110243021644486
300,20,14:33:57,14:33:59,1.2183492931011204
400,1,14:33:59,14:34:02,1.165922381636102
400,2,14:34:02,14:34:04,0.9921567416492215
400,3,14:34:04,14:34:07,1.299038105676658
400,4,14:34:07,14:34:10,1.4947825928876748
400,5,14:34:10,14:34:13,1.224744871391589
400,6,14:34:13,14:34:16,1.479019945774904
400,7,14:34:16,14:34:18,1.4947825928876748
400,8,14:34:18,14:34:21,0.8660254037844386
400,9,14:34:21,14:34:24,0.82915619758885
400,10,14:34:24,14:34:26,1.3919410907075054
400,11,14:34:26,14:34:29,1.049781318335648
400,12,14:34:29,14:34:32,1.0532687216470449
400,13,14:34:32,14:34:35,1.3228756555322954
400,14,14:34:35,14:34:38,0.9682458365518543
400,15,14:34:38,14:34:41,1.1989578808281798
400,16,14:34:41,14:34:43,1.165922381636102
400,17,14:34:43,14:34:46,1.5360257159305635
400,18,14:34:46,14:34:49,0.9921567416492215
400,19,14:34:49,14:34:51,1.6583123951777
400,20,14:34:51,14:34:54,0.82915619758885
500,1,14:34:54,14:34:57,0.8569568250501305
500,2,14:34:57,14:35:00,1.1110243021644486
500,3,14:35:00,14:35:04,0.9682458365518543
500,4,14:35:04,14:35:07,1.7275343701356567
500,5,14:35:07,14:35:11,0.8660254037844386
500,6,14:35:11,14:35:15,1.3919410907075054
500,7,14:35:15,14:35:18,0.7806247497997998
500,8,14:35:18,14:35:21,0.8569568250501305
500,9,14:35:21,14:35:24,1.4947825928876748
500,10,14:35:24,14:35:28,1.1989578808281798
500,11,14:35:28,14:35:31,1.4142135623730951
500,12,14:35:31,14:35:35,0.9921567416492215
500,13,14:35:35,14:35:38,0.8660254037844386
500,14,14:35:38,14:35:41,0.9682458365518543
500,15,14:35:41,14:35:45,0.7806247497997998
500,16,14:35:45,14:35:48,1.0304020550550783
500,17,14:35:48,14:35:52,1.5713484026367723
500,18,14:35:52,14:35:55,0.7806247497997998
500,19,14:35:55,14:35:59,1.3635890143294642
500,20,14:35:59,14:36:02,0.6614378277661477
600,1,14:36:02,14:36:06,0.8660254037844386
600,2,14:36:06,14:36:10,1.1110243021644486
600,3,14:36:10,14:36:14,0.9682458365518543
600,4,14:36:14,14:36:18,0.9270248108869579
600,5,14:36:18,14:36:22,1.1110243021644486
600,6,14:36:22,14:36:27,0.8660254037844386
600,7,14:36:27,14:36:31,0.8569568250501305
600,8,14:36:31,14:36:36,1.3169567191065923
600,9,14:36:36,14:36:40,0.9682458365518543
600,10,14:36:40,14:36:44,1.4142135623730951
600,11,14:36:44,14:36:48,1.2686114456365274
600,12,14:36:48,14:36:52,0.7806247497997998
600,13,14:36:52,14:36:56,1.0532687216470449
600,14,14:36:56,14:37:00,0.82915619758885
600,15,14:37:00,14:37:04,1.118033988749895
600,16,14:37:04,14:37:09,1.7633419974582356
600,17,14:37:09,14:37:13,0.8569568250501305
600,18,14:37:13,14:37:17,1.0897247358851685
600,19,14:37:17,14:37:21,0.8569568250501305
600,20,14:37:21,14:37:25,1.1989578808281798
700,1,14:37:25,14:37:30,1.0897247358851685
700,2,14:37:30,14:37:35,1.118033988749895
700,3,14:37:35,14:37:40,1.1653431646335017
700,4,14:37:40,14:37:45,1.0
700,5,14:37:45,14:37:50,0.9682458365518543
700,6,14:37:50,14:37:54,0.9270248108869579
700,7,14:37:54,14:38:00,0.7071067811865476
700,8,14:38:00,14:38:04,0.8660254037844386
700,9,14:38:04,14:38:09,1.0897247358851685
700,10,14:38:09,14:38:14,0.7806247497997998
700,11,14:38:14,14:38:19,1.3635890143294642
700,12,14:38:19,14:38:24,1.6583123951777
700,13,14:38:24,14:38:28,1.0
700,14,14:38:28,14:38:33,0.8660254037844386
700,15,14:38:33,14:38:38,0.82915619758885
700,16,14:38:38,14:38:43,1.4947825928876748
700,17,14:38:43,14:38:48,0.8660254037844386
700,18,14:38:48,14:38:53,0.5994789404140899
700,19,14:38:53,14:38:57,1.2686114456365274
700,20,14:38:57,14:39:02,0.9682458365518543
800,1,14:39:02,14:39:08,0.8660254037844386
800,2,14:39:08,14:39:13,0.9921567416492215
800,3,14:39:13,14:39:19,1.1989578808281798
800,4,14:39:19,14:39:25,0.82915619758885
800,5,14:39:25,14:39:30,1.165922381636102
800,6,14:39:30,14:39:36,0.7806247497997998
800,7,14:39:36,14:39:41,1.2686114456365274
800,8,14:39:41,14:39:47,0.4841229182759271
800,9,14:39:47,14:39:52,0.9921567416492215
800,10,14:39:52,14:39:58,0.6614378277661477
800,11,14:39:58,14:40:03,0.82915619758885
800,12,14:40:03,14:40:08,0.7806247497997998
800,13,14:40:08,14:40:14,0.7856742013183862
800,14,14:40:14,14:40:20,0.6614378277661477
800,15,14:40:20,14:40:25,0.9921567416492215
800,16,14:40:25,14:40:31,0.9270248108869579
800,17,14:40:31,14:40:36,1.4523687548277813
800,18,14:40:36,14:40:41,0.9682458365518543
800,19,14:40:41,14:40:47,0.9270248108869579
800,20,14:40:47,14:40:52,1.224744871391589
900,1,14:40:52,14:40:58,0.8569568250501305
900,2,14:40:58,14:41:04,0.7071067811865476
900,3,14:41:04,14:41:10,1.224744871391589
900,4,14:41:10,14:41:16,0.8660254037844386
900,5,14:41:16,14:41:23,0.8569568250501305
900,6,14:41:23,14:41:29,0.9270248108869579
900,7,14:41:29,14:41:35,0.7071067811865476
900,8,14:41:35,14:41:41,0.6959705453537527
900,9,14:41:41,14:41:47,0.82915619758885
900,10,14:41:47,14:41:53,0.82915619758885
900,11,14:41:53,14:41:59,0.8569568250501305
900,12,14:41:59,14:42:05,0.9270248108869579
900,13,14:42:05,14:42:12,0.6959705453537527
900,14,14:42:12,14:42:18,1.4523687548277813
900,15,14:42:18,14:42:24,0.6614378277661477
900,16,14:42:24,14:42:30,1.3635890143294642
900,17,14:42:30,14:42:36,0.4841229182759271
900,18,14:42:36,14:42:42,0.7806247497997998
900,19,14:42:42,14:42:48,0.9682458365518543
900,20,14:42:48,14:42:54,0.82915619758885
1000,1,14:42:54,14:43:01,1.2686114456365274
1000,2,14:43:01,14:43:08,0.5994789404140899
1000,3,14:43:08,14:43:14,1.1989578808281798
1000,4,14:43:14,14:43:21,0.9682458365518543
1000,5,14:43:21,14:43:28,1.4523687548277813
1000,6,14:43:28,14:43:35,1.0301575072754254
1000,7,14:43:35,14:43:42,0.5994789404140899
1000,8,14:43:42,14:43:48,1.4142135623730951
1000,9,14:43:48,14:43:55,1.165922381636102
1000,10,14:43:55,14:44:02,1.2686114456365274
1000,11,14:44:02,14:44:09,1.224744871391589
1000,12,14:44:09,14:44:16,1.299038105676658
1000,13,14:44:16,14:44:22,0.9270248108869579
1000,14,14:44:22,14:44:30,0.8660254037844386
1000,15,14:44:30,14:44:37,0.7806247497997998
1000,16,14:44:38,14:44:45,0.7806247497997998
1000,17,14:44:45,14:44:52,0.9270248108869579
1000,18,14:44:52,14:44:58,1.0
1000,19,14:44:58,14:45:04,1.0532687216470449
1000,20,14:45:04,14:45:11,1.2686114456365274
100,1,17:23:17,17:23:17,0.9682458365518543
100,2,17:23:17,17:23:18,1.0897247358851685
100,3,17:23:18,17:23:19,1.3919410907075054
100,4,17:23:19,17:23:19,1.1989578808281798
100,5,17:23:19,17:23:20,1.1989578808281798
100,6,17:23:20,17:23:21,1.3169567191065923
100,7,17:23:21,17:23:21,1.118033988749895
100,8,17:23:21,17:23:22,1.3093073414159542
100,9,17:23:22,17:23:23,1.4142135623730951
100,10,17:23:23,17:23:23,1.5
100,11,17:23:23,17:23:24,0.8660254037844386
100,12,17:23:24,17:23:25,1.4086784586980805
100,13,17:23:25,17:23:25,1.118033988749895
100,14,17:23:25,17:23:26,1.653594569415369
100,15,17:23:26,17:23:27,1.224744871391589
100,16,17:23:27,17:23:27,1.8666480653835098
100,17,17:23:27,17:23:28,0.8660254037844386
100,18,17:23:28,17:23:29,0.8569568250501305
100,19,17:23:29,17:23:29,1.0897247358851685
100,20,17:23:29,17:23:30,1.6329931618554518
200,1,17:23:30,17:23:31,1.5
200,2,17:23:31,17:23:32,1.899835519196333
200,3,17:23:32,17:23:34,1.0
200,4,17:23:34,17:23:35,1.6909686573085854
200,5,17:23:35,17:23:36,1.118033988749895
200,6,17:23:36,17:23:38,1.0
200,7,17:23:38,17:23:39,1.1110243021644486
200,8,17:23:39,17:23:40,0.9682458365518543
200,9,17:23:40,17:23:41,1.4523687548277813
200,10,17:23:41,17:23:43,0.816496580927726
200,11,17:23:43,17:23:44,1.8540496217739157
200,12,17:23:44,17:23:45,0.9921567416492215
200,13,17:23:45,17:23:47,0.9270248108869579
200,14,17:23:47,17:23:48,1.5360257159305635
200,15,17:23:48,17:23:49,0.8660254037844386
200,16,17:23:49,17:23:51,0.9682458365518543
200,17,17:23:51,17:23:52,0.7806247497997998
200,18,17:23:52,17:23:53,0.831479419283098
200,19,17:23:53,17:23:55,1.0897247358851685
200,20,17:23:55,17:23:56,1.1989578808281798
300,1,17:23:56,17:23:58,1.224744871391589
300,2,17:23:58,17:24:00,1.0532687216470449
300,3,17:24:00,17:24:02,0.9682458365518543
300,4,17:24:02,17:24:03,1.4086784586980805
300,5,17:24:03,17:24:05,1.299038105676658
300,6,17:24:05,17:24:07,1.2183492931011204
300,7,17:24:07,17:24:09,0.7806247497997998
300,8,17:24:09,17:24:11,1.0
300,9,17:24:11,17:24:13,0.6959705453537527
300,10,17:24:13,17:24:15,1.2183492931011204
300,11,17:24:15,17:24:17,0.9270248108869579
300,12,17:24:17,17:24:20,0.816496580927726
300,13,17:24:20,17:24:22,1.2183492931011204
300,14,17:24:22,17:24:24,1.1110243021644486
300,15,17:24:24,17:24:26,0.82915619758885
300,16,17:24:26,17:24:28,0.7806247497997998
300,17,17:24:28,17:24:30,0.9682458365518543
300,18,17:24:30,17:24:32,1.1110243021644486
300,19,17:24:32,17:24:33,1.5360257159305635
300,20,17:24:33,17:24:35,1.0897247358851685
400,1,17:24:35,17:24:38,0.7071067811865476
400,2,17:24:38,17:24:41,0.9270248108869579
400,3,17:24:41,17:24:43,1.2183492931011204
400,4,17:24:43,17:24:46,1.0532687216470449
400,5,17:24:46,17:24:48,1.4142135623730951
400,6,17:24:48,17:24:51,0.6614378277661477
400,7,17:24:51,17:24:53,0.8569568250501305
400,8,17:24:53,17:24:56,1.165922381636102
400,9,17:24:56,17:24:58,0.9682458365518543
400,10,17:24:58,17:25:01,1.479019945774904
400,11,17:25:01,17:25:03,1.299038105676658
400,12,17:25:03,17:25:06,1.0
400,13,17:25:06,17:25:09,1.224744871391589
400,14,17:25:09,17:25:11,1.4523687548277813
400,15,17:25:11,17:25:14,0.9921567416492215
400,16,17:25:14,17:25:16,1.6153559979150107
400,17,17:25:16,17:25:19,1.4142135623730951
400,18,17:25:19,17:25:21,1.1110243021644486
400,19,17:25:21,17:25:24,0.9921567416492215
400,20,17:25:24,17:25:27,1.118033988749895
500,1,17:25:27,17:25:30,0.9270248108869579
500,2,17:25:30,17:25:33,1.4086784586980805
500,3,17:25:33,17:25:36,0.6614378277661477
500,4,17:25:36,17:25:39,1.8328597873268975
500,5,17:25:39,17:25:42,2.341874249399399
500,6,17:25:42,17:25:45,1.7853571071357126
500,7,17:25:45,17:25:49,0.9682458365518543
500,8,17:25:49,17:25:52,0.82915619758885
500,9,17:25:52,17:25:55,1.3635890143294642
500,10,17:25:55,17:25:58,1.1989578808281798
500,11,17:25:58,17:26:01,1.3919410907075054
500,12,17:26:01,17:26:04,0.9270248108869579
500,13,17:26:04,17:26:07,0.8569568250501305
500,14,17:26:07,17:26:11,0.82915619758885
500,15,17:26:11,17:26:14,1.3919410907075054
500,16,17:26:14,17:26:17,1.3635890143294642
500,17,17:26:17,17:26:20,0.82915619758885
500,18,17:26:20,17:26:23,0.9270248108869579
500,19,17:26:23,17:26:26,0.7806247497997998
500,20,17:26:26,17:26:30,1.5
600,1,17:26:30,17:26:33,1.1989578808281798
600,2,17:26:33,17:26:37,0.82915619758885
600,3,17:26:37,17:26:41,1.3635890143294642
600,4,17:26:41,17:26:45,1.118033988749895
600,5,17:26:45,17:26:49,1.5761900266148114
600,6,17:26:49,17:26:53,0.6998542122237652
600,7,17:26:53,17:26:56,0.9270248108869579
600,8,17:26:56,17:27:00,1.118033988749895
600,9,17:27:00,17:27:04,1.1110243021644486
600,10,17:27:04,17:27:08,0.9270248108869579
600,11,17:27:08,17:27:12,1.0532687216470449
600,12,17:27:12,17:27:16,0.7071067811865476
600,13,17:27:16,17:27:19,0.8569568250501305
600,14,17:27:19,17:27:23,1.1110243021644486
600,15,17:27:23,17:27:27,0.9682458365518543
600,16,17:27:27,17:27:31,1.165922381636102
600,17,17:27:31,17:27:35,1.0
600,18,17:27:35,17:27:38,1.3919410907075054
600,19,17:27:38,17:27:42,0.7806247497997998
600,20,17:27:42,17:27:46,1.1110243021644486
700,1,17:27:46,17:27:51,1.5
700,2,17:27:51,17:27:55,0.8660254037844386
700,3,17:27:55,17:28:00,1.4086784586980805
700,4,17:28:00,17:28:04,0.8569568250501305
700,5,17:28:04,17:28:09,1.299038105676658
700,6,17:28:09,17:28:13,1.3919410907075054
700,7,17:28:13,17:28:18,1.0897247358851685
700,8,17:28:18,17:28:22,0.9682458365518543
700,9,17:28:22,17:28:27,0.9270248108869579
700,10,17:28:27,17:28:31,1.0532687216470449
700,11,17:28:31,17:28:36,0.7806247497997998
700,12,17:28:36,17:28:40,0.9270248108869579
700,13,17:28:40,17:28:45,0.9921567416492215
700,14,17:28:45,17:28:49,1.1967032904743342
700,15,17:28:49,17:28:54,0.7071067811865476
700,16,17:28:54,17:28:58,0.82915619758885
700,17,17:28:58,17:29:03,0.9270248108869579
700,18,17:29:03,17:29:07,0.6959705453537527
700,19,17:29:07,17:29:12,0.9682458365518543
700,20,17:29:12,17:29:16,1.2686114456365274
800,1,17:29:16,17:29:21,1.5761900266148114
800,2,17:29:21,17:29:26,0.9270248108869579
800,3,17:29:26,17:29:31,1.0540925533894596
800,4,17:29:31,17:29:37,0.8748897637790901
800,5,17:29:37,17:29:42,0.9270248108869579
800,6,17:29:42,17:29:47,0.9921567416492215
800,7,17:29:47,17:29:52,0.9270248108869579
800,8,17:29:52,17:29:57,0.82915619758885
800,9,17:29:57,17:30:02,0.8660254037844386
800,10,17:30:02,17:30:07,1.1110243021644486
800,11,17:30:07,17:30:12,0.9270248108869579
800,12,17:30:12,17:30:17,0.6614378277661477
800,13,17:30:17,17:30:22,1.299038105676658
800,14,17:30:22,17:30:27,0.8660254037844386
800,15,17:30:27,17:30:33,1.0532687216470449
800,16,17:30:33,17:30:38,0.7806247497997998
800,17,17:30:38,17:30:43,1.6153559979150107
800,18,17:30:43,17:30:48,1.2686114456365274
800,19,17:30:48,17:30:53,0.8569568250501305
800,20,17:30:53,17:30:58,0.5
900,1,17:30:58,17:31:04,0.9682458365518543
900,2,17:31:04,17:31:09,0.82915619758885
900,3,17:31:09,17:31:15,0.8569568250501305
900,4,17:31:15,17:31:21,1.0532687216470449
900,5,17:31:21,17:31:27,0.8569568250501305
900,6,17:31:27,17:31:32,1.2686114456365274
900,7,17:31:32,17:31:38,1.3635890143294642
900,8,17:31:38,17:31:44,0.8660254037844386
900,9,17:31:44,17:31:49,0.7806247497997998
900,10,17:31:49,17:31:55,0.9270248108869579
900,11,17:31:55,17:32:01,1.299038105676658
900,12,17:32:01,17:32:07,0.82915619758885
900,13,17:32:07,17:32:12,0.8569568250501305
900,14,17:32:12,17:32:18,0.9270248108869579
900,15,17:32:18,17:32:24,0.9682458365518543
900,16,17:32:24,17:32:30,1.414213562373095
900,17,17:32:30,17:32:36,0.82915619758885
900,18,17:32:36,17:32:41,0.9428090415820634
900,19,17:32:41,17:32:47,1.0897247358851685
900,20,17:32:47,17:32:53,0.82915619758885
1000,1,17:32:53,17:32:59,0.9921567416492215
1000,2,17:32:59,17:33:06,0.7806247497997998
1000,3,17:33:06,17:33:12,0.7806247497997998
1000,4,17:33:12,17:33:18,0.8569568250501305
1000,5,17:33:18,17:33:25,1.3169567191065923
1000,6,17:33:25,17:33:31,0.816496580927726
1000,7,17:33:31,17:33:37,1.3169567191065923
1000,8,17:33:37,17:33:44,1.4523687548277813
1000,9,17:33:44,17:33:51,1.333333333333333
1000,10,17:33:51,17:33:57,0.8660254037844386
1000,11,17:33:57,17:34:03,1.2686114456365274
1000,12,17:34:03,17:34:10,1.2686114456365274
1000,13,17:34:10,17:34:16,1.4142135623730951
1000,14,17:34:16,17:34:22,0.8569568250501305
1000,15,17:34:22,17:34:29,0.9921567416492215
1000,16,17:34:29,17:34:35,0.7806247497997998
1000,17,17:34:35,17:34:41,1.0897247358851685
1000,18,17:34:41,17:34:48,1.0532687216470449
1000,19,17:34:48,17:34:54,0.8569568250501305
1000,20,17:34:54,17:35:00,1.0
100,1,20:30:26,20:30:27,1.713913650100261
100,2,20:30:27,20:30:27,1.0532687216470449
100,3,20:30:27,20:30:28,1.118033988749895
100,4,20:30:28,20:30:29,1.563471919941143
100,5,20:30:29,20:30:29,1.0532687216470449
100,6,20:30:29,20:30:30,1.7275343701356567
100,7,20:30:30,20:30:31,1.984313483298443
100,8,20:30:31,20:30:31,1.7275343701356567
100,9,20:30:31,20:30:32,1.299038105676658
100,10,20:30:32,20:30:33,0.9682458365518543
100,11,20:30:33,20:30:33,1.4523687548277813
100,12,20:30:33,20:30:34,1.3698697784375502
100,13,20:30:34,20:30:35,0.7806247497997998
100,14,20:30:35,20:30:36,0.9682458365518543
100,15,20:30:36,20:30:36,1.165922381636102
100,16,20:30:36,20:30:37,1.0897247358851685
100,17,20:30:37,20:30:38,1.224744871391589
100,18,20:30:38,20:30:38,1.5
100,19,20:30:38,20:30:39,0.9270248108869579
100,20,20:30:39,20:30:40,1.1989578808281798
200,1,20:30:40,20:30:41,0.8660254037844386
200,2,20:30:41,20:30:42,0.9270248108869579
200,3,20:30:42,20:30:43,0.7806247497997998
200,4,20:30:43,20:30:45,0.82915619758885
200,5,20:30:45,20:30:46,0.9682458365518543
200,6,20:30:46,20:30:47,1.3228756555322954
200,7,20:30:47,20:30:49,1.0532687216470449
200,8,20:30:49,20:30:50,1.5
200,9,20:30:50,20:30:51,0.5994789404140899
200,10,20:30:51,20:30:53,0.7806247497997998
200,11,20:30:53,20:30:54,0.9921567416492215
200,12,20:30:54,20:30:55,1.0897247358851685
200,13,20:30:55,20:30:56,1.3169567191065923
200,14,20:30:56,20:30:58,1.4142135623730951
200,15,20:30:58,20:30:59,0.82915619758885
200,16,20:30:59,20:31:00,1.299038105676658
200,17,20:31:00,20:31:02,1.1989578808281798
200,18,20:31:02,20:31:03,0.82915619758885
200,19,20:31:03,20:31:04,1.0897247358851685
200,20,20:31:04,20:31:06,1.0
300,1,20:31:06,20:31:07,1.0532687216470449
300,2,20:31:07,20:31:09,1.299038105676658
300,3,20:31:09,20:31:11,1.3635890143294642
300,4,20:31:11,20:31:13,0.9428090415820634
300,5,20:31:13,20:31:15,1.0532687216470449
300,6,20:31:15,20:31:17,1.1110243021644486
300,7,20:31:17,20:31:19,1.3919410907075054
300,8,20:31:19,20:31:21,1.299038105676658
300,9,20:31:21,20:31:23,0.82915619758885
300,10,20:31:23,20:31:25,0.9270248108869579
300,11,20:31:25,20:31:27,0.7806247497997998
300,12,20:31:27,20:31:29,0.8569568250501305
300,13,20:31:29,20:31:31,1.0
300,14,20:31:31,20:31:33,0.9682458365518543
300,15,20:31:33,20:31:35,0.9921567416492215
300,16,20:31:35,20:31:37,1.3169567191065923
300,17,20:31:37,20:31:39,1.479019945774904
300,18,20:31:39,20:31:41,0.7071067811865476
300,19,20:31:41,20:31:42,0.9921567416492215
300,20,20:31:42,20:31:44,0.8660254037844386
400,1,20:31:44,20:31:47,1.3635890143294642
400,2,20:31:47,20:31:50,1.5612494995995996
400,3,20:31:50,20:31:52,0.9270248108869579
400,4,20:31:52,20:31:55,0.5994789404140899
400,5,20:31:55,20:31:57,0.8569568250501305
400,6,20:31:57,20:32:00,0.82915619758885
400,7,20:32:00,20:32:02,1.7633419974582356
400,8,20:32:02,20:32:05,0.82915619758885
400,9,20:32:05,20:32:08,0.9270248108869579
400,10,20:32:08,20:32:10,0.7806247497997998
400,11,20:32:10,20:32:13,0.82915619758885
400,12,20:32:13,20:32:15,0.9270248108869579
400,13,20:32:15,20:32:18,0.7806247497997998
400,14,20:32:18,20:32:21,1.0532687216470449
400,15,20:32:21,20:32:23,1.0532687216470449
400,16,20:32:23,20:32:26,0.9270248108869579
400,17,20:32:26,20:32:29,0.9270248108869579
400,18,20:32:29,20:32:31,0.9270248108869579
400,19,20:32:31,20:32:34,1.0897247358851685
400,20,20:32:34,20:32:37,0.9682458365518543
500,1,20:32:37,20:32:40,0.9682458365518543
500,2,20:32:40,20:32:43,1.3919410907075054
500,3,20:32:43,20:32:47,1.4142135623730951
500,4,20:32:47,20:32:50,0.9428090415820634
500,5,20:32:50,20:32:54,1.1989578808281798
500,6,20:32:54,20:32:57,0.8569568250501305
500,7,20:32:57,20:33:01,0.9682458365518543
500,8,20:33:01,20:33:04,1.0
500,9,20:33:04,20:33:07,0.8569568250501305
500,10,20:33:07,20:33:10,0.9270248108869579
500,11,20:33:10,20:33:14,0.9921567416492215
500,12,20:33:14,20:33:17,1.1110243021644486
500,13,20:33:17,20:33:20,1.1110243021644486
500,14,20:33:20,20:33:24,0.8660254037844386
500,15,20:33:24,20:33:27,0.9270248108869579
500,16,20:33:27,20:33:31,1.0540925533894596
500,17,20:33:31,20:33:34,0.9682458365518543
500,18,20:33:34,20:33:38,0.8660254037844386
500,19,20:33:38,20:33:41,0.989743318610787
500,20,20:33:41,20:33:44,1.6393596310755
600,1,20:33:44,20:33:48,1.1110243021644486
600,2,20:33:48,20:33:52,1.653594569415369
600,3,20:33:52,20:33:56,1.118033988749895
600,4,20:33:56,20:34:00,1.0532687216470449
600,5,20:34:00,20:34:04,0.8569568250501305
600,6,20:34:04,20:34:08,1.247219128924647
600,7,20:34:08,20:34:12,1.653594569415369
600,8,20:34:12,20:34:16,1.6153559979150107
600,9,20:34:16,20:34:21,0.9682458365518543
600,10,20:34:21,20:34:24,1.1989578808281798
600,11,20:34:24,20:34:28,1.1989578808281798
600,12,20:34:28,20:34:32,1.2183492931011204
600,13,20:34:32,20:34:37,0.7806247497997998
600,14,20:34:37,20:34:41,1.5713484026367726
600,15,20:34:41,20:34:45,1.1989578808281798
600,16,20:34:45,20:34:49,0.9270248108869579
600,17,20:34:49,20:34:53,0.8660254037844386
600,18,20:34:53,20:34:57,0.9921567416492215
600,19,20:34:57,20:35:01,1.0532687216470449
600,20,20:35:01,20:35:05,0.8569568250501305
700,1,20:35:05,20:35:10,1.479019945774904
700,2,20:35:10,20:35:14,1.1989578808281798
700,3,20:35:14,20:35:19,0.8569568250501305
700,4,20:35:19,20:35:24,1.2183492931011204
700,5,20:35:24,20:35:28,1.314684396244359
700,6,20:35:28,20:35:33,0.7806247497997998
700,7,20:35:33,20:35:38,1.3146843962443593
700,8,20:35:38,20:35:43,0.7806247497997998
700,9,20:35:43,20:35:48,1.3635890143294642
700,10,20:35:48,20:35:52,0.7806247497997998
700,11,20:35:52,20:35:57,0.9921567416492215
700,12,20:35:57,20:36:02,0.9921567416492215
700,13,20:36:02,20:36:06,1.3169567191065923
700,14,20:36:06,20:36:11,0.9921567416492215
700,15,20:36:11,20:36:16,1.0532687216470449
700,16,20:36:16,20:36:20,0.9682458365518543
700,17,20:36:20,20:36:25,1.4947825928876748
700,18,20:36:25,20:36:30,1.2686114456365274
700,19,20:36:30,20:36:35,1.2183492931011204
700,20,20:36:35,20:36:39,0.8569568250501305
800,1,20:36:39,20:36:44,0.9921567416492215
800,2,20:36:44,20:36:50,0.7806247497997998
800,3,20:36:50,20:36:55,1.3228756555322954
800,4,20:36:55,20:37:00,0.82915619758885
800,5,20:37:00,20:37:06,0.82915619758885
800,6,20:37:06,20:37:11,0.9682458365518543
800,7,20:37:11,20:37:16,0.8569568250501305
800,8,20:37:16,20:37:22,0.9921567416492215
800,9,20:37:22,20:37:27,0.7806247497997998
800,10,20:37:27,20:37:32,1.0897247358851685
800,11,20:37:32,20:37:38,0.9270248108869579
800,12,20:37:38,20:37:43,0.7806247497997998
800,13,20:37:43,20:37:48,0.9270248108869579
800,14,20:37:48,20:37:54,1.0532687216470449
800,15,20:37:54,20:37:59,1.1989578808281798
800,16,20:37:59,20:38:04,1.1110243021644486
800,17,20:38:04,20:38:10,0.9270248108869579
800,18,20:38:10,20:38:15,1.3635890143294642
800,19,20:38:15,20:38:20,1.0897247358851685
800,20,20:38:20,20:38:26,0.7071067811865476
900,1,20:38:26,20:38:32,0.9921567416492215
900,2,20:38:32,20:38:37,1.4086784586980805
900,3,20:38:37,20:38:43,0.8569568250501305
900,4,20:38:43,20:38:49,0.82915619758885
900,5,20:38:49,20:38:55,1.4142135623730951
900,6,20:38:55,20:39:01,1.0897247358851685
900,7,20:39:01,20:39:08,1.1110243021644486
900,8,20:39:08,20:39:13,0.9270248108869579
900,9,20:39:13,20:39:19,1.0
900,10,20:39:19,20:39:25,0.7806247497997998
900,11,20:39:25,20:39:31,0.8569568250501305
900,12,20:39:31,20:39:37,0.9270248108869579
900,13,20:39:37,20:39:43,0.6614378277661477
900,14,20:39:43,20:39:49,0.9921567416492215
900,15,20:39:49,20:39:55,1.299038105676658
900,16,20:39:55,20:40:01,1.0304020550550783
900,17,20:40:01,20:40:08,1.7275343701356567
900,18,20:40:08,20:40:13,0.7071067811865476
900,19,20:40:13,20:40:20,0.7806247497997998
900,20,20:40:20,20:40:26,0.82915619758885
1000,1,20:40:26,20:40:32,0.9682458365518543
1000,2,20:40:32,20:40:39,0.7806247497997998
1000,3,20:40:39,20:40:46,0.9682458365518543
1000,4,20:40:46,20:40:52,0.6614378277661477
1000,5,20:40:52,20:40:59,0.82915619758885
1000,6,20:40:59,20:41:06,1.0897247358851685
1000,7,20:41:06,20:41:12,1.79843682124227
1000,8,20:41:12,20:41:19,0.82915619758885
1000,9,20:41:19,20:41:25,0.82915619758885
1000,10,20:41:25,20:41:32,1.0532687216470449
1000,11,20:41:32,20:41:39,0.7806247497997998
1000,12,20:41:39,20:41:46,0.7806247497997998
1000,13,20:41:46,20:41:52,0.7806247497997998
1000,14,20:41:52,20:41:59,0.7806247497997998
1000,15,20:41:59,20:42:05,0.45175395145262565
1000,16,20:42:05,20:42:12,0.8660254037844386
1000,17,20:42:12,20:42:19,0.7806247497997998
1000,18,20:42:19,20:42:25,0.9921567416492215
1000,19,20:42:25,20:42:32,0.9270248108869579
1000,20,20:42:32,20:42:38,0.8660254037844386
100,1,23:42:00,23:42:00,0.8660254037844386
100,2,23:42:00,23:42:01,0.9270248108869579
100,3,23:42:01,23:42:02,0.9921567416492215
100,4,23:42:02,23:42:03,1.3228756555322954
100,5,23:42:03,23:42:03,1.4523687548277813
100,6,23:42:03,23:42:04,1.4846149779161804
100,7,23:42:04,23:42:05,1.1989578808281798
100,8,23:42:05,23:42:05,1.5761900266148114
100,9,23:42:05,23:42:06,1.5761900266148114
100,10,23:42:06,23:42:07,1.1989578808281798
100,11,23:42:07,23:42:07,1.7275343701356567
100,12,23:42:07,23:42:08,1.3228756555322954
100,13,23:42:08,23:42:09,1.4947825928876748
100,14,23:42:09,23:42:09,2.0
100,15,23:42:09,23:42:10,1.165922381636102
100,16,23:42:10,23:42:10,1.1110243021644486
100,17,23:42:10,23:42:11,1.3228756555322954
100,18,23:42:11,23:42:12,1.299038105676658
100,19,23:42:12,23:42:13,1.8294640678379568
100,20,23:42:13,23:42:13,1.1989578808281798
200,1,23:42:13,23:42:14,1.4523687548277813
200,2,23:42:14,23:42:16,1.0897247358851685
200,3,23:42:16,23:42:17,0.8569568250501305
200,4,23:42:17,23:42:19,1.4086784586980805
200,5,23:42:19,23:42:20,1.5612494995995996
200,6,23:42:20,23:42:21,1.118033988749895
200,7,23:42:21,23:42:23,0.8660254037844386
200,8,23:42:23,23:42:24,1.2183492931011204
200,9,23:42:24,23:42:25,1.118033988749895
200,10,23:42:25,23:42:27,0.9921567416492215
200,11,23:42:27,23:42:28,0.9270248108869579
200,12,23:42:28,23:42:29,1.118033988749895
200,13,23:42:29,23:42:31,0.82915619758885
200,14,23:42:31,23:42:32,1.3169567191065923
200,15,23:42:32,23:42:33,1.1110243021644486
200,16,23:42:33,23:42:35,1.3169567191065923
200,17,23:42:35,23:42:36,1.299038105676658
200,18,23:42:36,23:42:38,1.5811388300841898
200,19,23:42:38,23:42:39,1.0
200,20,23:42:39,23:42:40,1.224744871391589
300,1,23:42:40,23:42:42,0.9682458365518543
300,2,23:42:42,23:42:44,1.5761900266148114
300,3,23:42:44,23:42:46,1.2686114456365274
300,4,23:42:46,23:42:48,0.9921567416492215
300,5,23:42:48,23:42:50,1.3919410907075054
300,6,23:42:50,23:42:52,0.82915619758885
300,7,23:42:52,23:42:54,0.9921567416492215
300,8,23:42:54,23:42:56,1.0532687216470449
300,9,23:42:56,23:42:58,0.9270248108869579
300,10,23:42:58,23:43:00,0.8569568250501305
300,11,23:43:00,23:43:02,1.7320508075688772
300,12,23:43:02,23:43:04,0.8569568250501305
300,13,23:43:04,23:43:06,1.7275343701356567
300,14,23:43:06,23:43:08,1.0532687216470449
300,15,23:43:08,23:43:10,0.9270248108869579
300,16,23:43:10,23:43:12,1.1110243021644486
300,17,23:43:12,23:43:14,1.165922381636102
300,18,23:43:14,23:43:16,1.1989578808281798
300,19,23:43:16,23:43:18,0.82915619758885
300,20,23:43:18,23:43:20,0.9270248108869579
400,1,23:43:20,23:43:22,1.7275343701356567
400,2,23:43:22,23:43:25,1.1110243021644486
400,3,23:43:25,23:43:28,1.0897247358851685
400,4,23:43:28,23:43:30,1.4523687548277813
400,5,23:43:30,23:43:33,1.4142135623730951
400,6,23:43:33,23:43:35,0.8660254037844386
400,7,23:43:35,23:43:38,0.9682458365518543
400,8,23:43:38,23:43:41,1.1989578808281798
400,9,23:43:41,23:43:43,0.9270248108869579
400,10,23:43:43,23:43:46,0.7806247497997998
400,11,23:43:46,23:43:48,1.6393596310755
400,12,23:43:48,23:43:51,0.7806247497997998
400,13,23:43:51,23:43:54,1.479019945774904
400,14,23:43:54,23:43:56,1.653594569415369
400,15,23:43:56,23:43:59,1.0897247358851685
400,16,23:43:59,23:44:01,1.1110243021644486
400,17,23:44:01,23:44:04,0.9921567416492215
400,18,23:44:04,23:44:07,0.9938079899999065
400,19,23:44:07,23:44:09,1.0
400,20,23:44:09,23:44:12,0.82915619758885
500,1,23:44:12,23:44:15,1.118033988749895
500,2,23:44:15,23:44:19,1.118033988749895
500,3,23:44:19,23:44:22,1.1110243021644486
500,4,23:44:22,23:44:25,0.9270248108869579
500,5,23:44:25,23:44:29,1.0
500,6,23:44:29,23:44:32,1.1110243021644486
500,7,23:44:32,23:44:35,0.82915619758885
500,8,23:44:35,23:44:39,0.7071067811865476
500,9,23:44:39,23:44:42,0.5994789404140899
500,10,23:44:42,23:44:45,0.9270248108869579
500,11,23:44:45,23:44:49,1.5
500,12,23:44:49,23:44:52,0.7806247497997998
500,13,23:44:52,23:44:55,0.82915619758885
500,14,23:44:55,23:44:59,0.8660254037844386
500,15,23:44:59,23:45:02,1.5811388300841898
500,16,23:45:02,23:45:05,0.9682458365518543
500,17,23:45:05,23:45:08,0.989743318610787
500,18,23:45:08,23:45:12,1.0897247358851685
500,19,23:45:12,23:45:15,0.9270248108869579
500,20,23:45:15,23:45:18,0.82915619758885
600,1,23:45:18,23:45:22,1.5
600,2,23:45:22,23:45:26,1.5612494995995996
600,3,23:45:26,23:45:30,1.0
600,4,23:45:30,23:45:34,1.0532687216470449
600,5,23:45:34,23:45:38,1.2183492931011204
600,6,23:45:38,23:45:42,1.1989578808281798
600,7,23:45:42,23:45:46,0.9270248108869579
600,8,23:45:46,23:45:50,0.6614378277661477
600,9,23:45:50,23:45:53,1.1110243021644486
600,10,23:45:53,23:45:58,1.2272623352430292
600,11,23:45:58,23:46:01,1.2936264483053452
600,12,23:46:01,23:46:05,1.3635890143294642
600,13,23:46:05,23:46:09,0.7806247497997998
600,14,23:46:09,23:46:13,1.224744871391589
600,15,23:46:13,23:46:17,1.0897247358851685
600,16,23:46:17,23:46:21,0.9682458365518543
600,17,23:46:21,23:46:25,0.9682458365518543
600,18,23:46:25,23:46:28,0.82915619758885
600,19,23:46:28,23:46:32,0.7071067811865476
600,20,23:46:32,23:46:37,1.1967032904743342
700,1,23:46:37,23:46:41,0.9258200997725514
700,2,23:46:41,23:46:46,1.0
700,3,23:46:46,23:46:50,1.0532687216470449
700,4,23:46:50,23:46:55,0.8660254037844386
700,5,23:46:55,23:47:00,0.5994789404140899
700,6,23:47:00,23:47:04,1.4907119849998598
700,7,23:47:04,23:47:09,0.9270248108869579
700,8,23:47:09,23:47:14,0.82915619758885
700,9,23:47:14,23:47:19,1.0897247358851685
700,10,23:47:19,23:47:23,0.8660254037844386
700,11,23:47:23,23:47:28,0.9921567416492215
700,12,23:47:28,23:47:32,0.9270248108869579
700,13,23:47:32,23:47:37,1.2183492931011204
700,14,23:47:37,23:47:41,1.4523687548277813
700,15,23:47:41,23:47:46,1.1110243021644486
700,16,23:47:46,23:47:51,1.0897247358851685
700,17,23:47:51,23:47:55,0.8569568250501305
700,18,23:47:55,23:48:00,0.7806247497997998
700,19,23:48:00,23:48:04,0.9270248108869579
700,20,23:48:04,23:48:09,1.0
800,1,23:48:09,23:48:14,1.1989578808281798
800,2,23:48:14,23:48:19,1.1989578808281798
800,3,23:48:19,23:48:24,0.9921567416492215
800,4,23:48:24,23:48:30,0.9270248108869579
800,5,23:48:30,23:48:35,0.9682458365518543
800,6,23:48:35,23:48:40,0.82915619758885
800,7,23:48:40,23:48:45,0.9682458365518543
800,8,23:48:45,23:48:50,0.9270248108869579
800,9,23:48:50,23:48:55,1.3169567191065923
800,10,23:48:55,23:49:01,1.4947825928876748
800,11,23:49:01,23:49:06,0.82915619758885
800,12,23:49:06,23:49:11,0.8569568250501305
800,13,23:49:11,23:49:16,1.3228756555322954
800,14,23:49:16,23:49:21,0.9270248108869579
800,15,23:49:21,23:49:27,0.9682458365518543
800,16,23:49:27,23:49:32,1.5360257159305635
800,17,23:49:32,23:49:37,1.0897247358851685
800,18,23:49:37,23:49:42,1.6393596310755
800,19,23:49:42,23:49:47,1.0
800,20,23:49:47,23:49:53,1.0540925533894598
900,1,23:49:53,23:49:58,0.9270248108869579
900,2,23:49:58,23:50:04,0.9270248108869579
900,3,23:50:04,23:50:10,0.6959705453537527
900,4,23:50:10,23:50:16,0.8660254037844386
900,5,23:50:16,23:50:22,1.3919410907075054
900,6,23:50:22,23:50:28,1.4947825928876748
900,7,23:50:28,23:50:34,1.6393596310755
900,8,23:50:34,23:50:40,1.165922381636102
900,9,23:50:40,23:50:45,0.8660254037844386
900,10,23:50:45,23:50:51,0.5
900,11,23:50:51,23:50:57,1.0897247358851685
900,12,23:50:57,23:51:03,1.1110243021644486
900,13,23:51:03,23:51:09,1.1110243021644486
900,14,23:51:09,23:51:15,0.9682458365518543
900,15,23:51:15,23:51:21,0.9428090415820634
900,16,23:51:21,23:51:27,0.8569568250501305
900,17,23:51:27,23:51:33,0.7806247497997998
900,18,23:51:33,23:51:38,0.8569568250501305
900,19,23:51:38,23:51:44,0.8660254037844386
900,20,23:51:44,23:51:50,0.9682458365518543
1000,1,23:51:50,23:51:56,1.0532687216470449
1000,2,23:51:56,23:52:03,0.9270248108869579
1000,3,23:52:03,23:52:09,0.8569568250501305
1000,4,23:52:09,23:52:16,0.7806247497997998
1000,5,23:52:16,23:52:22,0.8569568250501305
1000,6,23:52:22,23:52:29,1.3635890143294642
1000,7,23:52:29,23:52:35,1.6153559979150107
1000,8,23:52:35,23:52:42,1.713913650100261
1000,9,23:52:42,23:52:48,1.4142135623730951
1000,10,23:52:48,23:52:55,1.1989578808281798
1000,11,23:52:55,23:53:01,0.7806247497997998
1000,12,23:53:01,23:53:08,1.3919410907075054
1000,13,23:53:08,23:53:14,0.9921567416492215
1000,14,23:53:14,23:53:21,0.8660254037844386
1000,15,23:53:21,23:53:27,0.7806247497997998
1000,16,23:53:27,23:53:34,0.8569568250501305
1000,17,23:53:34,23:53:40,0.9270248108869579
1000,18,23:53:40,23:53:47,1.4142135623730951
1000,19,23:53:47,23:53:53,1.3635890143294642
1000,20,23:53:53,23:53:59,1.1110243021644486
100,1,02:54:21,02:54:21,1.0897247358851685
100,2,02:54:21,02:54:22,0.7806247497997998
100,3,02:54:22,02:54:23,1.5
100,4,02:54:23,02:54:23,1.5
100,5,02:54:23,02:54:24,1.1110243021644486
100,6,02:54:24,02:54:25,1.2686114456365274
100,7,02:54:25,02:54:26,0.82915619758885
100,8,02:54:26,02:54:26,1.1110243021644486
100,9,02:54:26,02:54:27,1.0897247358851685
100,10,02:54:27,02:54:28,0.6614378277661477
100,11,02:54:28,02:54:28,0.82915619758885
100,12,02:54:28,02:54:29,1.299038105676658
100,13,02:54:29,02:54:30,1.3919410907075054
100,14,02:54:30,02:54:30,1.0532687216470449
100,15,02:54:30,02:54:31,0.9682458365518543
100,16,02:54:31,02:54:32,0.82915619758885
100,17,02:54:32,02:54:33,1.165922381636102
100,18,02:54:33,02:54:33,2.0879116360612584
100,19,02:54:33,02:54:34,0.8748897637790901
100,20,02:54:34,02:54:35,0.9682458365518543
200,1,02:54:35,02:54:36,0.6614378277661477
200,2,02:54:36,02:54:37,1.299038105676658
200,3,02:54:37,02:54:39,0.9921567416492215
200,4,02:54:39,02:54:40,1.7320508075688772
200,5,02:54:40,02:54:42,1.2183492931011204
200,6,02:54:42,02:54:43,0.9270248108869579
200,7,02:54:43,02:54:44,1.5612494995995996
200,8,02:54:44,02:54:46,1.1547005383792515
200,9,02:54:46,02:54:47,1.0897247358851685
200,10,02:54:47,02:54:48,0.8660254037844386
200,11,02:54:48,02:54:50,0.9921567416492215
200,12,02:54:50,02:54:51,1.0897247358851685
200,13,02:54:51,02:54:52,1.5612494995995996
200,14,02:54:52,02:54:53,1.1989578808281798
200,15,02:54:53,02:54:55,0.8569568250501305
200,16,02:54:55,02:54:56,0.8569568250501305
200,17,02:54:56,02:54:57,0.82915619758885
200,18,02:54:57,02:54:59,0.9270248108869579
200,19,02:54:59,02:55:00,0.9921567416492215
200,20,02:55:00,02:55:01,0.6959705453537527
300,1,02:55:01,02:55:03,0.7071067811865476
300,2,02:55:03,02:55:05,1.3228756555322954
300,3,02:55:05,02:55:07,1.5360257159305635
300,4,02:55:07,02:55:09,1.118033988749895
300,5,02:55:09,02:55:11,0.6959705453537527
300,6,02:55:11,02:55:13,1.4523687548277813
300,7,02:55:13,02:55:15,1.1110243021644486
300,8,02:55:15,02:55:17,1.2183492931011204
300,9,02:55:17,02:55:19,1.2686114456365274
300,10,02:55:19,02:55:21,1.4086784586980805
300,11,02:55:21,02:55:23,0.9682458365518543
300,12,02:55:23,02:55:25,1.3146843962443593
300,13,02:55:25,02:55:27,0.8660254037844386
300,14,02:55:27,02:55:29,1.4086784586980805
300,15,02:55:29,02:55:31,0.9270248108869579
300,16,02:55:31,02:55:33,1.3169567191065923
300,17,02:55:33,02:55:35,0.9921567416492215
300,18,02:55:35,02:55:37,1.224744871391589
300,19,02:55:37,02:55:39,1.0
300,20,02:55:39,02:55:41,0.82915619758885
400,1,02:55:41,02:55:44,0.9921567416492215
400,2,02:55:44,02:55:46,1.749635530559413
400,3,02:55:46,02:55:49,0.9682458365518543
400,4,02:55:49,02:55:52,0.9270248108869579
400,5,02:55:52,02:55:54,0.7806247497997998
400,6,02:55:54,02:55:57,1.6153559979150107
400,7,02:55:57,02:55:59,1.5811388300841898
400,8,02:55:59,02:56:02,1.2686114456365274
400,9,02:56:02,02:56:05,1.0532687216470449
400,10,02:56:05,02:56:07,1.0897247358851685
400,11,02:56:07,02:56:10,0.989743318610787
400,12,02:56:10,02:56:13,0.7806247497997998
400,13,02:56:13,02:56:15,0.6959705453537527
400,14,02:56:15,02:56:18,0.8660254037844386
400,15,02:56:18,02:56:20,0.6959705453537527
400,16,02:56:20,02:56:23,0.7806247497997998
400,17,02:56:23,02:56:26,1.2862041003100249
400,18,02:56:26,02:56:28,0.9682458365518543
400,19,02:56:28,02:56:31,1.2183492931011204
400,20,02:56:31,02:56:34,0.7370277311900888
500,1,02:56:34,02:56:37,0.7806247497997998
500,2,02:56:37,02:56:41,1.3919410907075054
500,3,02:56:41,02:56:44,0.82915619758885
500,4,02:56:44,02:56:48,1.4142135623730951
500,5,02:56:48,02:56:51,1.118033988749895
500,6,02:56:51,02:56:54,1.0897247358851685
500,7,02:56:54,02:56:58,0.8569568250501305
500,8,02:56:58,02:57:01,1.0
500,9,02:57:01,02:57:04,0.7806247497997998
500,10,02:57:04,02:57:08,0.7806247497997998
500,11,02:57:08,02:57:11,1.4142135623730951
500,12,02:57:11,02:57:14,0.8660254037844386
500,13,02:57:14,02:57:18,1.0532687216470449
500,14,02:57:18,02:57:21,1.314684396244359
500,15,02:57:21,02:57:25,1.6583123951777
500,16,02:57:25,02:57:28,1.1110243021644486
500,17,02:57:28,02:57:31,0.9682458365518543
500,18,02:57:31,02:57:35,0.8569568250501305
500,19,02:57:35,02:57:38,1.3919410907075054
500,20,02:57:38,02:57:41,0.8660254037844386
600,1,02:57:41,02:57:45,0.9270248108869579
600,2,02:57:45,02:57:49,1.0532687216470449
600,3,02:57:49,02:57:53,1.4086784586980805
600,4,02:57:53,02:57:57,0.9921567416492215
600,5,02:57:57,02:58:01,1.1110243021644486
600,6,02:58:01,02:58:05,0.9682458365518543
600,7,02:58:05,02:58:09,1.165922381636102
600,8,02:58:09,02:58:13,0.9270248108869579
600,9,02:58:13,02:58:17,1.3425606637327303
600,10,02:58:17,02:58:22,1.1989578808281798
600,11,02:58:22,02:58:26,0.5994789404140899
600,12,02:58:26,02:58:30,0.8660254037844386
600,13,02:58:30,02:58:34,0.9682458365518543
600,14,02:58:34,02:58:38,1.1989578808281798
600,15,02:58:38,02:58:42,0.9921567416492215
600,16,02:58:42,02:58:46,0.7806247497997998
600,17,02:58:46,02:58:49,0.9682458365518543
600,18,02:58:49,02:58:54,0.9921567416492215
600,19,02:58:54,02:58:57,1.1989578808281798
600,20,02:58:57,02:59:02,0.82915619758885
700,1,02:59:02,02:59:06,1.0897247358851685
700,2,02:59:06,02:59:11,1.0532687216470449
700,3,02:59:11,02:59:17,0.9428090415820634
700,4,02:59:17,02:59:21,1.299038105676658
700,5,02:59:21,02:59:26,1.0532687216470449
700,6,02:59:26,02:59:31,0.9682458365518543
700,7,02:59:31,02:59:36,1.0532687216470449
700,8,02:59:36,02:59:40,1.2183492931011204
700,9,02:59:40,02:59:45,0.8569568250501305
700,10,02:59:45,02:59:50,1.224744871391589
700,11,02:59:50,02:59:54,0.8660254037844386
700,12,02:59:54,02:59:59,1.165922381636102
700,13,02:59:59,03:00:04,1.8027756377319946
700,14,03:00:04,03:00:08,1.2686114456365274
700,15,03:00:08,03:00:13,1.653594569415369
700,16,03:00:13,03:00:18,1.118033988749895
700,17,03:00:18,03:00:22,1.2686114456365274
700,18,03:00:22,03:00:27,1.165922381636102
700,19,03:00:27,03:00:32,1.4086784586980805
700,20,03:00:32,03:00:37,0.9682458365518543
800,1,03:00:37,03:00:42,0.9682458365518543
800,2,03:00:42,03:00:47,0.9921567416492215
800,3,03:00:47,03:00:53,0.8314794192830981
800,4,03:00:53,03:00:58,1.0532687216470449
800,5,03:00:58,03:01:03,0.8660254037844386
800,6,03:01:03,03:01:09,1.1110243021644486
800,7,03:01:09,03:01:14,1.2686114456365274
800,8,03:01:14,03:01:19,0.9270248108869579
800,9,03:01:19,03:01:24,0.9270248108869579
800,10,03:01:24,03:01:30,1.3635890143294642
800,11,03:01:30,03:01:35,1.0897247358851685
800,12,03:01:35,03:01:40,0.6614378277661477
800,13,03:01:40,03:01:46,1.479019945774904
800,14,03:01:46,03:01:51,0.5994789404140899
800,15,03:01:51,03:01:57,1.3169567191065923
800,16,03:01:57,03:02:02,0.9921567416492215
800,17,03:02:02,03:02:07,0.9270248108869579
800,18,03:02:07,03:02:12,0.9921567416492215
800,19,03:02:12,03:02:18,0.6614378277661477
800,20,03:02:18,03:02:23,0.9921567416492215
900,1,03:02:23,03:02:29,0.8569568250501305
900,2,03:02:29,03:02:35,0.8660254037844386
900,3,03:02:35,03:02:41,1.3919410907075054
900,4,03:02:41,03:02:47,0.7806247497997998
900,5,03:02:47,03:02:53,0.82915619758885
900,6,03:02:53,03:02:59,0.9682458365518543
900,7,03:02:59,03:03:05,1.1110243021644486
900,8,03:03:05,03:03:10,0.8569568250501305
900,9,03:03:10,03:03:16,1.118033988749895
900,10,03:03:16,03:03:22,0.6959705453537527
900,11,03:03:22,03:03:28,1.0
900,12,03:03:28,03:03:34,0.7071067811865476
900,13,03:03:34,03:03:40,0.9162456945817024
900,14,03:03:40,03:03:47,0.816496580927726
900,15,03:03:47,03:03:53,0.9682458365518543
900,16,03:03:53,03:03:59,1.3333333333333333
900,17,03:03:59,03:04:05,0.8660254037844386
900,18,03:04:05,03:04:11,0.8569568250501305
900,19,03:04:11,03:04:17,1.165922381636102
900,20,03:04:17,03:04:23,0.8569568250501305
1000,1,03:04:23,03:04:30,0.9270248108869579
1000,2,03:04:30,03:04:37,1.1989578808281798
1000,3,03:04:37,03:04:43,1.0897247358851685
1000,4,03:04:43,03:04:50,0.7806247497997998
1000,5,03:04:50,03:04:57,1.0897247358851685
1000,6,03:04:57,03:05:03,1.7853571071357126
1000,7,03:05:03,03:05:10,1.0532687216470449
1000,8,03:05:10,03:05:16,0.7806247497997998
1000,9,03:05:16,03:05:23,1.0
1000,10,03:05:23,03:05:29,1.1110243021644486
1000,11,03:05:29,03:05:36,0.6614378277661477
1000,12,03:05:36,03:05:42,0.82915619758885
1000,13,03:05:42,03:05:49,1.0304020550550783
1000,14,03:05:49,03:05:56,0.8660254037844386
1000,15,03:05:56,03:06:02,0.8660254037844386
1000,16,03:06:02,03:06:09,1.165922381636102
1000,17,03:06:09,03:06:15,1.165922381636102
1000,18,03:06:15,03:06:22,0.9682458365518543
1000,19,03:06:22,03:06:28,0.9921567416492215
1000,20,03:06:28,03:06:35,1.165922381636102
100,1,06:07:59,06:07:59,0.9270248108869579
100,2,06:07:59,06:08:00,1.1110243021644486
100,3,06:08:00,06:08:01,0.9270248108869579
100,4,06:08:01,06:08:01,1.299038105676658
100,5,06:08:01,06:08:02,0.9921567416492215
100,6,06:08:02,06:08:03,1.118033988749895
100,7,06:08:03,06:08:03,0.8660254037844386
100,8,06:08:03,06:08:04,1.165922381636102
100,9,06:08:04,06:08:05,0.9270248108869579
100,10,06:08:05,06:08:06,0.9921567416492215
100,11,06:08:06,06:08:06,0.8569568250501305
100,12,06:08:06,06:08:07,0.8569568250501305
100,13,06:08:07,06:08:08,0.9270248108869579
100,14,06:08:08,06:08:08,1.479019945774904
100,15,06:08:08,06:08:09,0.9682458365518543
100,16,06:08:09,06:08:10,1.165922381636102
100,17,06:08:10,06:08:10,1.118033988749895
100,18,06:08:10,06:08:11,1.3919410907075054
100,19,06:08:11,06:08:12,0.9270248108869579
100,20,06:08:12,06:08:12,0.9921567416492215
200,1,06:08:12,06:08:14,0.9162456945817022
200,2,06:08:14,06:08:15,1.2686114456365274
200,3,06:08:15,06:08:16,1.3333333333333333
200,4,06:08:16,06:08:18,1.4142135623730951
200,5,06:08:18,06:08:19,0.82915619758885
200,6,06:08:19,06:08:21,0.82915619758885
200,7,06:08:21,06:08:22,0.8660254037844386
200,8,06:08:22,06:08:23,1.0
200,9,06:08:23,06:08:25,1.1989578808281798
200,10,06:08:25,06:08:26,1.3228756555322954
200,11,06:08:26,06:08:27,1.118033988749895
200,12,06:08:27,06:08:29,0.7806247497997998
200,13,06:08:29,06:08:30,1.7275343701356567
200,14,06:08:30,06:08:31,1.7275343701356567
200,15,06:08:31,06:08:33,0.7806247497997998
200,16,06:08:33,06:08:34,1.2686114456365274
200,17,06:08:34,06:08:36,1.4947825928876748
200,18,06:08:36,06:08:37,0.8569568250501305
200,19,06:08:37,06:08:38,0.6959705453537527
200,20,06:08:38,06:08:40,1.4142135623730951
300,1,06:08:40,06:08:42,0.9270248108869579
300,2,06:08:42,06:08:44,0.5994789404140899
300,3,06:08:44,06:08:45,1.118033988749895
300,4,06:08:45,06:08:48,0.82915619758885
300,5,06:08:48,06:08:50,0.7806247497997998
300,6,06:08:50,06:08:52,1.1989578808281798
300,7,06:08:52,06:08:54,0.7806247497997998
300,8,06:08:54,06:08:56,1.299038105676658
300,9,06:08:56,06:08:58,0.8569568250501305
300,10,06:08:58,06:09:00,0.7806247497997998
300,11,06:09:00,06:09:02,1.247219128924647
300,12,06:09:02,06:09:04,1.1110243021644486
300,13,06:09:04,06:09:06,1.6909686573085854
300,14,06:09:06,06:09:08,0.9682458365518543
300,15,06:09:08,06:09:10,0.9682458365518543
300,16,06:09:10,06:09:12,1.2183492931011204
300,17,06:09:12,06:09:14,0.82915619758885
300,18,06:09:14,06:09:16,1.1110243021644486
300,19,06:09:16,06:09:19,0.9682458365518543
300,20,06:09:19,06:09:21,0.8569568250501305
400,1,06:09:21,06:09:23,0.9270248108869579
400,2,06:09:23,06:09:26,0.9682458365518543
400,3,06:09:26,06:09:28,1.165922381636102
400,4,06:09:28,06:09:31,0.8569568250501305
400,5,06:09:31,06:09:34,1.1110243021644486
400,6,06:09:34,06:09:37,1.224744871391589
400,7,06:09:37,06:09:40,1.3169567191065923
400,8,06:09:40,06:09:43,1.5761900266148114
400,9,06:09:43,06:09:45,0.9682458365518543
400,10,06:09:45,06:09:48,1.3635890143294642
400,11,06:09:48,06:09:51,1.1110243021644486
400,12,06:09:51,06:09:54,1.165922381636102
400,13,06:09:54,06:09:56,0.7806247497997998
400,14,06:09:56,06:09:59,0.9682458365518543
400,15,06:09:59,06:10:01,0.9682458365518543
400,16,06:10:01,06:10:04,1.3228756555322954
400,17,06:10:04,06:10:07,0.82915619758885
400,18,06:10:07,06:10:10,1.1989578808281798
400,19,06:10:10,06:10:12,0.8748897637790901
400,20,06:10:12,06:10:15,0.9921567416492215
500,1,06:10:15,06:10:19,0.8660254037844386
500,2,06:10:19,06:10:22,0.6614378277661477
500,3,06:10:22,06:10:25,1.0897247358851685
500,4,06:10:25,06:10:29,0.9270248108869579
500,5,06:10:29,06:10:32,1.3228756555322954
500,6,06:10:32,06:10:35,0.8660254037844386
500,7,06:10:35,06:10:39,1.0532687216470449
500,8,06:10:39,06:10:42,0.9921567416492215
500,9,06:10:42,06:10:46,0.9270248108869579
500,10,06:10:46,06:10:49,0.9270248108869579
500,11,06:10:49,06:10:52,1.118033988749895
500,12,06:10:52,06:10:56,1.5612494995995996
500,13,06:10:56,06:10:59,1.0
500,14,06:10:59,06:11:02,0.82915619758885
500,15,06:11:02,06:11:05,0.5994789404140899
500,16,06:11:05,06:11:09,1.1989578808281798
500,17,06:11:09,06:11:12,0.9921567416492215
500,18,06:11:12,06:11:16,0.9682458365518543
500,19,06:11:16,06:11:19,0.6614378277661477
500,20,06:11:19,06:11:22,1.2686114456365274
600,1,06:11:22,06:11:26,1.299038105676658
600,2,06:11:26,06:11:30,0.7806247497997998
600,3,06:11:30,06:11:34,1.118033988749895
600,4,06:11:34,06:11:38,1.0
600,5,06:11:38,06:11:42,1.479019945774904
600,6,06:11:42,06:11:46,0.7071067811865476
600,7,06:11:46,06:11:49,0.9270248108869579
600,8,06:11:49,06:11:53,1.3919410907075054
600,9,06:11:53,06:11:57,0.82915619758885
600,10,06:11:57,06:12:01,1.0532687216470449
600,11,06:12:01,06:12:05,1.0897247358851685
600,12,06:12:05,06:12:09,1.4523687548277813
600,13,06:12:09,06:12:13,0.8660254037844386
600,14,06:12:13,06:12:17,1.479019945774904
600,15,06:12:17,06:12:21,1.0532687216470449
600,16,06:12:21,06:12:25,0.9682458365518543
600,17,06:12:25,06:12:29,1.0532687216470449
600,18,06:12:29,06:12:33,1.299038105676658
600,19,06:12:33,06:12:37,0.9921567416492215
600,20,06:12:37,06:12:40,1.6393596310755
700,1,06:12:40,06:12:45,1.0897247358851685
700,2,06:12:45,06:12:50,0.9270248108869579
700,3,06:12:50,06:12:54,0.9682458365518543
700,4,06:12:54,06:12:59,1.479019945774904
700,5,06:12:59,06:13:03,0.6959705453537527
700,6,06:13:03,06:13:08,1.4086784586980805
700,7,06:13:08,06:13:12,1.4947825928876748
700,8,06:13:12,06:13:17,1.224744871391589
700,9,06:13:17,06:13:22,0.9270248108869579
700,10,06:13:22,06:13:26,0.82915619758885
700,11,06:13:26,06:13:31,0.6614378277661477
700,12,06:13:31,06:13:35,1.0
700,13,06:13:35,06:13:40,1.479019945774904
700,14,06:13:40,06:13:45,1.3169567191065923
700,15,06:13:45,06:13:49,0.8569568250501305
700,16,06:13:49,06:13:54,0.7806247497997998
700,17,06:13:54,06:13:58,0.8660254037844386
700,18,06:13:58,06:14:03,0.82915619758885
700,19,06:14:03,06:14:07,0.9682458365518543
700,20,06:14:07,06:14:12,1.0
800,1,06:14:12,06:14:17,0.8569568250501305
800,2,06:14:17,06:14:22,1.1989578808281798
800,3,06:14:22,06:14:27,0.7071067811865476
800,4,06:14:27,06:14:33,0.8569568250501305
800,5,06:14:33,06:14:38,1.118033988749895
800,6,06:14:38,06:14:43,0.8660254037844386
800,7,06:14:43,06:14:48,0.7806247497997998
800,8,06:14:48,06:14:53,0.8660254037844386
800,9,06:14:53,06:14:58,0.8569568250501305
800,10,06:14:58,06:15:04,0.82915619758885
800,11,06:15:04,06:15:09,0.82915619758885
800,12,06:15:09,06:15:14,1.1989578808281798
800,13,06:15:14,06:15:20,0.82915619758885
800,14,06:15:20,06:15:25,0.82915619758885
800,15,06:15:25,06:15:30,1.5761900266148114
800,16,06:15:30,06:15:35,1.299038105676658
800,17,06:15:35,06:15:40,1.1989578808281798
800,18,06:15:40,06:15:45,0.8660254037844386
800,19,06:15:45,06:15:51,1.996089927833914
800,20,06:15:51,06:15:56,1.0
900,1,06:15:56,06:16:02,1.0897247358851685
900,2,06:16:02,06:16:08,0.9270248108869579
900,3,06:16:08,06:16:14,0.82915619758885
900,4,06:16:14,06:16:20,0.8569568250501305
900,5,06:16:20,06:16:26,0.6614378277661477
900,6,06:16:26,06:16:31,0.8569568250501305
900,7,06:16:31,06:16:37,0.9270248108869579
900,8,06:16:37,06:16:43,0.82915619758885
900,9,06:16:43,06:16:49,0.82915619758885
900,10,06:16:49,06:16:55,0.6959705453537527
900,11,06:16:55,06:17:01,0.9921567416492215
900,12,06:17:01,06:17:06,0.5994789404140899
900,13,06:17:06,06:17:13,1.299038105676658
900,14,06:17:13,06:17:18,0.8569568250501305
900,15,06:17:18,06:17:24,1.1110243021644486
900,16,06:17:24,06:17:30,0.9270248108869579
900,17,06:17:30,06:17:35,1.165922381636102
900,18,06:17:35,06:17:41,0.9270248108869579
900,19,06:17:41,06:17:47,0.7071067811865476
900,20,06:17:47,06:17:53,1.479019945774904
1000,1,06:17:53,06:18:00,0.8660254037844386
1000,2,06:18:00,06:18:06,1.1110243021644486
1000,3,06:18:06,06:18:13,0.9921567416492215
1000,4,06:18:13,06:18:19,1.1989578808281798
1000,5,06:18:19,06:18:26,1.299038105676658
1000,6,06:18:26,06:18:33,0.9938079899999066
1000,7,06:18:33,06:18:39,1.165922381636102
1000,8,06:18:39,06:18:46,0.7806247497997998
1000,9,06:18:46,06:18:52,0.9921567416492215
1000,10,06:18:52,06:18:59,1.165922381636102
1000,11,06:18:59,06:19:06,1.5
1000,12,06:19:06,06:19:12,1.3228756555322954
1000,13,06:19:12,06:19:19,1.5811388300841898
1000,14,06:19:19,06:19:25,0.9270248108869579
1000,15,06:19:25,06:19:32,0.9682458365518543
1000,16,06:19:32,06:19:38,0.82915619758885
1000,17,06:19:38,06:19:45,1.0897247358851685
1000,18,06:19:45,06:19:51,0.9682458365518543
1000,19,06:19:51,06:19:58,0.816496580927726
1000,20,06:19:58,06:20:05,0.5994789404140899
100,1,09:21:03,09:21:03,1.0532687216470449
100,2,09:21:03,09:21:04,0.9270248108869579
100,3,09:21:04,09:21:05,1.1110243021644486
100,4,09:21:05,09:21:05,1.0897247358851685
100,5,09:21:05,09:21:06,1.3169567191065923
100,6,09:21:06,09:21:07,1.9364916731037085
100,7,09:21:07,09:21:07,1.5811388300841898
100,8,09:21:07,09:21:08,0.8660254037844386
100,9,09:21:08,09:21:09,0.82915619758885
100,10,09:21:09,09:21:09,1.8328597873268975
100,11,09:21:09,09:21:10,1.2183492931011204
100,12,09:21:10,09:21:11,1.0532687216470449
100,13,09:21:11,09:21:11,0.82915619758885
100,14,09:21:11,09:21:12,0.9270248108869579
100,15,09:21:12,09:21:13,0.8660254037844386
100,16,09:21:13,09:21:13,0.9428090415820634
100,17,09:21:13,09:21:14,1.299038105676658
100,18,09:21:14,09:21:15,1.2183492931011204
100,19,09:21:15,09:21:15,1.6153559979150107
100,20,09:21:15,09:21:16,0.5994789404140899
200,1,09:21:16,09:21:17,0.82915619758885
200,2,09:21:17,09:21:19,1.3997084244475304
200,3,09:21:19,09:21:20,0.8660254037844386
200,4,09:21:20,09:21:22,1.224744871391589
200,5,09:21:22,09:21:23,1.713913650100261
200,6,09:21:23,09:21:24,1.653594569415369
200,7,09:21:24,09:21:26,1.1110243021644486
200,8,09:21:26,09:21:27,1.3228756555322954
200,9,09:21:27,09:21:28,0.9921567416492215
200,10,09:21:28,09:21:30,0.9270248108869579
200,11,09:21:30,09:21:31,1.3635890143294642
200,12,09:21:31,09:21:32,0.8748897637790901
200,13,09:21:32,09:21:34,0.8660254037844386
200,14,09:21:34,09:21:35,0.8660254037844386
200,15,09:21:35,09:21:36,1.5
200,16,09:21:36,09:21:38,0.9921567416492215
200,17,09:21:38,09:21:39,0.82915619758885
200,18,09:21:39,09:21:40,0.9682458365518543
200,19,09:21:40,09:21:42,0.8660254037844386
200,20,09:21:42,09:21:44,0.8569568250501305
300,1,09:21:44,09:21:46,0.9921567416492215
300,2,09:21:46,09:21:48,0.9270248108869579
300,3,09:21:48,09:21:50,1.2183492931011204
300,4,09:21:50,09:21:52,0.9270248108869579
300,5,09:21:52,09:21:54,0.6614378277661477
300,6,09:21:54,09:21:56,0.6959705453537527
300,7,09:21:56,09:21:58,0.7071067811865476
300,8,09:21:58,09:22:00,0.5345224838248488
300,9,09:22:00,09:22:02,1.5
300,10,09:22:02,09:22:04,0.82915619758885
300,11,09:22:04,09:22:06,0.82915619758885
300,12,09:22:06,09:22:08,1.299038105676658
300,13,09:22:08,09:22:10,0.6959705453537527
300,14,09:22:10,09:22:12,1.6153559979150107
300,15,09:22:12,09:22:14,0.7370277311900889
300,16,09:22:14,09:22:16,1.0897247358851685
300,17,09:22:16,09:22:18,1.2453996981544782
300,18,09:22:18,09:22:20,0.7806247497997998
300,19,09:22:20,09:22:22,0.8569568250501305
300,20,09:22:22,09:22:24,0.9682458365518543
400,1,09:22:24,09:22:27,0.7806247497997998
400,2,09:22:27,09:22:30,0.816496580927726
400,3,09:22:30,09:22:33,1.4523687548277813
400,4,09:22:33,09:22:35,1.2183492931011204
400,5,09:22:35,09:22:38,0.9682458365518543
400,6,09:22:38,09:22:41,1.2686114456365274
400,7,09:22:41,09:22:43,1.0897247358851685
400,8,09:22:43,09:22:46,1.5761900266148114
400,9,09:22:46,09:22:49,0.9270248108869579
400,10,09:22:49,09:22:52,0.8660254037844386
400,11,09:22:52,09:22:54,0.8569568250501305
400,12,09:22:54,09:22:57,1.4086784586980805
400,13,09:22:57,09:23:00,0.7806247497997998
400,14,09:23:00,09:23:02,1.118033988749895
400,15,09:23:02,09:23:05,0.6959705453537527
400,16,09:23:05,09:23:08,1.1989578808281798
400,17,09:23:08,09:23:10,1.299038105676658
400,18,09:23:10,09:23:13,1.0304020550550783
400,19,09:23:13,09:23:16,0.8660254037844386
400,20,09:23:16,09:23:19,0.8569568250501305
500,1,09:23:19,09:23:22,0.9270248108869579
500,2,09:23:22,09:23:25,1.3919410907075054
500,3,09:23:25,09:23:28,0.7806247497997998
500,4,09:23:28,09:23:32,0.8569568250501305
500,5,09:23:32,09:23:36,0.6614378277661477
500,6,09:23:36,09:23:39,0.7806247497997998
500,7,09:23:39,09:23:42,0.8660254037844386
500,8,09:23:42,09:23:46,0.6614378277661477
500,9,09:23:46,09:23:49,0.7071067811865476
500,10,09:23:49,09:23:52,1.2686114456365274
500,11,09:23:52,09:23:56,0.8569568250501305
500,12,09:23:56,09:23:59,0.9682458365518543
500,13,09:23:59,09:24:03,1.1110243021644486
500,14,09:24:03,09:24:06,1.4947825928876748
500,15,09:24:06,09:24:09,1.0897247358851685
500,16,09:24:09,09:24:12,0.9270248108869579
500,17,09:24:12,09:24:16,0.6614378277661477
500,18,09:24:16,09:24:20,0.8569568250501305
500,19,09:24:20,09:24:23,0.9270248108869579
500,20,09:24:23,09:24:26,1.4086784586980805
600,1,09:24:26,09:24:30,1.1110243021644486
600,2,09:24:30,09:24:34,1.1547005383792515
600,3,09:24:34,09:24:38,0.9270248108869579
600,4,09:24:38,09:24:42,1.0
600,5,09:24:42,09:24:46,0.9270248108869579
600,6,09:24:46,09:24:50,0.7071067811865476
600,7,09:24:50,09:24:54,0.8660254037844386
600,8,09:24:54,09:24:58,1.1547005383792515
600,9,09:24:58,09:25:02,0.6614378277661477
600,10,09:25:02,09:25:06,1.1110243021644486
600,11,09:25:06,09:25:10,1.2686114456365274
600,12,09:25:10,09:25:14,0.7071067811865476
600,13,09:25:14,09:25:18,0.7806247497997998
600,14,09:25:18,09:25:22,0.9270248108869579
600,15,09:25:22,09:25:26,0.82915619758885
600,16,09:25:26,09:25:30,1.1989578808281798
600,17,09:25:30,09:25:34,1.479019945774904
600,18,09:25:34,09:25:38,0.9270248108869579
600,19,09:25:38,09:25:43,1.1110243021644486
600,20,09:25:43,09:25:47,0.7559289460184544
700,1,09:25:47,09:25:51,0.9270248108869579
700,2,09:25:51,09:25:56,0.7806247497997998
700,3,09:25:56,09:26:01,0.9921567416492215
700,4,09:26:01,09:26:05,1.6583123951777
700,5,09:26:05,09:26:11,1.2183492931011204
700,6,09:26:11,09:26:15,1.3169567191065923
700,7,09:26:15,09:26:20,1.3169567191065923
700,8,09:26:20,09:26:24,0.8569568250501305
700,9,09:26:24,09:26:29,0.6959705453537527
700,10,09:26:29,09:26:34,0.6614378277661477
700,11,09:26:34,09:26:39,1.0897247358851685
700,12,09:26:39,09:26:43,0.8660254037844386
700,13,09:26:43,09:26:48,0.9270248108869579
700,14,09:26:48,09:26:52,0.8660254037844386
700,15,09:26:52,09:26:57,1.0
700,16,09:26:57,09:27:02,0.82915619758885
700,17,09:27:02,09:27:06,1.3228756555322954
700,18,09:27:06,09:27:11,1.1989578808281798
700,19,09:27:11,09:27:16,1.257078722109418
700,20,09:27:16,09:27:21,1.2183492931011204
800,1,09:27:21,09:27:26,1.165922381636102
800,2,09:27:26,09:27:31,1.3919410907075054
800,3,09:27:31,09:27:37,0.8748897637790902
800,4,09:27:37,09:27:43,1.118033988749895
800,5,09:27:43,09:27:48,1.5612494995995996
800,6,09:27:48,09:27:54,1.0897247358851685
800,7,09:27:54,09:27:59,0.7806247497997998
800,8,09:27:59,09:28:04,0.9270248108869579
800,9,09:28:04,09:28:09,0.9270248108869579
800,10,09:28:09,09:28:14,0.82915619758885
800,11,09:28:14,09:28:20,1.0897247358851685
800,12,09:28:20,09:28:25,0.8660254037844386
800,13,09:28:25,09:28:31,1.4086784586980805
800,14,09:28:31,09:28:36,0.9682458365518543
800,15,09:28:36,09:28:42,1.0897247358851685
800,16,09:28:42,09:28:47,0.9921567416492215
800,17,09:28:47,09:28:52,1.6583123951777
800,18,09:28:52,09:28:57,0.9270248108869579
800,19,09:28:57,09:29:02,1.224744871391589
800,20,09:29:02,09:29:08,2.165063509461097
900,1,09:29:08,09:29:14,0.9270248108869579
900,2,09:29:14,09:29:20,1.224744871391589
900,3,09:29:20,09:29:26,0.8660254037844386
900,4,09:29:26,09:29:33,1.4947825928876748
900,5,09:29:33,09:29:38,1.9897697538834458
900,6,09:29:38,09:29:44,0.6614378277661477
900,7,09:29:44,09:29:50,1.1110243021644486
900,8,09:29:50,09:29:56,0.9270248108869579
900,9,09:29:56,09:30:02,1.5
900,10,09:30:02,09:30:08,0.9270248108869579
900,11,09:30:08,09:30:14,0.82915619758885
900,12,09:30:14,09:30:21,0.8569568250501305
900,13,09:30:21,09:30:27,0.9682458365518543
900,14,09:30:27,09:30:33,1.4086784586980805
900,15,09:30:33,09:30:39,0.9270248108869579
900,16,09:30:39,09:30:45,0.9270248108869579
900,17,09:30:45,09:30:51,1.0
900,18,09:30:51,09:30:57,0.9270248108869579
900,19,09:30:57,09:31:03,0.9270248108869579
900,20,09:31:03,09:31:09,1.3169567191065923
1000,1,09:31:09,09:31:15,1.118033988749895
1000,2,09:31:15,09:31:21,0.8569568250501305
1000,3,09:31:21,09:31:28,1.224744871391589
1000,4,09:31:28,09:31:35,1.2183492931011204
1000,5,09:31:35,09:31:41,0.8569568250501305
1000,6,09:31:41,09:31:48,0.9270248108869579
1000,7,09:31:48,09:31:55,1.5612494995995996
1000,8,09:31:55,09:32:01,0.8660254037844386
1000,9,09:32:01,09:32:07,0.8660254037844386
1000,10,09:32:07,09:32:14,0.9270248108869579
1000,11,09:32:14,09:32:21,0.7071067811865476
1000,12,09:32:21,09:32:27,0.8660254037844386
1000,13,09:32:27,09:32:33,0.9270248108869579
1000,14,09:32:33,09:32:40,0.7806247497997998
1000,15,09:32:40,09:32:47,1.0532687216470449
1000,16,09:32:47,09:32:53,0.7806247497997998
1000,17,09:32:53,09:33:00,0.9682458365518543
1000,18,09:33:00,09:33:07,1.594744454934147
1000,19,09:33:07,09:33:13,0.8660254037844386
1000,20,09:33:13,09:33:20,0.9682458365518543
100,1,12:35:10,12:35:11,0.82915619758885
100,2,12:35:11,12:35:12,0.6388765649999398
100,3,12:35:12,12:35:12,1.6583123951777
100,4,12:35:12,12:35:13,1.761261143705422
100,5,12:35:13,12:35:14,1.0532687216470449
100,6,12:35:14,12:35:14,1.1110243021644486
100,7,12:35:14,12:35:15,0.8569568250501305
100,8,12:35:15,12:35:16,1.7320508075688772
100,9,12:35:16,12:35:16,0.9682458365518543
100,10,12:35:16,12:35:17,0.9270248108869579
100,11,12:35:17,12:35:18,0.9270248108869579
100,12,12:35:18,12:35:18,1.3169567191065923
100,13,12:35:18,12:35:19,1.8027756377319946
100,14,12:35:19,12:35:20,1.7728105208558367
100,15,12:35:20,12:35:20,1.4086784586980805
100,16,12:35:20,12:35:21,1.118033988749895
100,17,12:35:21,12:35:22,1.224744871391589
100,18,12:35:22,12:35:22,1.1110243021644486
100,19,12:35:22,12:35:23,0.9270248108869579
100,20,12:35:23,12:35:24,1.6909686573085854
200,1,12:35:24,12:35:25,0.8660254037844386
200,2,12:35:25,12:35:26,1.2183492931011204
200,3,12:35:26,12:35:28,0.7806247497997998
200,4,12:35:28,12:35:29,1.299038105676658
200,5,12:35:29,12:35:30,1.8257418583505538
200,6,12:35:30,12:35:32,0.8660254037844386
200,7,12:35:32,12:35:33,0.5994789404140899
200,8,12:35:33,12:35:35,1.6153559979150107
200,9,12:35:35,12:35:37,1.1110243021644486
200,10,12:35:37,12:35:38,0.9270248108869579
200,11,12:35:38,12:35:39,0.9270248108869579
200,12,12:35:39,12:35:41,1.1653431646335017
200,13,12:35:41,12:35:42,0.7806247497997998
200,14,12:35:42,12:35:43,0.9921567416492215
200,15,12:35:43,12:35:44,1.0
200,16,12:35:44,12:35:46,1.0
200,17,12:35:46,12:35:47,0.7806247497997998
200,18,12:35:47,12:35:48,0.8660254037844386
200,19,12:35:48,12:35:50,1.3169567191065923
200,20,12:35:50,12:35:51,0.9682458365518543
300,1,12:35:51,12:35:53,0.8660254037844386
300,2,12:35:53,12:35:55,1.3169567191065923
300,3,12:35:55,12:35:57,0.82915619758885
300,4,12:35:57,12:35:58,0.9270248108869579
300,5,12:35:58,12:36:00,0.9682458365518543
300,6,12:36:00,12:36:02,0.82915619758885
300,7,12:36:02,12:36:05,1.299038105676658
300,8,12:36:05,12:36:07,0.9270248108869579
300,9,12:36:07,12:36:09,0.9921567416492215
300,10,12:36:09,12:36:11,1.4086784586980805
300,11,12:36:11,12:36:13,0.6998542122237652
300,12,12:36:13,12:36:15,1.0532687216470449
300,13,12:36:15,12:36:17,1.224744871391589
300,14,12:36:17,12:36:18,0.8569568250501305
300,15,12:36:18,12:36:20,0.6998542122237652
300,16,12:36:20,12:36:22,1.6996731711975948
300,17,12:36:22,12:36:24,1.165922381636102
300,18,12:36:24,12:36:26,1.118033988749895
300,19,12:36:26,12:36:28,1.3635890143294642
300,20,12:36:28,12:36:30,1.4142135623730951
400,1,12:36:30,12:36:33,0.8569568250501305
400,2,12:36:33,12:36:36,1.0532687216470449
400,3,12:36:36,12:36:38,0.8660254037844386
400,4,12:36:38,12:36:41,1.5612494995995996
400,5,12:36:41,12:36:43,1.5
400,6,12:36:43,12:36:46,0.7806247497997998
400,7,12:36:46,12:36:49,1.3635890143294642
400,8,12:36:49,12:36:51,1.5811388300841898
400,9,12:36:51,12:36:54,0.82915619758885
400,10,12:36:54,12:36:57,0.8569568250501305
400,11,12:36:57,12:36:59,1.5811388300841898
400,12,12:36:59,12:37:02,1.0532687216470449
400,13,12:37:02,12:37:05,2.222048604328897
400,14,12:37:05,12:37:08,1.3228756555322954
400,15,12:37:08,12:37:10,0.9270248108869579
400,16,12:37:10,12:37:13,0.9921567416492215
400,17,12:37:13,12:37:16,0.82915619758885
400,18,12:37:16,12:37:18,1.6393596310755
400,19,12:37:18,12:37:21,1.299038105676658
400,20,12:37:21,12:37:24,1.224744871391589
500,1,12:37:24,12:37:27,1.5612494995995996
500,2,12:37:27,12:37:30,0.82915619758885
500,3,12:37:30,12:37:34,1.4086784586980805
500,4,12:37:34,12:37:38,0.9921567416492215
500,5,12:37:38,12:37:41,1.4523687548277813
500,6,12:37:41,12:37:44,1.4947825928876748
500,7,12:37:44,12:37:48,0.9938079899999064
500,8,12:37:48,12:37:51,0.8569568250501305
500,9,12:37:51,12:37:54,0.9270248108869579
500,10,12:37:54,12:37:57,0.8569568250501305
500,11,12:37:57,12:38:01,1.0532687216470449
500,12,12:38:01,12:38:05,1.3228756555322954
500,13,12:38:05,12:38:08,1.4523687548277813
500,14,12:38:08,12:38:11,0.82915619758885
500,15,12:38:11,12:38:14,0.9682458365518543
500,16,12:38:14,12:38:18,1.2183492931011204
500,17,12:38:18,12:38:21,1.4947825928876748
500,18,12:38:21,12:38:24,1.0532687216470449
500,19,12:38:24,12:38:27,0.8314794192830981
500,20,12:38:27,12:38:31,1.3635890143294642
600,1,12:38:31,12:38:35,1.4142135623730951
600,2,12:38:35,12:38:39,0.9270248108869579
600,3,12:38:39,12:38:43,1.165922381636102
600,4,12:38:43,12:38:47,0.9428090415820634
600,5,12:38:47,12:38:51,1.165922381636102
600,6,12:38:51,12:38:55,0.7071067811865476
600,7,12:38:55,12:38:59,0.9921567416492215
600,8,12:38:59,12:39:04,0.9270248108869579
600,9,12:39:04,12:39:08,0.8660254037844386
600,10,12:39:08,12:39:12,0.6614378277661477
600,11,12:39:12,12:39:16,0.6614378277661477
600,12,12:39:16,12:39:20,1.479019945774904
600,13,12:39:20,12:39:24,0.7806247497997998
600,14,12:39:24,12:39:28,0.9921567416492215
600,15,12:39:28,12:39:32,0.9682458365518543
600,16,12:39:32,12:39:37,0.8569568250501305
600,17,12:39:37,12:39:41,1.4907119849998596
600,18,12:39:41,12:39:45,1.299038105676658
600,19,12:39:45,12:39:49,1.0540925533894598
600,20,12:39:49,12:39:53,1.0
700,1,12:39:53,12:39:58,0.8660254037844386
700,2,12:39:58,12:40:03,1.3169567191065923
700,3,12:40:03,12:40:07,0.9270248108869579
700,4,12:40:07,12:40:12,0.8660254037844386
700,5,12:40:12,12:40:16,0.9921567416492215
700,6,12:40:16,12:40:21,1.4142135623730951
700,7,12:40:21,12:40:26,1.0
700,8,12:40:26,12:40:31,1.165922381636102
700,9,12:40:31,12:40:36,0.9682458365518543
700,10,12:40:36,12:40:40,1.3635890143294642
700,11,12:40:40,12:40:45,0.9921567416492215
700,12,12:40:45,12:40:49,1.0532687216470449
700,13,12:40:49,12:40:54,1.0897247358851685
700,14,12:40:54,12:40:59,1.2686114456365274
700,15,12:40:59,12:41:04,1.4086784586980805
700,16,12:41:04,12:41:08,1.6393596310755
700,17,12:41:08,12:41:13,1.3635890143294642
700,18,12:41:13,12:41:17,1.4142135623730951
700,19,12:41:17,12:41:22,1.4947825928876748
700,20,12:41:22,12:41:26,1.4568627181693672
800,1,12:41:26,12:41:32,0.7806247497997998
800,2,12:41:32,12:41:37,1.3169567191065923
800,3,12:41:37,12:41:43,1.4086784586980805
800,4,12:41:43,12:41:48,1.3919410907075054
800,5,12:41:48,12:41:53,1.224744871391589
800,6,12:41:53,12:41:58,1.2936264483053452
800,7,12:41:58,12:42:04,1.3228756555322954
800,8,12:42:04,12:42:09,0.9270248108869579
800,9,12:42:09,12:42:14,1.3635890143294642
800,10,12:42:14,12:42:20,1.1989578808281798
800,11,12:42:20,12:42:25,0.9921567416492215
800,12,12:42:25,12:42:30,0.8569568250501305
800,13,12:42:30,12:42:36,0.82915619758885
800,14,12:42:36,12:42:41,1.0
800,15,12:42:41,12:42:47,1.3919410907075054
800,16,12:42:47,12:42:52,0.9270248108869579
800,17,12:42:52,12:42:57,0.8569568250501305
800,18,12:42:57,12:43:02,0.9921567416492215
800,19,12:43:02,12:43:08,1.3919410907075054
800,20,12:43:08,12:43:14,0.9428090415820634
900,1,12:43:14,12:43:20,0.9270248108869579
900,2,12:43:20,12:43:26,1.165922381636102
900,3,12:43:26,12:43:32,0.8660254037844386
900,4,12:43:32,12:43:38,0.9921567416492215
900,5,12:43:38,12:43:45,1.0304020550550783
900,6,12:43:45,12:43:51,1.1110243021644486
900,7,12:43:51,12:43:56,0.9682458365518543
900,8,12:43:56,12:44:03,1.0532687216470449
900,9,12:44:03,12:44:09,0.82915619758885
900,10,12:44:09,12:44:15,0.8660254037844386
900,11,12:44:15,12:44:21,1.3228756555322954
900,12,12:44:21,12:44:27,0.9270248108869579
900,13,12:44:27,12:44:33,1.2183492931011204
900,14,12:44:33,12:44:39,0.9270248108869579
900,15,12:44:39,12:44:45,0.9270248108869579
900,16,12:44:45,12:44:51,1.3966450099973928
900,17,12:44:51,12:44:58,0.82915619758885
900,18,12:44:58,12:45:03,1.4523687548277813
900,19,12:45:03,12:45:09,0.82915619758885
900,20,12:45:09,12:45:15,0.9682458365518543
1000,1,12:45:15,12:45:22,1.1110243021644486
1000,2,12:45:22,12:45:28,1.165922381636102
1000,3,12:45:28,12:45:36,0.7806247497997998
1000,4,12:45:36,12:45:43,1.0532687216470449
1000,5,12:45:43,12:45:49,0.7806247497997998
1000,6,12:45:49,12:45:56,0.9270248108869579
1000,7,12:45:56,12:46:03,0.82915619758885
1000,8,12:46:03,12:46:10,1.1110243021644486
1000,9,12:46:10,12:46:16,1.0897247358851685
1000,10,12:46:16,12:46:23,1.299038105676658
1000,11,12:46:23,12:46:30,0.8569568250501305
1000,12,12:46:30,12:46:37,0.8569568250501305
1000,13,12:46:37,12:46:44,0.5994789404140899
1000,14,12:46:44,12:46:50,0.9682458365518543
1000,15,12:46:50,12:46:57,0.6614378277661477
1000,16,12:46:57,12:47:03,0.9682458365518543
1000,17,12:47:03,12:47:11,1.479019945774904
1000,18,12:47:11,12:47:17,1.0897247358851685
1000,19,12:47:17,12:47:24,0.9270248108869579
1000,20,12:47:24,12:47:30,1.5
100,1,15:48:19,15:48:20,0.9921567416492215
100,2,15:48:20,15:48:21,1.79843682124227
100,3,15:48:21,15:48:21,0.8569568250501305
100,4,15:48:21,15:48:22,1.6153559979150107
100,5,15:48:22,15:48:23,1.118033988749895
100,6,15:48:23,15:48:23,0.9162456945817022
100,7,15:48:23,15:48:24,1.3169567191065923
100,8,15:48:24,15:48:25,1.9116278371205837
100,9,15:48:25,15:48:25,1.0532687216470449
100,10,15:48:25,15:48:26,1.8328597873268975
100,11,15:48:26,15:48:26,1.3919410907075054
100,12,15:48:26,15:48:27,0.8569568250501305
100,13,15:48:27,15:48:28,1.5
100,14,15:48:28,15:48:28,1.0897247358851685
100,15,15:48:28,15:48:29,1.178030178747903
100,16,15:48:29,15:48:30,1.5811388300841898
100,17,15:48:30,15:48:30,1.5612494995995996
100,18,15:48:30,15:48:31,0.9270248108869579
100,19,15:48:31,15:48:32,1.0
100,20,15:48:32,15:48:32,1.0532687216470449
200,1,15:48:32,15:48:34,1.3919410907075054
200,2,15:48:34,15:48:35,0.9270248108869579
200,3,15:48:35,15:48:36,1.0
200,4,15:48:36,15:48:39,1.0532687216470449
200,5,15:48:39,15:48:40,1.1110243021644486
200,6,15:48:40,15:48:41,1.5360257159305635
200,7,15:48:41,15:48:43,0.9921567416492215
200,8,15:48:43,15:48:44,1.4947825928876748
200,9,15:48:44,15:48:45,1.1967032904743342
200,10,15:48:45,15:48:46,0.82915619758885
200,11,15:48:46,15:48:48,1.3635890143294642
200,12,15:48:48,15:48:49,0.82915619758885
200,13,15:48:49,15:48:50,0.7856742013183861
200,14,15:48:50,15:48:52,1.479019945774904
200,15,15:48:52,15:48:53,0.9921567416492215
200,16,15:48:53,15:48:54,0.9270248108869579
200,17,15:48:54,15:48:56,1.1110243021644486
200,18,15:48:56,15:48:57,0.9682458365518543
200,19,15:48:57,15:48:58,0.8569568250501305
200,20,15:48:58,15:48:59,1.3635890143294642
300,1,15:48:59,15:49:01,1.5360257159305635
300,2,15:49:01,15:49:03,0.9428090415820634
300,3,15:49:03,15:49:05,0.5994789404140899
300,4,15:49:05,15:49:07,0.9921567416492215
300,5,15:49:07,15:49:09,1.5360257159305635
300,6,15:49:09,15:49:11,1.0897247358851685
300,7,15:49:11,15:49:13,1.0532687216470449
300,8,15:49:13,15:49:16,0.7806247497997998
300,9,15:49:16,15:49:18,1.224744871391589
300,10,15:49:18,15:49:20,0.4330127018922193
300,11,15:49:20,15:49:22,1.1989578808281798
300,12,15:49:22,15:49:23,1.3635890143294642
300,13,15:49:23,15:49:25,1.0897247358851685
300,14,15:49:25,15:49:27,0.9270248108869579
300,15,15:49:27,15:49:29,1.1110243021644486
300,16,15:49:29,15:49:31,0.8660254037844386
300,17,15:49:31,15:49:33,1.2686114456365274
300,18,15:49:33,15:49:35,0.9162456945817022
300,19,15:49:35,15:49:37,0.9921567416492215
300,20,15:49:37,15:49:38,1.1989578808281798
400,1,15:49:38,15:49:41,0.9270248108869579
400,2,15:49:41,15:49:44,1.3919410907075054
400,3,15:49:44,15:49:46,0.8660254037844386
400,4,15:49:46,15:49:49,0.6614378277661477
400,5,15:49:49,15:49:51,1.0532687216470449
400,6,15:49:51,15:49:55,1.653594569415369
400,7,15:49:55,15:49:57,0.7806247497997998
400,8,15:49:57,15:50:00,0.9682458365518543
400,9,15:50:00,15:50:02,1.0897247358851685
400,10,15:50:02,15:50:05,0.9270248108869579
400,11,15:50:05,15:50:07,1.5761900266148114
400,12,15:50:07,15:50:10,0.9270248108869579
400,13,15:50:10,15:50:12,0.82915619758885
400,14,15:50:12,15:50:15,0.9682458365518543
400,15,15:50:15,15:50:17,1.224744871391589
400,16,15:50:17,15:50:20,1.0532687216470449
400,17,15:50:20,15:50:22,0.816496580927726
400,18,15:50:22,15:50:25,0.9682458365518543
400,19,15:50:25,15:50:27,0.7806247497997998
400,20,15:50:27,15:50:30,0.9270248108869579
500,1,15:50:30,15:50:34,0.8660254037844386
500,2,15:50:34,15:50:37,0.9682458365518543
500,3,15:50:37,15:50:41,0.82915619758885
500,4,15:50:41,15:50:44,1.224744871391589
500,5,15:50:44,15:50:47,0.9162456945817024
500,6,15:50:47,15:50:50,0.7806247497997998
500,7,15:50:50,15:50:53,0.8748897637790902
500,8,15:50:53,15:50:57,1.0897247358851685
500,9,15:50:57,15:51:00,0.9921567416492215
500,10,15:51:00,15:51:03,0.8660254037844386
500,11,15:51:03,15:51:07,0.7806247497997998
500,12,15:51:07,15:51:10,1.2686114456365274
500,13,15:51:10,15:51:13,1.299038105676658
500,14,15:51:13,15:51:17,1.0897247358851685
500,15,15:51:17,15:51:20,1.118033988749895
500,16,15:51:20,15:51:23,1.5761900266148114
500,17,15:51:23,15:51:26,1.4523687548277813
500,18,15:51:26,15:51:29,0.9270248108869579
500,19,15:51:29,15:51:32,1.0897247358851685
500,20,15:51:32,15:51:35,1.5612494995995996
600,1,15:51:35,15:51:39,0.9682458365518543
600,2,15:51:39,15:51:43,0.82915619758885
600,3,15:51:43,15:51:48,1.0897247358851685
600,4,15:51:48,15:51:52,0.8660254037844386
600,5,15:51:52,15:51:56,0.9921567416492215
600,6,15:51:56,15:52:00,0.8748897637790901
600,7,15:52:00,15:52:03,0.989743318610787
600,8,15:52:03,15:52:07,0.8569568250501305
600,9,15:52:07,15:52:11,1.0897247358851685
600,10,15:52:11,15:52:15,0.8314794192830981
600,11,15:52:15,15:52:19,0.4841229182759271
600,12,15:52:19,15:52:24,0.816496580927726
600,13,15:52:24,15:52:28,0.9682458365518543
600,14,15:52:28,15:52:31,0.9921567416492215
600,15,15:52:31,15:52:35,0.9682458365518543
600,16,15:52:35,15:52:39,0.8569568250501305
600,17,15:52:39,15:52:43,0.8660254037844386
600,18,15:52:43,15:52:46,1.299038105676658
600,19,15:52:46,15:52:50,0.9270248108869579
600,20,15:52:50,15:52:54,1.653594569415369
700,1,15:52:54,15:53:00,0.9682458365518543
700,2,15:53:00,15:53:04,0.9921567416492215
700,3,15:53:04,15:53:08,0.9270248108869579
700,4,15:53:08,15:53:13,1.3169567191065923
700,5,15:53:13,15:53:18,1.0999438818457405
700,6,15:53:18,15:53:22,0.8660254037844386
700,7,15:53:22,15:53:26,1.118033988749895
700,8,15:53:26,15:53:31,1.0
700,9,15:53:31,15:53:36,1.0532687216470449
700,10,15:53:36,15:53:41,1.749635530559413
700,11,15:53:41,15:53:45,0.9921567416492215
700,12,15:53:45,15:53:49,1.4523687548277813
700,13,15:53:49,15:53:54,0.8569568250501305
700,14,15:53:54,15:53:58,1.0897247358851685
700,15,15:53:58,15:54:03,1.0
700,16,15:54:03,15:54:07,0.9682458365518543
700,17,15:54:07,15:54:11,1.0532687216470449
700,18,15:54:11,15:54:17,0.9270248108869579
700,19,15:54:17,15:54:21,1.3169567191065923
700,20,15:54:21,15:54:26,1.4523687548277813
800,1,15:54:26,15:54:31,1.2686114456365274
800,2,15:54:31,15:54:36,0.8569568250501305
800,3,15:54:36,15:54:41,1.3169567191065923
800,4,15:54:41,15:54:45,1.3850513878332367
800,5,15:54:45,15:54:50,1.0897247358851685
800,6,15:54:50,15:54:57,0.9270248108869579
800,7,15:54:57,15:55:02,0.9270248108869579
800,8,15:55:02,15:55:07,0.9270248108869579
800,9,15:55:07,15:55:12,0.82915619758885
800,10,15:55:12,15:55:17,0.7071067811865476
800,11,15:55:17,15:55:22,1.0897247358851685
800,12,15:55:22,15:55:27,0.82915619758885
800,13,15:55:27,15:55:32,1.299038105676658
800,14,15:55:32,15:55:38,0.9270248108869579
800,15,15:55:38,15:55:43,1.0897247358851685
800,16,15:55:43,15:55:48,1.0
800,17,15:55:48,15:55:53,0.9921567416492215
800,18,15:55:53,15:55:58,0.82915619758885
800,19,15:55:58,15:56:03,1.1989578808281798
800,20,15:56:03,15:56:08,1.1989578808281798
900,1,15:56:08,15:56:13,1.3635890143294642
900,2,15:56:13,15:56:21,1.4523687548277813
900,3,15:56:21,15:56:26,0.9270248108869579
900,4,15:56:26,15:56:32,1.5
900,5,15:56:32,15:56:38,0.7806247497997998
900,6,15:56:38,15:56:43,1.0532687216470449
900,7,15:56:43,15:56:49,1.4523687548277813
900,8,15:56:49,15:56:55,0.9270248108869579
900,9,15:56:55,15:57:02,0.8660254037844386
900,10,15:57:02,15:57:07,0.8569568250501305
900,11,15:57:07,15:57:13,1.2183492931011204
900,12,15:57:13,15:57:18,1.165922381636102
900,13,15:57:18,15:57:24,0.9270248108869579
900,14,15:57:24,15:57:30,1.0
900,15,15:57:30,15:57:35,0.82915619758885
900,16,15:57:35,15:57:43,0.9682458365518543
900,17,15:57:43,15:57:49,0.9682458365518543
900,18,15:57:49,15:57:55,0.7856742013183862
900,19,15:57:55,15:58:00,1.5
900,20,15:58:00,15:58:06,1.0532687216470449
1000,1,15:58:06,15:58:12,0.8660254037844386
1000,2,15:58:12,15:58:20,1.118033988749895
1000,3,15:58:20,15:58:26,0.5994789404140899
1000,4,15:58:26,15:58:32,1.3169567191065923
1000,5,15:58:32,15:58:39,0.816496580927726
1000,6,15:58:39,15:58:45,1.3169567191065923
1000,7,15:58:45,15:58:52,0.9921567416492215
1000,8,15:58:52,15:58:59,1.8666480653835098
1000,9,15:58:59,15:59:05,1.5761900266148114
1000,10,15:59:05,15:59:11,0.9682458365518543
1000,11,15:59:11,15:59:17,1.0
1000,12,15:59:17,15:59:24,0.9270248108869579
1000,13,15:59:24,15:59:30,0.7806247497997998
1000,14,15:59:30,15:59:37,1.165922381636102
1000,15,15:59:37,15:59:44,0.9270248108869579
1000,16,15:59:44,15:59:50,0.9270248108869579
1000,17,15:59:50,15:59:57,0.8748897637790901
1000,18,15:59:57,16:00:03,1.2183492931011204
1000,19,16:00:03,16:00:10,0.9270248108869579
1000,20,16:00:10,16:00:17,0.7806247497997998
100,1,19:01:58,19:01:59,0.82915619758885
100,2,19:01:59,19:01:59,0.7806247497997998
100,3,19:01:59,19:02:00,0.9270248108869579
100,4,19:02:00,19:02:01,1.479019945774904
100,5,19:02:01,19:02:01,1.2686114456365274
100,6,19:02:01,19:02:02,1.4142135623730951
100,7,19:02:02,19:02:02,0.8660254037844386
100,8,19:02:02,19:02:03,1.299038105676658
100,9,19:02:03,19:02:04,1.2183492931011204
100,10,19:02:04,19:02:04,2.0
100,11,19:02:04,19:02:05,1.1989578808281798
100,12,19:02:05,19:02:06,0.8660254037844386
100,13,19:02:06,19:02:06,1.0
100,14,19:02:06,19:02:07,1.0897247358851685
100,15,19:02:07,19:02:08,1.8027756377319946
100,16,19:02:08,19:02:08,1.0897247358851685
100,17,19:02:08,19:02:09,1.1110243021644486
100,18,19:02:09,19:02:10,1.1110243021644486
100,19,19:02:10,19:02:10,0.9270248108869579
100,20,19:02:10,19:02:11,1.1989578808281798
200,1,19:02:11,19:02:12,1.1110243021644486
200,2,19:02:12,19:02:13,1.2183492931011204
200,3,19:02:13,19:02:16,1.299038105676658
200,4,19:02:16,19:02:17,0.8569568250501305
200,5,19:02:17,19:02:19,0.9270248108869579
200,6,19:02:19,19:02:20,0.9682458365518543
200,7,19:02:20,19:02:21,0.9162456945817024
200,8,19:02:21,19:02:22,0.8660254037844386
200,9,19:02:22,19:02:24,0.9558139185602919
200,10,19:02:24,19:02:25,1.2183492931011204
200,11,19:02:25,19:02:26,1.5811388300841898
200,12,19:02:26,19:02:28,0.7071067811865476
200,13,19:02:28,19:02:29,1.479019945774904
200,14,19:02:29,19:02:30,0.9428090415820634
200,15,19:02:30,19:02:31,0.8569568250501305
200,16,19:02:31,19:02:33,1.0
200,17,19:02:33,19:02:34,1.165922381636102
200,18,19:02:34,19:02:35,0.9270248108869579
200,19,19:02:35,19:02:36,1.165922381636102
200,20,19:02:36,19:02:38,1.3228756555322954
300,1,19:02:38,19:02:39,0.82915619758885
300,2,19:02:39,19:02:41,1.4740554623801778
300,3,19:02:41,19:02:43,1.0
300,4,19:02:43,19:02:45,1.4947825928876748
300,5,19:02:45,19:02:47,1.3919410907075054
300,6,19:02:47,19:02:49,1.5612494995995996
300,7,19:02:49,19:02:51,0.9270248108869579
300,8,19:02:51,19:02:53,0.8569568250501305
300,9,19:02:53,19:02:55,1.299038105676658
300,10,19:02:55,19:02:56,1.3635890143294642
300,11,19:02:56,19:02:58,0.6614378277661477
300,12,19:02:58,19:03:00,0.8569568250501305
300,13,19:03:00,19:03:04,0.9682458365518543
300,14,19:03:04,19:03:06,1.0897247358851685
300,15,19:03:06,19:03:08,0.8660254037844386
300,16,19:03:08,19:03:09,0.8569568250501305
300,17,19:03:09,19:03:11,0.6388765649999398
300,18,19:03:11,19:03:13,0.9270248108869579
300,19,19:03:13,19:03:15,0.9921567416492215
300,20,19:03:15,19:03:17,0.9682458365518543
400,1,19:03:17,19:03:19,0.7806247497997998
400,2,19:03:19,19:03:22,0.8569568250501305
400,3,19:03:22,19:03:25,0.831479419283098
400,4,19:03:25,19:03:27,0.9682458365518543
400,5,19:03:27,19:03:30,0.7806247497997998
400,6,19:03:30,19:03:32,0.9270248108869579
400,7,19:03:32,19:03:35,0.8660254037844386
400,8,19:03:35,19:03:37,1.2862041003100249
400,9,19:03:37,19:03:40,0.8660254037844386
400,10,19:03:40,19:03:42,1.5761900266148114
400,11,19:03:42,19:03:45,0.9921567416492215
400,12,19:03:45,19:03:47,0.9921567416492215
400,13,19:03:47,19:03:51,0.7071067811865476
400,14,19:03:51,19:03:54,1.0532687216470449
400,15,19:03:54,19:03:56,1.4523687548277813
400,16,19:03:56,19:03:59,1.5612494995995996
400,17,19:03:59,19:04:01,1.3228756555322954
400,18,19:04:01,19:04:04,1.984313483298443
400,19,19:04:04,19:04:06,0.9682458365518543
400,20,19:04:06,19:04:09,1.0897247358851685
500,1,19:04:09,19:04:12,1.3228756555322954
500,2,19:04:12,19:04:15,0.6998542122237651
500,3,19:04:15,19:04:18,1.3169567191065923
500,4,19:04:18,19:04:21,0.8660254037844386
500,5,19:04:21,19:04:24,1.4086784586980805
500,6,19:04:24,19:04:28,1.0897247358851685
500,7,19:04:28,19:04:31,1.4086784586980805
500,8,19:04:31,19:04:34,1.7320508075688772
500,9,19:04:34,19:04:37,0.8660254037844386
500,10,19:04:37,19:04:40,1.299038105676658
500,11,19:04:40,19:04:45,0.8569568250501305
500,12,19:04:45,19:04:48,1.165922381636102
500,13,19:04:48,19:04:51,0.8569568250501305
500,14,19:04:51,19:04:54,1.1110243021644486
500,15,19:04:54,19:04:57,1.1110243021644486
500,16,19:04:57,19:05:00,0.9682458365518543
500,17,19:05:00,19:05:04,1.1110243021644486
500,18,19:05:04,19:05:07,1.653594569415369
500,19,19:05:07,19:05:10,1.479019945774904
500,20,19:05:10,19:05:13,1.653594569415369
600,1,19:05:13,19:05:17,0.82915619758885
600,2,19:05:17,19:05:21,0.8569568250501305
600,3,19:05:21,19:05:24,0.82915619758885
600,4,19:05:24,19:05:28,0.6959705453537527
600,5,19:05:28,19:05:32,0.9921567416492215
600,6,19:05:32,19:05:37,1.0897247358851685
600,7,19:05:37,19:05:41,0.6959705453537527
600,8,19:05:41,19:05:45,0.7370277311900889
600,9,19:05:45,19:05:48,1.1989578808281798
600,10,19:05:48,19:05:52,0.6959705453537527
600,11,19:05:52,19:05:56,1.1110243021644486
600,12,19:05:56,19:06:00,1.3169567191065923
600,13,19:06:00,19:06:03,1.1110243021644486
600,14,19:06:03,19:06:07,1.2686114456365274
600,15,19:06:07,19:06:11,0.8569568250501305
600,16,19:06:11,19:06:15,0.8569568250501305
600,17,19:06:15,19:06:18,0.9682458365518543
600,18,19:06:18,19:06:24,0.8660254037844386
600,19,19:06:24,19:06:27,0.9270248108869579
600,20,19:06:27,19:06:31,0.9682458365518543
700,1,19:06:31,19:06:36,1.0897247358851685
700,2,19:06:36,19:06:40,1.7853571071357126
700,3,19:06:40,19:06:44,0.9921567416492215
700,4,19:06:44,19:06:49,1.4142135623730951
700,5,19:06:49,19:06:53,0.7071067811865476
700,6,19:06:53,19:06:57,0.8660254037844386
700,7,19:06:57,19:07:02,1.6153559979150107
700,8,19:07:02,19:07:06,0.82915619758885
700,9,19:07:06,19:07:10,0.8569568250501305
700,10,19:07:10,19:07:17,1.1653431646335017
700,11,19:07:17,19:07:21,1.0
700,12,19:07:21,19:07:25,0.5
700,13,19:07:25,19:07:29,0.9921567416492215
700,14,19:07:29,19:07:34,1.4523687548277813
700,15,19:07:34,19:07:38,1.0532687216470449
700,16,19:07:38,19:07:43,1.299038105676658
700,17,19:07:43,19:07:47,0.9270248108869579
700,18,19:07:47,19:07:51,1.3919410907075054
700,19,19:07:51,19:07:56,0.6614378277661477
700,20,19:07:56,19:08:00,0.7806247497997998
800,1,19:08:00,19:08:07,0.9270248108869579
800,2,19:08:07,19:08:12,0.5994789404140899
800,3,19:08:12,19:08:17,0.6959705453537527
800,4,19:08:17,19:08:22,0.8660254037844386
800,5,19:08:22,19:08:27,0.6959705453537527
800,6,19:08:27,19:08:32,1.5612494995995996
800,7,19:08:32,19:08:37,0.7806247497997998
800,8,19:08:37,19:08:42,1.0897247358851685
800,9,19:08:42,19:08:47,1.0532687216470449
800,10,19:08:47,19:08:51,0.9921567416492215
800,11,19:08:51,19:08:58,0.9270248108869579
800,12,19:08:58,19:09:03,1.1110243021644486
800,13,19:09:03,19:09:08,1.0897247358851685
800,14,19:09:08,19:09:13,1.0897247358851685
800,15,19:09:13,19:09:18,1.1110243021644486
800,16,19:09:18,19:09:23,1.0897247358851685
800,17,19:09:23,19:09:28,0.4841229182759271
800,18,19:09:28,19:09:33,0.8660254037844386
800,19,19:09:33,19:09:38,0.9270248108869579
800,20,19:09:38,19:09:43,0.9921567416492215
900,1,19:09:43,19:09:48,0.8569568250501305
900,2,19:09:48,19:09:56,0.7806247497997998
900,3,19:09:56,19:10:01,1.1110243021644486
900,4,19:10:01,19:10:07,0.8660254037844386
900,5,19:10:07,19:10:13,0.9682458365518543
900,6,19:10:13,19:10:18,0.7806247497997998
900,7,19:10:18,19:10:24,1.4523687548277813
900,8,19:10:24,19:10:29,0.9270248108869579
900,9,19:10:29,19:10:35,0.82915619758885
900,10,19:10:35,19:10:41,0.8660254037844386
900,11,19:10:41,19:10:48,1.0
900,12,19:10:48,19:10:53,0.6614378277661477
900,13,19:10:53,19:10:59,0.82915619758885
900,14,19:10:59,19:11:05,0.82915619758885
900,15,19:11:05,19:11:10,0.9270248108869579
900,16,19:11:10,19:11:16,0.9921567416492215
900,17,19:11:16,19:11:21,0.9682458365518543
900,18,19:11:21,19:11:27,0.9682458365518543
900,19,19:11:27,19:11:33,0.4841229182759271
900,20,19:11:33,19:11:40,0.6959705453537527
1000,1,19:11:40,19:11:46,0.6614378277661477
1000,2,19:11:46,19:11:52,1.2183492931011204
1000,3,19:11:52,19:11:59,0.9270248108869579
1000,4,19:11:59,19:12:05,0.9270248108869579
1000,5,19:12:05,19:12:11,0.9270248108869579
1000,6,19:12:11,19:12:17,0.7806247497997998
1000,7,19:12:17,19:12:24,0.8569568250501305
1000,8,19:12:24,19:12:31,0.9270248108869579
1000,9,19:12:31,19:12:38,0.7806247497997998
1000,10,19:12:38,19:12:44,1.1989578808281798
1000,11,19:12:44,19:12:50,0.816496580927726
1000,12,19:12:50,19:12:57,1.1331154474650633
1000,13,19:12:57,19:13:03,0.8569568250501305
1000,14,19:13:03,19:13:11,0.8660254037844386
1000,15,19:13:11,19:13:17,0.7071067811865476
1000,16,19:13:17,19:13:23,0.8660254037844386
1000,17,19:13:23,19:13:30,0.82915619758885
1000,18,19:13:30,19:13:36,0.82915619758885
1000,19,19:13:36,19:13:43,0.9270248108869579
1000,20,19:13:43,19:13:49,0.6614378277661477
